elapsed time,timestamp,topic,value
5.359,1772609209.254000000,/odom_rf2o_adapted.pose.pose.orientation.z,-0.001279941206799324
5.691,1772609209.586000000,/odom_rf2o_adapted.pose.pose.orientation.z,-0.001107307841446488
5.691,1772609209.586000000,/odom_rf2o_adapted.pose.pose.orientation.z,-0.0009346744430933085
5.779,1772609209.674000000,/odom_rf2o_adapted.pose.pose.orientation.z,-0.0005894075679654218
5.868,1772609209.763000000,/odom_rf2o_adapted.pose.pose.orientation.z,-0.0005894075679654218
6.024,1772609209.919000000,/odom_rf2o_adapted.pose.pose.orientation.z,-0.0007620410168846607
6.218,1772609210.113000000,/odom_rf2o_adapted.pose.pose.orientation.z,-0.0007620410168846607
6.328,1772609210.223000000,/odom_rf2o_adapted.pose.pose.orientation.z,-0.0007620410168846607
6.424,1772609210.319000000,/odom_rf2o_adapted.pose.pose.orientation.z,-0.0005894075679654218
6.523,1772609210.418000000,/odom_rf2o_adapted.pose.pose.orientation.z,-0.0005894075679654218
6.627,1772609210.522000000,/odom_rf2o_adapted.pose.pose.orientation.z,-0.0005894075679654218
6.693,1772609210.588000000,/odom_rf2o_adapted.pose.pose.orientation.z,-0.0005894075679654218
6.788,1772609210.683000000,/odom_rf2o_adapted.pose.pose.orientation.z,-0.0005894075679654218
6.859,1772609210.754000000,/odom_rf2o_adapted.pose.pose.orientation.z,-0.0007620410168846607
7.057,1772609210.952000000,/odom_rf2o_adapted.pose.pose.orientation.z,-0.0004630310848443134
7.127,1772609211.022000000,/odom_rf2o_adapted.pose.pose.orientation.z,-0.0006356645471271388
7.287,1772609211.182000000,/odom_rf2o_adapted.pose.pose.orientation.z,-0.0006356645471271388
7.364,1772609211.259000000,/odom_rf2o_adapted.pose.pose.orientation.z,-0.0008798051014326555
7.459,1772609211.354000000,/odom_rf2o_adapted.pose.pose.orientation.z,-0.0011239456032977018
7.625,1772609211.520000000,/odom_rf2o_adapted.pose.pose.orientation.z,-0.0011239456032977018
7.723,1772609211.618000000,/odom_rf2o_adapted.pose.pose.orientation.z,-0.0011239456032977018
7.8580000000000005,1772609211.753000000,/odom_rf2o_adapted.pose.pose.orientation.z,-0.0011239456032977018
8.035,1772609211.930000000,/odom_rf2o_adapted.pose.pose.orientation.z,-0.0011239456032977018
8.103,1772609211.998000000,/odom_rf2o_adapted.pose.pose.orientation.z,-0.0012965789651982718
8.131,1772609212.026000000,/odom_rf2o_adapted.pose.pose.orientation.z,-0.0012965789651982718
8.229,1772609212.124000000,/odom_rf2o_adapted.pose.pose.orientation.z,-0.0012965789651982718
8.355,1772609212.250000000,/odom_rf2o_adapted.pose.pose.orientation.z,-0.0012965789651982718
8.503,1772609212.398000000,/odom_rf2o_adapted.pose.pose.orientation.z,-0.0011239456032977016
8.637,1772609212.532000000,/odom_rf2o_adapted.pose.pose.orientation.z,-0.0013680860381703702
8.731,1772609212.626000000,/odom_rf2o_adapted.pose.pose.orientation.z,-0.0013680860381703702
8.997,1772609212.892000000,/odom_rf2o_adapted.pose.pose.orientation.z,-0.0013680860381703702
9.074,1772609212.969000000,/odom_rf2o_adapted.pose.pose.orientation.z,-0.0013680860381703702
9.156,1772609213.051000000,/odom_rf2o_adapted.pose.pose.orientation.z,-0.0011954526916512758
9.329,1772609213.224000000,/odom_rf2o_adapted.pose.pose.orientation.z,-0.0009513122079009443
9.441,1772609213.336000000,/odom_rf2o_adapted.pose.pose.orientation.z,-0.0009513122079009443
9.6,1772609213.495000000,/odom_rf2o_adapted.pose.pose.orientation.z,-0.0009513122079009443
9.688,1772609213.583000000,/odom_rf2o_adapted.pose.pose.orientation.z,-0.0009513122079009443
9.865,1772609213.760000000,/odom_rf2o_adapted.pose.pose.orientation.z,-0.001123945603297702
9.937,1772609213.832000000,/odom_rf2o_adapted.pose.pose.orientation.z,-0.0009513122079009443
10.066,1772609213.961000000,/odom_rf2o_adapted.pose.pose.orientation.z,-0.0009513122079009443
10.209,1772609214.104000000,/odom_rf2o_adapted.pose.pose.orientation.z,-0.0009513122079009443
10.326,1772609214.221000000,/odom_rf2o_adapted.pose.pose.orientation.z,-0.0009513122079009443
10.413,1772609214.308000000,/odom_rf2o_adapted.pose.pose.orientation.z,-0.0009513122079009443
10.465,1772609214.360000000,/odom_rf2o_adapted.pose.pose.orientation.z,-0.0009513122079009443
10.588000000000001,1772609214.483000000,/odom_rf2o_adapted.pose.pose.orientation.z,-0.0009513122079009443
10.659,1772609214.554000000,/odom_rf2o_adapted.pose.pose.orientation.z,-0.0009513122079009443
10.758,1772609214.653000000,/odom_rf2o_adapted.pose.pose.orientation.z,-0.0011954526916512758
10.928,1772609214.823000000,/odom_rf2o_adapted.pose.pose.orientation.z,-0.0011954526916512758
11.057,1772609214.952000000,/odom_rf2o_adapted.pose.pose.orientation.z,-0.0011954526916512758
11.19,1772609215.085000000,/odom_rf2o_adapted.pose.pose.orientation.z,-0.0011954526916512758
11.363,1772609215.258000000,/odom_rf2o_adapted.pose.pose.orientation.z,-0.0013680860381703702
11.634,1772609215.529000000,/odom_rf2o_adapted.pose.pose.orientation.z,-0.0013680860381703702
11.727,1772609215.622000000,/odom_rf2o_adapted.pose.pose.orientation.z,-0.0013680860381703702
23.513,1772609227.408000000,/odom_rf2o_adapted.pose.pose.orientation.z,-0.0011954526916512758
23.559,1772609227.454000000,/odom_rf2o_adapted.pose.pose.orientation.z,-0.0011954526916512758
23.571,1772609227.466000000,/odom_rf2o_adapted.pose.pose.orientation.z,-0.0011954526916512758
23.715,1772609227.610000000,/odom_rf2o_adapted.pose.pose.orientation.z,-0.0011954526916512758
23.721,1772609227.616000000,/odom_rf2o_adapted.pose.pose.orientation.z,-0.0014395931041470747
23.723,1772609227.618000000,/odom_rf2o_adapted.pose.pose.orientation.z,-0.0016122263914987568
23.723,1772609227.618000000,/odom_rf2o_adapted.pose.pose.orientation.z,-0.0016122263914987568
23.723,1772609227.618000000,/odom_rf2o_adapted.pose.pose.orientation.z,-0.0018563666487309623
23.723,1772609227.618000000,/odom_rf2o_adapted.pose.pose.orientation.z,-0.0018563666487309623
23.723,1772609227.618000000,/odom_rf2o_adapted.pose.pose.orientation.z,-0.0018563666487309623
23.723,1772609227.618000000,/odom_rf2o_adapted.pose.pose.orientation.z,-0.0018563666487309623
23.723,1772609227.618000000,/odom_rf2o_adapted.pose.pose.orientation.z,-0.0018563666487309623
23.723,1772609227.618000000,/odom_rf2o_adapted.pose.pose.orientation.z,-0.0018563666487309623
23.723,1772609227.618000000,/odom_rf2o_adapted.pose.pose.orientation.z,-0.0018563666487309623
23.723,1772609227.618000000,/odom_rf2o_adapted.pose.pose.orientation.z,-0.0016837334308364388
23.776,1772609227.671000000,/odom_rf2o_adapted.pose.pose.orientation.z,-0.0015111001627627504
23.776,1772609227.671000000,/odom_rf2o_adapted.pose.pose.orientation.z,-0.0015111001627627504
23.776,1772609227.671000000,/odom_rf2o_adapted.pose.pose.orientation.z,-0.0016837334308364385
23.776,1772609227.671000000,/odom_rf2o_adapted.pose.pose.orientation.z,-0.0016837334308364385
23.776,1772609227.671000000,/odom_rf2o_adapted.pose.pose.orientation.z,-0.001856366648730962
23.776,1772609227.671000000,/odom_rf2o_adapted.pose.pose.orientation.z,-0.001856366648730962
23.776,1772609227.671000000,/odom_rf2o_adapted.pose.pose.orientation.z,-0.001856366648730962
23.776,1772609227.671000000,/odom_rf2o_adapted.pose.pose.orientation.z,-0.001856366648730962
23.777,1772609227.672000000,/odom_rf2o_adapted.pose.pose.orientation.z,-0.0016122263914987564
23.777,1772609227.672000000,/odom_rf2o_adapted.pose.pose.orientation.z,-0.00136808603817037
23.777,1772609227.672000000,/odom_rf2o_adapted.pose.pose.orientation.z,-0.001540719343917325
23.777,1772609227.672000000,/odom_rf2o_adapted.pose.pose.orientation.z,-0.00136808603817037
23.777,1772609227.672000000,/odom_rf2o_adapted.pose.pose.orientation.z,-0.00136808603817037
23.777,1772609227.672000000,/odom_rf2o_adapted.pose.pose.orientation.z,-0.00136808603817037
23.777,1772609227.672000000,/odom_rf2o_adapted.pose.pose.orientation.z,-0.00136808603817037
23.777,1772609227.672000000,/odom_rf2o_adapted.pose.pose.orientation.z,-0.00136808603817037
23.777,1772609227.672000000,/odom_rf2o_adapted.pose.pose.orientation.z,-0.0011239456032977016
23.777,1772609227.672000000,/odom_rf2o_adapted.pose.pose.orientation.z,-0.0012965789651982716
23.777,1772609227.672000000,/odom_rf2o_adapted.pose.pose.orientation.z,-0.0010524385091970898
23.777,1772609227.672000000,/odom_rf2o_adapted.pose.pose.orientation.z,-0.0010524385091970898
23.777,1772609227.672000000,/odom_rf2o_adapted.pose.pose.orientation.z,-0.0012965789651982714
23.777,1772609227.672000000,/odom_rf2o_adapted.pose.pose.orientation.z,-0.0010524385091970898
23.777,1772609227.672000000,/odom_rf2o_adapted.pose.pose.orientation.z,-0.0010524385091970898
23.827,1772609227.722000000,/odom_rf2o_adapted.pose.pose.orientation.z,-0.0010524385091970898
23.827,1772609227.722000000,/odom_rf2o_adapted.pose.pose.orientation.z,-0.0010524385091970898
23.827,1772609227.722000000,/odom_rf2o_adapted.pose.pose.orientation.z,-0.0010524385091970898
23.827,1772609227.722000000,/odom_rf2o_adapted.pose.pose.orientation.z,-0.0010524385091970898
23.828,1772609227.723000000,/odom_rf2o_adapted.pose.pose.orientation.z,-0.0012965789651982714
23.828,1772609227.723000000,/odom_rf2o_adapted.pose.pose.orientation.z,-0.0011239456032977014
23.828,1772609227.723000000,/odom_rf2o_adapted.pose.pose.orientation.z,-0.0011239456032977014
23.828,1772609227.723000000,/odom_rf2o_adapted.pose.pose.orientation.z,-0.0011239456032977014
23.828,1772609227.723000000,/odom_rf2o_adapted.pose.pose.orientation.z,-0.0011239456032977014
23.828,1772609227.723000000,/odom_rf2o_adapted.pose.pose.orientation.z,-0.0011239456032977014
23.828,1772609227.723000000,/odom_rf2o_adapted.pose.pose.orientation.z,-0.0011239456032977014
23.828,1772609227.723000000,/odom_rf2o_adapted.pose.pose.orientation.z,-0.0011239456032977014
23.828,1772609227.723000000,/odom_rf2o_adapted.pose.pose.orientation.z,-0.0007786787841528743
23.828,1772609227.723000000,/odom_rf2o_adapted.pose.pose.orientation.z,-0.0007786787841528743
23.828,1772609227.723000000,/odom_rf2o_adapted.pose.pose.orientation.z,-0.0011239456032977016
23.828,1772609227.723000000,/odom_rf2o_adapted.pose.pose.orientation.z,-0.0007786787841528746
23.828,1772609227.723000000,/odom_rf2o_adapted.pose.pose.orientation.z,-0.0007786787841528746
23.828,1772609227.723000000,/odom_rf2o_adapted.pose.pose.orientation.z,-0.0007786787841528746
23.828,1772609227.723000000,/odom_rf2o_adapted.pose.pose.orientation.z,-0.0007786787841528746
23.828,1772609227.723000000,/odom_rf2o_adapted.pose.pose.orientation.z,-0.0010776886434852426
23.828,1772609227.723000000,/odom_rf2o_adapted.pose.pose.orientation.z,-0.0009050552399871866
23.886,1772609227.781000000,/odom_rf2o_adapted.pose.pose.orientation.z,-0.0009050552399871866
23.886,1772609227.781000000,/odom_rf2o_adapted.pose.pose.orientation.z,-0.0009050552399871866
23.886,1772609227.781000000,/odom_rf2o_adapted.pose.pose.orientation.z,-0.0012040650618577542
23.886,1772609227.781000000,/odom_rf2o_adapted.pose.pose.orientation.z,-0.0015493317100429
23.886,1772609227.781000000,/odom_rf2o_adapted.pose.pose.orientation.z,-0.0013051913343157967
23.886,1772609227.781000000,/odom_rf2o_adapted.pose.pose.orientation.z,-0.0010610508807932279
23.886,1772609227.781000000,/odom_rf2o_adapted.pose.pose.orientation.z,-0.0012336842554930654
23.886,1772609227.781000000,/odom_rf2o_adapted.pose.pose.orientation.z,-0.0012336842554930654
23.886,1772609227.781000000,/odom_rf2o_adapted.pose.pose.orientation.z,-0.0012336842554930654
23.886,1772609227.781000000,/odom_rf2o_adapted.pose.pose.orientation.z,-0.0012336842554930654
23.886,1772609227.781000000,/odom_rf2o_adapted.pose.pose.orientation.z,-0.0010610508807932276
23.886,1772609227.781000000,/odom_rf2o_adapted.pose.pose.orientation.z,-0.0013051913343157962
23.887,1772609227.782000000,/odom_rf2o_adapted.pose.pose.orientation.z,-0.0013051913343157962
23.887,1772609227.782000000,/odom_rf2o_adapted.pose.pose.orientation.z,-0.0013051913343157962
23.887,1772609227.782000000,/odom_rf2o_adapted.pose.pose.orientation.z,-0.0014778246555128328
23.887,1772609227.782000000,/odom_rf2o_adapted.pose.pose.orientation.z,-0.0012336842554930654
24.051,1772609227.946000000,/odom_rf2o_adapted.pose.pose.orientation.z,-0.0012336842554930654
24.051,1772609227.946000000,/odom_rf2o_adapted.pose.pose.orientation.z,-0.0016197040871022126
24.111,1772609228.006000000,/odom_rf2o_adapted.pose.pose.orientation.z,-0.0016197040871022126
24.149,1772609228.044000000,/odom_rf2o_adapted.pose.pose.orientation.z,-0.0016197040871022126
24.256,1772609228.151000000,/odom_rf2o_adapted.pose.pose.orientation.z,-0.0017923373242083257
24.361,1772609228.256000000,/odom_rf2o_adapted.pose.pose.orientation.z,-0.0017923373242083257
24.558,1772609228.453000000,/odom_rf2o_adapted.pose.pose.orientation.z,-0.0017923373242083257
24.583,1772609228.478000000,/odom_rf2o_adapted.pose.pose.orientation.z,-0.0017923373242083257
24.676,1772609228.571000000,/odom_rf2o_adapted.pose.pose.orientation.z,-0.0017923373242083257
24.78,1772609228.675000000,/odom_rf2o_adapted.pose.pose.orientation.z,-0.0017923373242083257
24.852,1772609228.747000000,/odom_rf2o_adapted.pose.pose.orientation.z,-0.0020364775012192875
24.948,1772609228.843000000,/odom_rf2o_adapted.pose.pose.orientation.z,-0.0020364775012192875
25.055,1772609228.950000000,/odom_rf2o_adapted.pose.pose.orientation.z,-0.0020364775012192875
25.21,1772609229.105000000,/odom_rf2o_adapted.pose.pose.orientation.z,-0.0020364775012192875
25.276,1772609229.171000000,/odom_rf2o_adapted.pose.pose.orientation.z,-0.0020364775012192875
25.377,1772609229.272000000,/odom_rf2o_adapted.pose.pose.orientation.z,-0.0020364775012192875
25.479,1772609229.374000000,/odom_rf2o_adapted.pose.pose.orientation.z,-0.0020364775012192875
25.577,1772609229.472000000,/odom_rf2o_adapted.pose.pose.orientation.z,-0.0020364775012192875
25.645,1772609229.540000000,/odom_rf2o_adapted.pose.pose.orientation.z,-0.0020364775012192875
25.776,1772609229.671000000,/odom_rf2o_adapted.pose.pose.orientation.z,-0.0020364775012192875
25.907,1772609229.802000000,/odom_rf2o_adapted.pose.pose.orientation.z,-0.0020364775012192875
25.987000000000002,1772609229.882000000,/odom_rf2o_adapted.pose.pose.orientation.z,-0.0020364775012192875
26.11,1772609230.005000000,/odom_rf2o_adapted.pose.pose.orientation.z,-0.0018638443411614404
26.208,1772609230.103000000,/odom_rf2o_adapted.pose.pose.orientation.z,-0.0018638443411614404
26.272,1772609230.167000000,/odom_rf2o_adapted.pose.pose.orientation.z,-0.0018638443411614404
26.406,1772609230.301000000,/odom_rf2o_adapted.pose.pose.orientation.z,-0.0018638443411614404
26.554,1772609230.449000000,/odom_rf2o_adapted.pose.pose.orientation.z,-0.001691211125556705
33.422,1772609237.317000000,/odom_rf2o_adapted.pose.pose.orientation.z,-0.002036477501219288
33.422,1772609237.317000000,/odom_rf2o_adapted.pose.pose.orientation.z,-0.002036477501219288
33.422,1772609237.317000000,/odom_rf2o_adapted.pose.pose.orientation.z,-0.002036477501219288
33.422,1772609237.317000000,/odom_rf2o_adapted.pose.pose.orientation.z,-0.0018638443411614406
33.422,1772609237.317000000,/odom_rf2o_adapted.pose.pose.orientation.z,-0.0016197040871022126
33.424,1772609237.319000000,/odom_rf2o_adapted.pose.pose.orientation.z,-0.0017774391698887587
33.424,1772609237.319000000,/odom_rf2o_adapted.pose.pose.orientation.z,-0.0017774391698887587
33.424,1772609237.319000000,/odom_rf2o_adapted.pose.pose.orientation.z,-0.0017774391698887587
33.424,1772609237.319000000,/odom_rf2o_adapted.pose.pose.orientation.z,-0.0017774391698887587
33.424,1772609237.319000000,/odom_rf2o_adapted.pose.pose.orientation.z,-0.0017774391698887587
33.424,1772609237.319000000,/odom_rf2o_adapted.pose.pose.orientation.z,-0.0016048059284140476
33.424,1772609237.319000000,/odom_rf2o_adapted.pose.pose.orientation.z,-0.0018489461887814503
33.424,1772609237.319000000,/odom_rf2o_adapted.pose.pose.orientation.z,-0.0018489461887814503
33.424,1772609237.319000000,/odom_rf2o_adapted.pose.pose.orientation.z,-0.0023668455417119997
33.427,1772609237.322000000,/odom_rf2o_adapted.pose.pose.orientation.z,-0.0017713493484716966
33.458,1772609237.353000000,/odom_rf2o_adapted.pose.pose.orientation.z,-0.002360755684066119
33.458,1772609237.353000000,/odom_rf2o_adapted.pose.pose.orientation.z,-0.002360755684066119
33.458,1772609237.353000000,/odom_rf2o_adapted.pose.pose.orientation.z,-0.002188122642257806
33.458,1772609237.353000000,/odom_rf2o_adapted.pose.pose.orientation.z,-0.0024322626151625643
33.458,1772609237.353000000,/odom_rf2o_adapted.pose.pose.orientation.z,-0.0024322626151625643
33.458,1772609237.353000000,/odom_rf2o_adapted.pose.pose.orientation.z,-0.002259629601872486
33.458,1772609237.353000000,/odom_rf2o_adapted.pose.pose.orientation.z,-0.0020869965212402006
33.458,1772609237.353000000,/odom_rf2o_adapted.pose.pose.orientation.z,-0.0020869965212402006
33.458,1772609237.353000000,/odom_rf2o_adapted.pose.pose.orientation.z,-0.0020869965212402006
33.458,1772609237.353000000,/odom_rf2o_adapted.pose.pose.orientation.z,-0.0020869965212402006
33.458,1772609237.353000000,/odom_rf2o_adapted.pose.pose.orientation.z,-0.0020869965212402006
33.458,1772609237.353000000,/odom_rf2o_adapted.pose.pose.orientation.z,-0.0016702231461455366
33.458,1772609237.353000000,/odom_rf2o_adapted.pose.pose.orientation.z,-0.0016702231461455366
33.458,1772609237.353000000,/odom_rf2o_adapted.pose.pose.orientation.z,-0.0016702231461455366
33.494,1772609237.389000000,/odom_rf2o_adapted.pose.pose.orientation.z,-0.0016702231461455368
33.494,1772609237.389000000,/odom_rf2o_adapted.pose.pose.orientation.z,-0.0016702231461455368
33.494,1772609237.389000000,/odom_rf2o_adapted.pose.pose.orientation.z,-0.0016702231461455368
33.494,1772609237.389000000,/odom_rf2o_adapted.pose.pose.orientation.z,-0.0018428563681526474
33.816,1772609237.711000000,/odom_rf2o_adapted.pose.pose.orientation.z,-0.0018428563681526474
34.788,1772609238.683000000,/odom_rf2o_adapted.pose.pose.orientation.z,-0.0015438468087148156
34.788,1772609238.683000000,/odom_rf2o_adapted.pose.pose.orientation.z,-0.0015438468087148156
34.852,1772609238.747000000,/odom_rf2o_adapted.pose.pose.orientation.z,-0.0017164800676654666
34.894,1772609238.789000000,/odom_rf2o_adapted.pose.pose.orientation.z,-0.0017164800676654666
35.852,1772609239.747000000,/odom_rf2o_adapted.pose.pose.orientation.z,-0.0014723397535921835
37.197,1772609241.092000000,/odom_rf2o_adapted.pose.pose.orientation.z,-0.001228199351760613
38.218,1772609242.113000000,/odom_rf2o_adapted.pose.pose.orientation.z,-0.0010006966407351964
38.268,1772609242.163000000,/odom_rf2o_adapted.pose.pose.orientation.z,-0.0010006966407351964
39.521,1772609243.416000000,/odom_rf2o_adapted.pose.pose.orientation.z,-0.0012281993517606132
40.489,1772609244.384000000,/odom_rf2o_adapted.pose.pose.orientation.z,-0.0011974454877039737
40.556,1772609244.451000000,/odom_rf2o_adapted.pose.pose.orientation.z,-0.0008114254579571188
40.596000000000004,1772609244.491000000,/odom_rf2o_adapted.pose.pose.orientation.z,-0.0006387920150092187
40.596000000000004,1772609244.491000000,/odom_rf2o_adapted.pose.pose.orientation.z,-0.0008829325687349788
40.597,1772609244.492000000,/odom_rf2o_adapted.pose.pose.orientation.z,-0.0007102991351795635
40.597,1772609244.492000000,/odom_rf2o_adapted.pose.pose.orientation.z,-0.0010093090127907126
40.597,1772609244.492000000,/odom_rf2o_adapted.pose.pose.orientation.z,-0.0008366755979934846
41.624,1772609245.519000000,/odom_rf2o_adapted.pose.pose.orientation.z,-0.0008915449417500782
41.696,1772609245.591000000,/odom_rf2o_adapted.pose.pose.orientation.z,-0.0008915449417500782
46.875,1772609250.770000000,/odom_rf2o_adapted.pose.pose.orientation.z,-0.0008915449417500782
46.906,1772609250.801000000,/odom_rf2o_adapted.pose.pose.orientation.z,-0.0008200378314966024
46.906,1772609250.801000000,/odom_rf2o_adapted.pose.pose.orientation.z,-0.0008915449417500783
46.906,1772609250.801000000,/odom_rf2o_adapted.pose.pose.orientation.z,-0.0010641783475445865
46.906,1772609250.801000000,/odom_rf2o_adapted.pose.pose.orientation.z,-0.0008915449417500785
46.906,1772609250.801000000,/odom_rf2o_adapted.pose.pose.orientation.z,-0.0008915449417500785
46.906,1772609250.801000000,/odom_rf2o_adapted.pose.pose.orientation.z,-0.0008915449417500785
46.906,1772609250.801000000,/odom_rf2o_adapted.pose.pose.orientation.z,-0.0008915449417500785
46.906,1772609250.801000000,/odom_rf2o_adapted.pose.pose.orientation.z,-0.0008915449417500785
46.947,1772609250.842000000,/odom_rf2o_adapted.pose.pose.orientation.z,-0.0013083188001625982
46.947,1772609250.842000000,/odom_rf2o_adapted.pose.pose.orientation.z,-0.0010093090127907128
46.947,1772609250.842000000,/odom_rf2o_adapted.pose.pose.orientation.z,-0.0010093090127907128
46.947,1772609250.842000000,/odom_rf2o_adapted.pose.pose.orientation.z,-0.0010093090127907128
46.947,1772609250.842000000,/odom_rf2o_adapted.pose.pose.orientation.z,-0.0010093090127907128
47.698,1772609251.593000000,/odom_rf2o_adapted.pose.pose.orientation.z,-0.00052102791058151
48.229,1772609252.124000000,/odom_rf2o_adapted.pose.pose.orientation.z,-0.0006232889169288663
49.233,1772609253.128000000,/odom_rf2o_adapted.pose.pose.orientation.z,0.0001640022812277039
49.233,1772609253.128000000,/odom_rf2o_adapted.pose.pose.orientation.z,0.0001640022812277039
49.975,1772609253.870000000,/odom_rf2o_adapted.pose.pose.orientation.z,0.0001640022812277039
50.939,1772609254.834000000,/odom_rf2o_adapted.pose.pose.orientation.z,0.0001640022812277039
51.003,1772609254.898000000,/odom_rf2o_adapted.pose.pose.orientation.z,-0.000008631206583126283
52.108,1772609256.003000000,/odom_rf2o_adapted.pose.pose.orientation.z,0.0005345193822123428
53.245,1772609257.140000000,/odom_rf2o_adapted.pose.pose.orientation.z,0.0006930367262627815
53.341,1772609257.236000000,/odom_rf2o_adapted.pose.pose.orientation.z,0.0006930367262627815
54.254,1772609258.149000000,/odom_rf2o_adapted.pose.pose.orientation.z,0.0005204032697050131
54.335,1772609258.230000000,/odom_rf2o_adapted.pose.pose.orientation.z,0.0005204032697050131
55.39,1772609259.285000000,/odom_rf2o_adapted.pose.pose.orientation.z,-0.0002884809178799846
56.615,1772609260.510000000,/odom_rf2o_adapted.pose.pose.orientation.z,0.00015904707767070206
56.674,1772609260.569000000,/odom_rf2o_adapted.pose.pose.orientation.z,-0.00022697314657966577
64.934,1772609268.829000000,/odom_rf2o_adapted.pose.pose.orientation.z,0.00007203684065779694
64.934,1772609268.829000000,/odom_rf2o_adapted.pose.pose.orientation.z,-0.00010059664765635723
64.934,1772609268.829000000,/odom_rf2o_adapted.pose.pose.orientation.z,-0.00010059664765635723
64.934,1772609268.829000000,/odom_rf2o_adapted.pose.pose.orientation.z,-0.0005481246206020583
64.934,1772609268.829000000,/odom_rf2o_adapted.pose.pose.orientation.z,-0.0005481246206020583
64.934,1772609268.829000000,/odom_rf2o_adapted.pose.pose.orientation.z,-0.0005481246206020583
64.934,1772609268.829000000,/odom_rf2o_adapted.pose.pose.orientation.z,-0.0003039840183668714
64.934,1772609268.829000000,/odom_rf2o_adapted.pose.pose.orientation.z,-0.000602993975755517
64.934,1772609268.829000000,/odom_rf2o_adapted.pose.pose.orientation.z,-0.000602993975755517
64.934,1772609268.829000000,/odom_rf2o_adapted.pose.pose.orientation.z,-0.00101976794909586
64.935,1772609268.830000000,/odom_rf2o_adapted.pose.pose.orientation.z,-0.00101976794909586
64.939,1772609268.834000000,/odom_rf2o_adapted.pose.pose.orientation.z,-0.0012639084143348824
64.939,1772609268.834000000,/odom_rf2o_adapted.pose.pose.orientation.z,-0.0012639084143348824
64.939,1772609268.834000000,/odom_rf2o_adapted.pose.pose.orientation.z,-0.001436541745301838
64.939,1772609268.834000000,/odom_rf2o_adapted.pose.pose.orientation.z,-0.0010505218192942587
64.946,1772609268.841000000,/odom_rf2o_adapted.pose.pose.orientation.z,-0.0012231551960700624
65.188,1772609269.083000000,/odom_rf2o_adapted.pose.pose.orientation.z,-0.0012231551960700624
65.324,1772609269.219000000,/odom_rf2o_adapted.pose.pose.orientation.z,-0.0011455582393987067
65.727,1772609269.622000000,/odom_rf2o_adapted.pose.pose.orientation.z,-0.001663458188432366
65.791,1772609269.686000000,/odom_rf2o_adapted.pose.pose.orientation.z,-0.0014193178540629237
66.74,1772609270.635000000,/odom_rf2o_adapted.pose.pose.orientation.z,-0.020058809890679152
66.74,1772609270.635000000,/odom_rf2o_adapted.pose.pose.orientation.z,-0.021749896723250412
66.742,1772609270.637000000,/odom_rf2o_adapted.pose.pose.orientation.z,-0.024238995959011366
67.656,1772609271.551000000,/odom_rf2o_adapted.pose.pose.orientation.z,-0.07852111340500288
68.719,1772609272.614000000,/odom_rf2o_adapted.pose.pose.orientation.z,-0.19293853503211233
69.772,1772609273.667000000,/odom_rf2o_adapted.pose.pose.orientation.z,-0.2798794215364234
70.766,1772609274.661000000,/odom_rf2o_adapted.pose.pose.orientation.z,-0.3128678421548213
76.832,1772609280.727000000,/odom_rf2o_adapted.pose.pose.orientation.z,-0.2364814979272305
76.832,1772609280.727000000,/odom_rf2o_adapted.pose.pose.orientation.z,-0.18826989793630294
76.832,1772609280.727000000,/odom_rf2o_adapted.pose.pose.orientation.z,-0.18828376159816773
76.832,1772609280.727000000,/odom_rf2o_adapted.pose.pose.orientation.z,-0.18804398189988974
76.832,1772609280.727000000,/odom_rf2o_adapted.pose.pose.orientation.z,-0.18804398189988974
76.832,1772609280.727000000,/odom_rf2o_adapted.pose.pose.orientation.z,-0.18787442528650197
76.832,1772609280.727000000,/odom_rf2o_adapted.pose.pose.orientation.z,-0.18787442528650197
76.832,1772609280.727000000,/odom_rf2o_adapted.pose.pose.orientation.z,-0.18768963551055073
76.873,1772609280.768000000,/odom_rf2o_adapted.pose.pose.orientation.z,-0.18799778178849766
77.494,1772609281.389000000,/odom_rf2o_adapted.pose.pose.orientation.z,-0.1884234480325399
78.863,1772609282.758000000,/odom_rf2o_adapted.pose.pose.orientation.z,-0.18866320996355335
78.904,1772609282.799000000,/odom_rf2o_adapted.pose.pose.orientation.z,-0.18849367384280183
78.989,1772609282.884000000,/odom_rf2o_adapted.pose.pose.orientation.z,-0.18849367384280183
79.028,1772609282.923000000,/odom_rf2o_adapted.pose.pose.orientation.z,-0.18890894087695126
79.028,1772609282.923000000,/odom_rf2o_adapted.pose.pose.orientation.z,-0.18856987931367594
79.03,1772609282.925000000,/odom_rf2o_adapted.pose.pose.orientation.z,-0.188330113009113
79.076,1772609282.971000000,/odom_rf2o_adapted.pose.pose.orientation.z,-0.18816056585621835
80.509,1772609284.404000000,/odom_rf2o_adapted.pose.pose.orientation.z,-0.18892337838781895
80.549,1772609284.444000000,/odom_rf2o_adapted.pose.pose.orientation.z,-0.18909290024739195
80.55,1772609284.445000000,/odom_rf2o_adapted.pose.pose.orientation.z,-0.18909290024739195
80.59,1772609284.485000000,/odom_rf2o_adapted.pose.pose.orientation.z,-0.18909290024739195
80.621,1772609284.516000000,/odom_rf2o_adapted.pose.pose.orientation.z,-0.18892337838781897
80.659,1772609284.554000000,/odom_rf2o_adapted.pose.pose.orientation.z,-0.18909290024739198
81.543,1772609285.438000000,/odom_rf2o_adapted.pose.pose.orientation.z,-0.188923378387819
81.553,1772609285.448000000,/odom_rf2o_adapted.pose.pose.orientation.z,-0.188923378387819
82.275,1772609286.170000000,/odom_rf2o_adapted.pose.pose.orientation.z,-0.18916311685456497
82.616,1772609286.511000000,/odom_rf2o_adapted.pose.pose.orientation.z,-0.18940284404631066
82.75,1772609286.645000000,/odom_rf2o_adapted.pose.pose.orientation.z,-0.18940284404631066
82.75,1772609286.645000000,/odom_rf2o_adapted.pose.pose.orientation.z,-0.18957234995348113
83.145,1772609287.040000000,/odom_rf2o_adapted.pose.pose.orientation.z,-0.18892337838781906
83.211,1772609287.106000000,/odom_rf2o_adapted.pose.pose.orientation.z,-0.18892337838781906
83.857,1772609287.752000000,/odom_rf2o_adapted.pose.pose.orientation.z,-0.18858431778265974
83.92,1772609287.815000000,/odom_rf2o_adapted.pose.pose.orientation.z,-0.18858431778265974
85.077,1772609288.972000000,/odom_rf2o_adapted.pose.pose.orientation.z,-0.18858431778265974
86.419,1772609290.314000000,/odom_rf2o_adapted.pose.pose.orientation.z,-0.18886949683596455
87.582,1772609291.477000000,/odom_rf2o_adapted.pose.pose.orientation.z,-0.18881561471549058
87.691,1772609291.586000000,/odom_rf2o_adapted.pose.pose.orientation.z,-0.18881561471549058
87.755,1772609291.650000000,/odom_rf2o_adapted.pose.pose.orientation.z,-0.18905535824557956
88.546,1772609292.441000000,/odom_rf2o_adapted.pose.pose.orientation.z,-0.1886224011067375
88.949,1772609292.844000000,/odom_rf2o_adapted.pose.pose.orientation.z,-0.18883195319059534
88.98,1772609292.875000000,/odom_rf2o_adapted.pose.pose.orientation.z,-0.18883195319059534
89.041,1772609292.936000000,/odom_rf2o_adapted.pose.pose.orientation.z,-0.18900147808723722
89.987,1772609293.882000000,/odom_rf2o_adapted.pose.pose.orientation.z,-0.18905535824557956
90.607,1772609294.502000000,/odom_rf2o_adapted.pose.pose.orientation.z,-0.1889851401547225
90.647,1772609294.542000000,/odom_rf2o_adapted.pose.pose.orientation.z,-0.1886915098973337
91.855,1772609295.750000000,/odom_rf2o_adapted.pose.pose.orientation.z,-0.18907169595320356
91.943,1772609295.838000000,/odom_rf2o_adapted.pose.pose.orientation.z,-0.18955114765547712
92.41,1772609296.305000000,/odom_rf2o_adapted.pose.pose.orientation.z,-0.19013581562442994
92.485,1772609296.380000000,/odom_rf2o_adapted.pose.pose.orientation.z,-0.19013581562442994
93.453,1772609297.348000000,/odom_rf2o_adapted.pose.pose.orientation.z,-0.13395045230543795
93.547,1772609297.442000000,/odom_rf2o_adapted.pose.pose.orientation.z,-0.12452424476904046
94.493,1772609298.388000000,/odom_rf2o_adapted.pose.pose.orientation.z,0.05084967993100747
95.549,1772609299.444000000,/odom_rf2o_adapted.pose.pose.orientation.z,0.4352805235839589
96.581,1772609300.476000000,/odom_rf2o_adapted.pose.pose.orientation.z,0.4592255860558486
97.644,1772609301.539000000,/odom_rf2o_adapted.pose.pose.orientation.z,0.4591768438282754
98.907,1772609302.802000000,/odom_rf2o_adapted.pose.pose.orientation.z,0.4586942710532073
99.985,1772609303.880000000,/odom_rf2o_adapted.pose.pose.orientation.z,0.4579945465792677
100.025,1772609303.920000000,/odom_rf2o_adapted.pose.pose.orientation.z,0.4579945465792677
100.028,1772609303.923000000,/odom_rf2o_adapted.pose.pose.orientation.z,0.4579945465792677
100.925,1772609304.820000000,/odom_rf2o_adapted.pose.pose.orientation.z,0.4580635254514957
101.964,1772609305.859000000,/odom_rf2o_adapted.pose.pose.orientation.z,0.4581046436980824
101.985,1772609305.880000000,/odom_rf2o_adapted.pose.pose.orientation.z,0.4583704126775732
102.631,1772609306.526000000,/odom_rf2o_adapted.pose.pose.orientation.z,0.45906998449825187
103.647,1772609307.542000000,/odom_rf2o_adapted.pose.pose.orientation.z,0.45894292590869623
103.692,1772609307.587000000,/odom_rf2o_adapted.pose.pose.orientation.z,0.45909629801120666
104.356,1772609308.251000000,/odom_rf2o_adapted.pose.pose.orientation.z,0.45962903372105873
104.396,1772609308.291000000,/odom_rf2o_adapted.pose.pose.orientation.z,0.4593223709302438
104.789,1772609308.684000000,/odom_rf2o_adapted.pose.pose.orientation.z,0.4594757091723727
104.859,1772609308.754000000,/odom_rf2o_adapted.pose.pose.orientation.z,0.4596290337210588
104.86,1772609308.755000000,/odom_rf2o_adapted.pose.pose.orientation.z,0.4593634591169224
105.568,1772609309.463000000,/odom_rf2o_adapted.pose.pose.orientation.z,0.45973902629454577
105.626,1772609309.521000000,/odom_rf2o_adapted.pose.pose.orientation.z,0.4598923273149166
105.673,1772609309.568000000,/odom_rf2o_adapted.pose.pose.orientation.z,0.4598923273149166
106.536,1772609310.431000000,/odom_rf2o_adapted.pose.pose.orientation.z,0.46026237222602057
106.595,1772609310.490000000,/odom_rf2o_adapted.pose.pose.orientation.z,0.460415626432835
106.595,1772609310.490000000,/odom_rf2o_adapted.pose.pose.orientation.z,0.4601501736495377
106.598,1772609310.493000000,/odom_rf2o_adapted.pose.pose.orientation.z,0.4603034378982597
107.196,1772609311.091000000,/odom_rf2o_adapted.pose.pose.orientation.z,0.46030343789825967
107.27,1772609311.165000000,/odom_rf2o_adapted.pose.pose.orientation.z,0.46030343789825967
107.284,1772609311.179000000,/odom_rf2o_adapted.pose.pose.orientation.z,0.4601501736495377
108.367,1772609312.262000000,/odom_rf2o_adapted.pose.pose.orientation.z,0.4599968956872724
108.529,1772609312.424000000,/odom_rf2o_adapted.pose.pose.orientation.z,0.4598288296119813
108.594,1772609312.489000000,/odom_rf2o_adapted.pose.pose.orientation.z,0.4598288296119813
109.325,1772609313.220000000,/odom_rf2o_adapted.pose.pose.orientation.z,0.4598288296119813
109.327,1772609313.222000000,/odom_rf2o_adapted.pose.pose.orientation.z,0.45967552291579555
109.327,1772609313.222000000,/odom_rf2o_adapted.pose.pose.orientation.z,0.45982882961198135
109.332,1772609313.227000000,/odom_rf2o_adapted.pose.pose.orientation.z,0.4596120171866001
109.368,1772609313.263000000,/odom_rf2o_adapted.pose.pose.orientation.z,0.45982882961198135
109.368,1772609313.263000000,/odom_rf2o_adapted.pose.pose.orientation.z,0.4600943321865499
109.401,1772609313.296000000,/odom_rf2o_adapted.pose.pose.orientation.z,0.4600943321865499
109.437,1772609313.332000000,/odom_rf2o_adapted.pose.pose.orientation.z,0.459941049229228
109.534,1772609313.429000000,/odom_rf2o_adapted.pose.pose.orientation.z,0.4600943321865498
109.584,1772609313.479000000,/odom_rf2o_adapted.pose.pose.orientation.z,0.459941049229228
109.65,1772609313.545000000,/odom_rf2o_adapted.pose.pose.orientation.z,0.459941049229228
110.596,1772609314.491000000,/odom_rf2o_adapted.pose.pose.orientation.z,0.45963444219722016
110.699,1772609314.594000000,/odom_rf2o_adapted.pose.pose.orientation.z,0.45963444219722016
111.599,1772609315.494000000,/odom_rf2o_adapted.pose.pose.orientation.z,0.4593201302670566
111.665,1772609315.560000000,/odom_rf2o_adapted.pose.pose.orientation.z,0.4593201302670566
111.922,1772609315.817000000,/odom_rf2o_adapted.pose.pose.orientation.z,0.4594734687092387
112.936,1772609316.831000000,/odom_rf2o_adapted.pose.pose.orientation.z,0.45996982950662535
114.138,1772609318.033000000,/odom_rf2o_adapted.pose.pose.orientation.z,0.5037815397292406
114.234,1772609318.129000000,/odom_rf2o_adapted.pose.pose.orientation.z,0.5387839304753468
114.235,1772609318.130000000,/odom_rf2o_adapted.pose.pose.orientation.z,0.5573907319116236
114.235,1772609318.130000000,/odom_rf2o_adapted.pose.pose.orientation.z,0.5769684533107706
114.24,1772609318.135000000,/odom_rf2o_adapted.pose.pose.orientation.z,0.5966260230965804
114.24,1772609318.135000000,/odom_rf2o_adapted.pose.pose.orientation.z,0.6163055268643302
114.24,1772609318.135000000,/odom_rf2o_adapted.pose.pose.orientation.z,0.6354702538594632
114.24,1772609318.135000000,/odom_rf2o_adapted.pose.pose.orientation.z,0.6545375393047094
114.24,1772609318.135000000,/odom_rf2o_adapted.pose.pose.orientation.z,0.6734991345490252
114.243,1772609318.138000000,/odom_rf2o_adapted.pose.pose.orientation.z,0.6928244653459205
114.275,1772609318.170000000,/odom_rf2o_adapted.pose.pose.orientation.z,0.7115565729289702
115.542,1772609319.437000000,/odom_rf2o_adapted.pose.pose.orientation.z,0.7839540344954276
115.6,1772609319.495000000,/odom_rf2o_adapted.pose.pose.orientation.z,0.8010898195508088
115.6,1772609319.495000000,/odom_rf2o_adapted.pose.pose.orientation.z,0.8170232157938129
115.602,1772609319.497000000,/odom_rf2o_adapted.pose.pose.orientation.z,0.8315226004234649
115.645,1772609319.540000000,/odom_rf2o_adapted.pose.pose.orientation.z,0.8461507160891113
116.373,1772609320.268000000,/odom_rf2o_adapted.pose.pose.orientation.z,0.8845755110601115
116.376,1772609320.271000000,/odom_rf2o_adapted.pose.pose.orientation.z,0.9083437272165206
117.477,1772609321.372000000,/odom_rf2o_adapted.pose.pose.orientation.z,0.991411775335458
118.739,1772609322.634000000,/odom_rf2o_adapted.pose.pose.orientation.z,0.9990565987428366
119.807,1772609323.702000000,/odom_rf2o_adapted.pose.pose.orientation.z,-0.9992097791499062
120.838,1772609324.733000000,/odom_rf2o_adapted.pose.pose.orientation.z,-0.9973465531521276
121.043,1772609324.938000000,/odom_rf2o_adapted.pose.pose.orientation.z,-0.9976128857874369
121.106,1772609325.001000000,/odom_rf2o_adapted.pose.pose.orientation.z,-0.9980256323171519
121.55,1772609325.445000000,/odom_rf2o_adapted.pose.pose.orientation.z,-0.9991632024808095
121.616,1772609325.511000000,/odom_rf2o_adapted.pose.pose.orientation.z,-0.999173158308005
121.876,1772609325.771000000,/odom_rf2o_adapted.pose.pose.orientation.z,-0.9991632024808095
121.936,1772609325.831000000,/odom_rf2o_adapted.pose.pose.orientation.z,-0.9991632024808095
122.951,1772609326.846000000,/odom_rf2o_adapted.pose.pose.orientation.z,-0.9991697443609138
123.016,1772609326.911000000,/odom_rf2o_adapted.pose.pose.orientation.z,-0.9991853967328728
123.064,1772609326.959000000,/odom_rf2o_adapted.pose.pose.orientation.z,-0.9991697443609138
124.06,1772609327.955000000,/odom_rf2o_adapted.pose.pose.orientation.z,-0.9991729027258045
125.016,1772609328.911000000,/odom_rf2o_adapted.pose.pose.orientation.z,-0.9991985491288444
126.03,1772609329.925000000,/odom_rf2o_adapted.pose.pose.orientation.z,-0.9992011655282308
127.013,1772609330.908000000,/odom_rf2o_adapted.pose.pose.orientation.z,-0.9992046389244874
127.014,1772609330.909000000,/odom_rf2o_adapted.pose.pose.orientation.z,-0.9992046389244874
127.057,1772609330.952000000,/odom_rf2o_adapted.pose.pose.orientation.z,-0.9992046389244874
127.13,1772609331.025000000,/odom_rf2o_adapted.pose.pose.orientation.z,-0.9992046389244874
128.016,1772609331.911000000,/odom_rf2o_adapted.pose.pose.orientation.z,-0.9991809621888502
128.113,1772609332.008000000,/odom_rf2o_adapted.pose.pose.orientation.z,-0.9991948738122324
129.055,1772609332.950000000,/odom_rf2o_adapted.pose.pose.orientation.z,-0.9992116081043193
130.022,1772609333.917000000,/odom_rf2o_adapted.pose.pose.orientation.z,-0.9991978411338677
130.056,1772609333.951000000,/odom_rf2o_adapted.pose.pose.orientation.z,-0.9991858223416684
130.056,1772609333.951000000,/odom_rf2o_adapted.pose.pose.orientation.z,-0.9991858223416684
130.104,1772609333.999000000,/odom_rf2o_adapted.pose.pose.orientation.z,-0.9991927722938044
130.151,1772609334.046000000,/odom_rf2o_adapted.pose.pose.orientation.z,-0.9991788426114755
131.058,1772609334.953000000,/odom_rf2o_adapted.pose.pose.orientation.z,-0.9991817373232228
131.112,1772609335.007000000,/odom_rf2o_adapted.pose.pose.orientation.z,-0.9991677131981411
131.49,1772609335.385000000,/odom_rf2o_adapted.pose.pose.orientation.z,-0.9991814909971305
131.547,1772609335.442000000,/odom_rf2o_adapted.pose.pose.orientation.z,-0.9991693508384066
131.594,1772609335.489000000,/odom_rf2o_adapted.pose.pose.orientation.z,-0.9991623010378917
132.056,1772609335.951000000,/odom_rf2o_adapted.pose.pose.orientation.z,-0.9991658013400373
132.115,1772609336.010000000,/odom_rf2o_adapted.pose.pose.orientation.z,-0.999175741655329
133.151,1772609337.046000000,/odom_rf2o_adapted.pose.pose.orientation.z,-0.9992036111467925
133.227,1772609337.122000000,/odom_rf2o_adapted.pose.pose.orientation.z,-0.9992348649264126
133.229,1772609337.124000000,/odom_rf2o_adapted.pose.pose.orientation.z,-0.9993302341439548
133.294,1772609337.189000000,/odom_rf2o_adapted.pose.pose.orientation.z,-0.9993676016275527
134.057,1772609337.952000000,/odom_rf2o_adapted.pose.pose.orientation.z,-0.9997550400041766
134.126,1772609338.021000000,/odom_rf2o_adapted.pose.pose.orientation.z,-0.99979801651429
135.121,1772609339.016000000,/odom_rf2o_adapted.pose.pose.orientation.z,0.9982354804421454
136.036,1772609339.931000000,/odom_rf2o_adapted.pose.pose.orientation.z,0.9670558143269642
136.093,1772609339.988000000,/odom_rf2o_adapted.pose.pose.orientation.z,0.9661223525384821
136.123,1772609340.018000000,/odom_rf2o_adapted.pose.pose.orientation.z,0.9660777841178663
136.719,1772609340.614000000,/odom_rf2o_adapted.pose.pose.orientation.z,0.9686226759253207
136.761,1772609340.656000000,/odom_rf2o_adapted.pose.pose.orientation.z,0.9706963144161175
136.799,1772609340.694000000,/odom_rf2o_adapted.pose.pose.orientation.z,0.972915315123555
136.83,1772609340.725000000,/odom_rf2o_adapted.pose.pose.orientation.z,0.9750593261986528
136.888,1772609340.783000000,/odom_rf2o_adapted.pose.pose.orientation.z,0.9768436864734403
136.888,1772609340.783000000,/odom_rf2o_adapted.pose.pose.orientation.z,0.9782043553642379
136.889,1772609340.784000000,/odom_rf2o_adapted.pose.pose.orientation.z,0.979691180330588
138.037,1772609341.932000000,/odom_rf2o_adapted.pose.pose.orientation.z,0.9807958653139504
139.15,1772609343.045000000,/odom_rf2o_adapted.pose.pose.orientation.z,0.9809402427220203
140.213,1772609344.108000000,/odom_rf2o_adapted.pose.pose.orientation.z,0.9808534064586906
140.282,1772609344.177000000,/odom_rf2o_adapted.pose.pose.orientation.z,0.980758197975024
141.319,1772609345.214000000,/odom_rf2o_adapted.pose.pose.orientation.z,0.9807491663393804
141.376,1772609345.271000000,/odom_rf2o_adapted.pose.pose.orientation.z,0.9807491663393804
141.398,1772609345.293000000,/odom_rf2o_adapted.pose.pose.orientation.z,0.9807491663393804
142.002,1772609345.897000000,/odom_rf2o_adapted.pose.pose.orientation.z,0.9807877882294945
142.044,1772609345.939000000,/odom_rf2o_adapted.pose.pose.orientation.z,0.9807540966684974
142.044,1772609345.939000000,/odom_rf2o_adapted.pose.pose.orientation.z,0.9807063997088229
142.072,1772609345.967000000,/odom_rf2o_adapted.pose.pose.orientation.z,0.9807648082724271
142.072,1772609345.967000000,/odom_rf2o_adapted.pose.pose.orientation.z,0.9807648082724271
142.767,1772609346.662000000,/odom_rf2o_adapted.pose.pose.orientation.z,0.9806308649132287
142.767,1772609346.662000000,/odom_rf2o_adapted.pose.pose.orientation.z,0.9807136014998056
143.05,1772609346.945000000,/odom_rf2o_adapted.pose.pose.orientation.z,0.9805874738187055
143.1,1772609346.995000000,/odom_rf2o_adapted.pose.pose.orientation.z,0.9806353162110074
144.715,1772609348.610000000,/odom_rf2o_adapted.pose.pose.orientation.z,0.9806105584607444
144.715,1772609348.610000000,/odom_rf2o_adapted.pose.pose.orientation.z,0.9806781608274758
145.511,1772609349.406000000,/odom_rf2o_adapted.pose.pose.orientation.z,0.9806641695165883
145.511,1772609349.406000000,/odom_rf2o_adapted.pose.pose.orientation.z,0.9807119181716165
146.444,1772609350.339000000,/odom_rf2o_adapted.pose.pose.orientation.z,0.9808070188752084
146.485,1772609350.380000000,/odom_rf2o_adapted.pose.pose.orientation.z,0.9808070188752084
146.516,1772609350.411000000,/odom_rf2o_adapted.pose.pose.orientation.z,0.9808070188752084
148.503,1772609352.398000000,/odom_rf2o_adapted.pose.pose.orientation.z,0.9808663477919861
148.532,1772609352.427000000,/odom_rf2o_adapted.pose.pose.orientation.z,0.9809289336547864
148.532,1772609352.427000000,/odom_rf2o_adapted.pose.pose.orientation.z,0.9808953648306998
148.532,1772609352.427000000,/odom_rf2o_adapted.pose.pose.orientation.z,0.9808953648306998
148.571,1772609352.466000000,/odom_rf2o_adapted.pose.pose.orientation.z,0.980970386605027
148.571,1772609352.466000000,/odom_rf2o_adapted.pose.pose.orientation.z,0.980970386605027
148.609,1772609352.504000000,/odom_rf2o_adapted.pose.pose.orientation.z,0.9809368539162491
148.609,1772609352.504000000,/odom_rf2o_adapted.pose.pose.orientation.z,0.9808787044241863
148.653,1772609352.548000000,/odom_rf2o_adapted.pose.pose.orientation.z,0.9808787044241863
151.237,1772609355.132000000,/odom_rf2o_adapted.pose.pose.orientation.z,0.980797506634497
151.237,1772609355.132000000,/odom_rf2o_adapted.pose.pose.orientation.z,0.980845091868466
151.261,1772609355.156000000,/odom_rf2o_adapted.pose.pose.orientation.z,0.980811450081285
151.261,1772609355.156000000,/odom_rf2o_adapted.pose.pose.orientation.z,0.9807638235094991
151.298,1772609355.193000000,/odom_rf2o_adapted.pose.pose.orientation.z,0.980797506634497
151.299,1772609355.194000000,/odom_rf2o_adapted.pose.pose.orientation.z,0.9807391472169932
151.333,1772609355.228000000,/odom_rf2o_adapted.pose.pose.orientation.z,0.9806914319281128
151.333,1772609355.228000000,/odom_rf2o_adapted.pose.pose.orientation.z,0.9806914319281128
151.343,1772609355.238000000,/odom_rf2o_adapted.pose.pose.orientation.z,0.9806914319281128
151.367,1772609355.262000000,/odom_rf2o_adapted.pose.pose.orientation.z,0.9806914319281128
151.389,1772609355.284000000,/odom_rf2o_adapted.pose.pose.orientation.z,0.9806576568442222
151.483,1772609355.378000000,/odom_rf2o_adapted.pose.pose.orientation.z,0.9806914319281128
151.591,1772609355.486000000,/odom_rf2o_adapted.pose.pose.orientation.z,0.9806914319281128
151.692,1772609355.587000000,/odom_rf2o_adapted.pose.pose.orientation.z,0.9806914319281128
151.766,1772609355.661000000,/odom_rf2o_adapted.pose.pose.orientation.z,0.9806436581854683
151.897,1772609355.792000000,/odom_rf2o_adapted.pose.pose.orientation.z,0.9807112033385381
152.004,1772609355.899000000,/odom_rf2o_adapted.pose.pose.orientation.z,0.9806436581854683
152.082,1772609355.977000000,/odom_rf2o_adapted.pose.pose.orientation.z,0.9806436581854683
157.399,1772609361.294000000,/odom_rf2o_adapted.pose.pose.orientation.z,0.9808717367778494
157.458,1772609361.353000000,/odom_rf2o_adapted.pose.pose.orientation.z,0.9809053261629629
157.986,1772609361.881000000,/odom_rf2o_adapted.pose.pose.orientation.z,0.9809724172324226
158.027,1772609361.922000000,/odom_rf2o_adapted.pose.pose.orientation.z,0.9809724172324226
159.111,1772609363.006000000,/odom_rf2o_adapted.pose.pose.orientation.z,0.9811082512804817
159.136,1772609363.031000000,/odom_rf2o_adapted.pose.pose.orientation.z,0.9810609907050724
159.163,1772609363.058000000,/odom_rf2o_adapted.pose.pose.orientation.z,0.9810609907050724
159.163,1772609363.058000000,/odom_rf2o_adapted.pose.pose.orientation.z,0.9811082512804817
159.164,1772609363.059000000,/odom_rf2o_adapted.pose.pose.orientation.z,0.9811554533772827
159.18,1772609363.075000000,/odom_rf2o_adapted.pose.pose.orientation.z,0.9811082512804817
159.18,1772609363.075000000,/odom_rf2o_adapted.pose.pose.orientation.z,0.9811082512804817
159.18,1772609363.075000000,/odom_rf2o_adapted.pose.pose.orientation.z,0.9811082512804817
160.086,1772609363.981000000,/odom_rf2o_adapted.pose.pose.orientation.z,0.9811416342584689
160.086,1772609363.981000000,/odom_rf2o_adapted.pose.pose.orientation.z,0.9811416342584689
160.124,1772609364.019000000,/odom_rf2o_adapted.pose.pose.orientation.z,0.9811993860916759
160.982,1772609364.877000000,/odom_rf2o_adapted.pose.pose.orientation.z,0.9811188648063602
161.034,1772609364.929000000,/odom_rf2o_adapted.pose.pose.orientation.z,0.9811660537600039
161.386,1772609365.281000000,/odom_rf2o_adapted.pose.pose.orientation.z,0.9811326921873058
161.434,1772609365.329000000,/odom_rf2o_adapted.pose.pose.orientation.z,0.9811798640122429
161.635,1772609365.530000000,/odom_rf2o_adapted.pose.pose.orientation.z,0.9812208949542635
161.675,1772609365.570000000,/odom_rf2o_adapted.pose.pose.orientation.z,0.9811631758269017
161.704,1772609365.599000000,/odom_rf2o_adapted.pose.pose.orientation.z,0.9811631758269017
161.752,1772609365.647000000,/odom_rf2o_adapted.pose.pose.orientation.z,0.9811631758269017
162.553,1772609366.448000000,/odom_rf2o_adapted.pose.pose.orientation.z,0.9811523066273126
162.644,1772609366.539000000,/odom_rf2o_adapted.pose.pose.orientation.z,0.9811523066273126
163.561,1772609367.456000000,/odom_rf2o_adapted.pose.pose.orientation.z,0.9812206274210397
163.637,1772609367.532000000,/odom_rf2o_adapted.pose.pose.orientation.z,0.9811873137373901
164.533,1772609368.428000000,/odom_rf2o_adapted.pose.pose.orientation.z,0.9812088294410253
164.728,1772609368.623000000,/odom_rf2o_adapted.pose.pose.orientation.z,0.9811982409869144
164.782,1772609368.677000000,/odom_rf2o_adapted.pose.pose.orientation.z,0.9812559068348351
165.424,1772609369.319000000,/odom_rf2o_adapted.pose.pose.orientation.z,0.9812559068348351
5.691,1772609209.586000000,/odom_adapted.pose.pose.orientation.z,0
5.691,1772609209.586000000,/odom_adapted.pose.pose.orientation.z,0
5.755,1772609209.650000000,/odom_adapted.pose.pose.orientation.z,0
5.779,1772609209.674000000,/odom_adapted.pose.pose.orientation.z,0
5.779,1772609209.674000000,/odom_adapted.pose.pose.orientation.z,0
5.779,1772609209.674000000,/odom_adapted.pose.pose.orientation.z,0
5.811,1772609209.706000000,/odom_adapted.pose.pose.orientation.z,0
5.84,1772609209.735000000,/odom_adapted.pose.pose.orientation.z,0
5.862,1772609209.757000000,/odom_adapted.pose.pose.orientation.z,0
5.862,1772609209.757000000,/odom_adapted.pose.pose.orientation.z,0
5.862,1772609209.757000000,/odom_adapted.pose.pose.orientation.z,0
5.896,1772609209.791000000,/odom_adapted.pose.pose.orientation.z,0
5.926,1772609209.821000000,/odom_adapted.pose.pose.orientation.z,0
6.021,1772609209.916000000,/odom_adapted.pose.pose.orientation.z,0
6.022,1772609209.917000000,/odom_adapted.pose.pose.orientation.z,0
6.022,1772609209.917000000,/odom_adapted.pose.pose.orientation.z,0
6.022,1772609209.917000000,/odom_adapted.pose.pose.orientation.z,0
6.022,1772609209.917000000,/odom_adapted.pose.pose.orientation.z,0
6.022,1772609209.917000000,/odom_adapted.pose.pose.orientation.z,0
6.022,1772609209.917000000,/odom_adapted.pose.pose.orientation.z,0
6.066,1772609209.961000000,/odom_adapted.pose.pose.orientation.z,0
6.067,1772609209.962000000,/odom_adapted.pose.pose.orientation.z,0
6.125,1772609210.020000000,/odom_adapted.pose.pose.orientation.z,0
6.186,1772609210.081000000,/odom_adapted.pose.pose.orientation.z,0
6.22,1772609210.115000000,/odom_adapted.pose.pose.orientation.z,0
6.22,1772609210.115000000,/odom_adapted.pose.pose.orientation.z,0
6.26,1772609210.155000000,/odom_adapted.pose.pose.orientation.z,0
6.26,1772609210.155000000,/odom_adapted.pose.pose.orientation.z,0
6.261,1772609210.156000000,/odom_adapted.pose.pose.orientation.z,0
6.261,1772609210.156000000,/odom_adapted.pose.pose.orientation.z,0
6.2620000000000005,1772609210.157000000,/odom_adapted.pose.pose.orientation.z,0
6.327,1772609210.222000000,/odom_adapted.pose.pose.orientation.z,0
6.328,1772609210.223000000,/odom_adapted.pose.pose.orientation.z,0
6.329,1772609210.224000000,/odom_adapted.pose.pose.orientation.z,0
6.359,1772609210.254000000,/odom_adapted.pose.pose.orientation.z,0
6.424,1772609210.319000000,/odom_adapted.pose.pose.orientation.z,0
6.462,1772609210.357000000,/odom_adapted.pose.pose.orientation.z,0
6.5600000000000005,1772609210.455000000,/odom_adapted.pose.pose.orientation.z,0
6.6,1772609210.495000000,/odom_adapted.pose.pose.orientation.z,0
6.621,1772609210.516000000,/odom_adapted.pose.pose.orientation.z,0
6.621,1772609210.516000000,/odom_adapted.pose.pose.orientation.z,0
6.659,1772609210.554000000,/odom_adapted.pose.pose.orientation.z,0
6.659,1772609210.554000000,/odom_adapted.pose.pose.orientation.z,0
6.66,1772609210.555000000,/odom_adapted.pose.pose.orientation.z,0
6.692,1772609210.587000000,/odom_adapted.pose.pose.orientation.z,0
6.692,1772609210.587000000,/odom_adapted.pose.pose.orientation.z,0
6.693,1772609210.588000000,/odom_adapted.pose.pose.orientation.z,0
6.751,1772609210.646000000,/odom_adapted.pose.pose.orientation.z,0
6.76,1772609210.655000000,/odom_adapted.pose.pose.orientation.z,0
6.76,1772609210.655000000,/odom_adapted.pose.pose.orientation.z,0
6.787,1772609210.682000000,/odom_adapted.pose.pose.orientation.z,0
6.827,1772609210.722000000,/odom_adapted.pose.pose.orientation.z,0
6.828,1772609210.723000000,/odom_adapted.pose.pose.orientation.z,0
6.859,1772609210.754000000,/odom_adapted.pose.pose.orientation.z,0
6.896,1772609210.791000000,/odom_adapted.pose.pose.orientation.z,0
6.932,1772609210.827000000,/odom_adapted.pose.pose.orientation.z,0
6.933,1772609210.828000000,/odom_adapted.pose.pose.orientation.z,0
6.962,1772609210.857000000,/odom_adapted.pose.pose.orientation.z,0
6.964,1772609210.859000000,/odom_adapted.pose.pose.orientation.z,0
6.997,1772609210.892000000,/odom_adapted.pose.pose.orientation.z,0
7.001,1772609210.896000000,/odom_adapted.pose.pose.orientation.z,0
7.026,1772609210.921000000,/odom_adapted.pose.pose.orientation.z,0
7.03,1772609210.925000000,/odom_adapted.pose.pose.orientation.z,0
7.058,1772609210.953000000,/odom_adapted.pose.pose.orientation.z,0
7.093,1772609210.988000000,/odom_adapted.pose.pose.orientation.z,0
7.122,1772609211.017000000,/odom_adapted.pose.pose.orientation.z,0
7.127,1772609211.022000000,/odom_adapted.pose.pose.orientation.z,0
7.162,1772609211.057000000,/odom_adapted.pose.pose.orientation.z,0
7.163,1772609211.058000000,/odom_adapted.pose.pose.orientation.z,0
7.206,1772609211.101000000,/odom_adapted.pose.pose.orientation.z,0
7.246,1772609211.141000000,/odom_adapted.pose.pose.orientation.z,0
7.271,1772609211.166000000,/odom_adapted.pose.pose.orientation.z,0
7.272,1772609211.167000000,/odom_adapted.pose.pose.orientation.z,0
7.287,1772609211.182000000,/odom_adapted.pose.pose.orientation.z,0
7.288,1772609211.183000000,/odom_adapted.pose.pose.orientation.z,0
7.289,1772609211.184000000,/odom_adapted.pose.pose.orientation.z,0
7.362,1772609211.257000000,/odom_adapted.pose.pose.orientation.z,0
7.364,1772609211.259000000,/odom_adapted.pose.pose.orientation.z,0
7.364,1772609211.259000000,/odom_adapted.pose.pose.orientation.z,0
7.4,1772609211.295000000,/odom_adapted.pose.pose.orientation.z,0
7.406,1772609211.301000000,/odom_adapted.pose.pose.orientation.z,0
7.423,1772609211.318000000,/odom_adapted.pose.pose.orientation.z,0
7.458,1772609211.353000000,/odom_adapted.pose.pose.orientation.z,0
7.459,1772609211.354000000,/odom_adapted.pose.pose.orientation.z,0
7.468,1772609211.363000000,/odom_adapted.pose.pose.orientation.z,0
7.519,1772609211.414000000,/odom_adapted.pose.pose.orientation.z,0
7.522,1772609211.417000000,/odom_adapted.pose.pose.orientation.z,0
7.555,1772609211.450000000,/odom_adapted.pose.pose.orientation.z,0
7.556,1772609211.451000000,/odom_adapted.pose.pose.orientation.z,0
7.588,1772609211.483000000,/odom_adapted.pose.pose.orientation.z,0
7.62,1772609211.515000000,/odom_adapted.pose.pose.orientation.z,0
7.62,1772609211.515000000,/odom_adapted.pose.pose.orientation.z,0
7.628,1772609211.523000000,/odom_adapted.pose.pose.orientation.z,0
7.661,1772609211.556000000,/odom_adapted.pose.pose.orientation.z,0
7.668,1772609211.563000000,/odom_adapted.pose.pose.orientation.z,0
7.704,1772609211.599000000,/odom_adapted.pose.pose.orientation.z,0
7.801,1772609211.696000000,/odom_adapted.pose.pose.orientation.z,0
7.803,1772609211.698000000,/odom_adapted.pose.pose.orientation.z,0
7.831,1772609211.726000000,/odom_adapted.pose.pose.orientation.z,0
7.856,1772609211.751000000,/odom_adapted.pose.pose.orientation.z,0
7.8580000000000005,1772609211.753000000,/odom_adapted.pose.pose.orientation.z,0
7.956,1772609211.851000000,/odom_adapted.pose.pose.orientation.z,-0.000045429427760373545
8.037,1772609211.932000000,/odom_adapted.pose.pose.orientation.z,-0.000028053714636320248
8.037,1772609211.932000000,/odom_adapted.pose.pose.orientation.z,-0.000009165376467871692
8.043,1772609211.938000000,/odom_adapted.pose.pose.orientation.z,0.00005178335134885701
8.131,1772609212.026000000,/odom_adapted.pose.pose.orientation.z,0.00013641762576488322
8.131,1772609212.026000000,/odom_adapted.pose.pose.orientation.z,0.000138051019113502
8.132,1772609212.027000000,/odom_adapted.pose.pose.orientation.z,0.00015237669856633623
8.181,1772609212.076000000,/odom_adapted.pose.pose.orientation.z,0.0002714971533126255
8.182,1772609212.077000000,/odom_adapted.pose.pose.orientation.z,0.000260091967027557
8.23,1772609212.125000000,/odom_adapted.pose.pose.orientation.z,0.00022029008197030407
8.264,1772609212.159000000,/odom_adapted.pose.pose.orientation.z,0.00019905336256550993
8.264,1772609212.159000000,/odom_adapted.pose.pose.orientation.z,0.00026191866811733585
8.333,1772609212.228000000,/odom_adapted.pose.pose.orientation.z,0.0003276787334400057
8.336,1772609212.231000000,/odom_adapted.pose.pose.orientation.z,0.00027134554409421
8.358,1772609212.253000000,/odom_adapted.pose.pose.orientation.z,0.00026853060301276847
8.41,1772609212.305000000,/odom_adapted.pose.pose.orientation.z,0.00026756299913552925
8.425,1772609212.320000000,/odom_adapted.pose.pose.orientation.z,0.0002658457202926055
8.425,1772609212.320000000,/odom_adapted.pose.pose.orientation.z,0.0002753288751494036
8.434,1772609212.329000000,/odom_adapted.pose.pose.orientation.z,0.00028337276489552186
8.435,1772609212.330000000,/odom_adapted.pose.pose.orientation.z,0.0002591230039962092
8.465,1772609212.360000000,/odom_adapted.pose.pose.orientation.z,0.0002347436882600905
8.466,1772609212.361000000,/odom_adapted.pose.pose.orientation.z,0.00021704696723984178
8.475,1772609212.370000000,/odom_adapted.pose.pose.orientation.z,0.00019446853386226453
8.5,1772609212.395000000,/odom_adapted.pose.pose.orientation.z,0.00017013848460316398
8.53,1772609212.425000000,/odom_adapted.pose.pose.orientation.z,0.00015561649618791906
8.533,1772609212.428000000,/odom_adapted.pose.pose.orientation.z,0.0001277004140329232
8.559,1772609212.454000000,/odom_adapted.pose.pose.orientation.z,0.00009358477980739574
8.604,1772609212.499000000,/odom_adapted.pose.pose.orientation.z,0.00012068751265902155
8.621,1772609212.516000000,/odom_adapted.pose.pose.orientation.z,0.0001396880913137166
8.626,1772609212.521000000,/odom_adapted.pose.pose.orientation.z,0.00013898156739257492
8.665,1772609212.560000000,/odom_adapted.pose.pose.orientation.z,0.0001369220008921728
8.701,1772609212.596000000,/odom_adapted.pose.pose.orientation.z,0.00013511631086887674
8.704,1772609212.599000000,/odom_adapted.pose.pose.orientation.z,0.00011532108996839175
8.733,1772609212.628000000,/odom_adapted.pose.pose.orientation.z,0.00013338001496452322
8.769,1772609212.664000000,/odom_adapted.pose.pose.orientation.z,0.00015343516288596266
8.788,1772609212.683000000,/odom_adapted.pose.pose.orientation.z,0.00016807369840868755
8.791,1772609212.686000000,/odom_adapted.pose.pose.orientation.z,0.00018933196754084897
8.792,1772609212.687000000,/odom_adapted.pose.pose.orientation.z,0.0002337819234064809
8.792,1772609212.687000000,/odom_adapted.pose.pose.orientation.z,0.0002768676082467544
8.854,1772609212.749000000,/odom_adapted.pose.pose.orientation.z,0.00029001045921872674
8.857,1772609212.752000000,/odom_adapted.pose.pose.orientation.z,0.0002949270667764434
8.866,1772609212.761000000,/odom_adapted.pose.pose.orientation.z,0.00036558895894018336
8.936,1772609212.831000000,/odom_adapted.pose.pose.orientation.z,0.00043385240108947737
8.955,1772609212.850000000,/odom_adapted.pose.pose.orientation.z,0.0004622916949376605
8.997,1772609212.892000000,/odom_adapted.pose.pose.orientation.z,0.00038123457349724
9.03,1772609212.925000000,/odom_adapted.pose.pose.orientation.z,0.0003458215314870542
9.067,1772609212.962000000,/odom_adapted.pose.pose.orientation.z,0.00028880555818918617
9.067,1772609212.962000000,/odom_adapted.pose.pose.orientation.z,0.00024388722175422488
9.074,1772609212.969000000,/odom_adapted.pose.pose.orientation.z,0.00020716193148223743
9.1,1772609212.995000000,/odom_adapted.pose.pose.orientation.z,0.00019745897206484425
9.128,1772609213.023000000,/odom_adapted.pose.pose.orientation.z,0.0001832512941383719
9.128,1772609213.023000000,/odom_adapted.pose.pose.orientation.z,0.0001747948223339089
9.156,1772609213.051000000,/odom_adapted.pose.pose.orientation.z,0.00025440958101558903
9.197,1772609213.092000000,/odom_adapted.pose.pose.orientation.z,0.0002663839613815472
9.198,1772609213.093000000,/odom_adapted.pose.pose.orientation.z,0.00027149799277259454
9.198,1772609213.093000000,/odom_adapted.pose.pose.orientation.z,0.00025169264093857926
9.224,1772609213.119000000,/odom_adapted.pose.pose.orientation.z,0.00022742167689960161
9.256,1772609213.151000000,/odom_adapted.pose.pose.orientation.z,0.00023500744706481512
9.262,1772609213.157000000,/odom_adapted.pose.pose.orientation.z,0.0002445677444619293
9.292,1772609213.187000000,/odom_adapted.pose.pose.orientation.z,0.00025845558426255836
9.294,1772609213.189000000,/odom_adapted.pose.pose.orientation.z,0.00028211513245379207
9.327,1772609213.222000000,/odom_adapted.pose.pose.orientation.z,0.0002727782120171884
9.329,1772609213.224000000,/odom_adapted.pose.pose.orientation.z,0.0002614301716900603
9.364,1772609213.259000000,/odom_adapted.pose.pose.orientation.z,0.00030838560129200165
9.366,1772609213.261000000,/odom_adapted.pose.pose.orientation.z,0.0003596058969855094
9.433,1772609213.328000000,/odom_adapted.pose.pose.orientation.z,0.0003215856363650788
9.436,1772609213.331000000,/odom_adapted.pose.pose.orientation.z,0.00028529099287798225
9.479,1772609213.374000000,/odom_adapted.pose.pose.orientation.z,0.0002447416981367231
9.504,1772609213.399000000,/odom_adapted.pose.pose.orientation.z,0.0003030133926790304
9.543,1772609213.438000000,/odom_adapted.pose.pose.orientation.z,0.00040516377277487474
9.581,1772609213.476000000,/odom_adapted.pose.pose.orientation.z,0.00028909026668930084
9.599,1772609213.494000000,/odom_adapted.pose.pose.orientation.z,0.00028498782918630653
9.599,1772609213.494000000,/odom_adapted.pose.pose.orientation.z,0.00020895025051553132
9.603,1772609213.498000000,/odom_adapted.pose.pose.orientation.z,0.0002456992293959334
9.618,1772609213.513000000,/odom_adapted.pose.pose.orientation.z,0.00030638283769861757
9.622,1772609213.517000000,/odom_adapted.pose.pose.orientation.z,0.0003457974253604955
9.688,1772609213.583000000,/odom_adapted.pose.pose.orientation.z,0.00038389118179883594
9.711,1772609213.606000000,/odom_adapted.pose.pose.orientation.z,0.00039238883977871285
9.711,1772609213.606000000,/odom_adapted.pose.pose.orientation.z,0.0004029693483180168
9.756,1772609213.651000000,/odom_adapted.pose.pose.orientation.z,0.0003480189783188183
9.756,1772609213.651000000,/odom_adapted.pose.pose.orientation.z,0.00033675213962327166
9.795,1772609213.690000000,/odom_adapted.pose.pose.orientation.z,0.00044654075890806117
9.821,1772609213.716000000,/odom_adapted.pose.pose.orientation.z,0.0005236651571903001
9.822,1772609213.717000000,/odom_adapted.pose.pose.orientation.z,0.0005223082089038731
9.831,1772609213.726000000,/odom_adapted.pose.pose.orientation.z,0.0005422778715304797
9.842,1772609213.737000000,/odom_adapted.pose.pose.orientation.z,0.0005601046279422536
9.842,1772609213.737000000,/odom_adapted.pose.pose.orientation.z,0.0005772859299637022
9.865,1772609213.760000000,/odom_adapted.pose.pose.orientation.z,0.0005431059662485368
9.903,1772609213.798000000,/odom_adapted.pose.pose.orientation.z,0.0005086643916367386
9.931000000000001,1772609213.826000000,/odom_adapted.pose.pose.orientation.z,0.0005070047499547463
9.933,1772609213.828000000,/odom_adapted.pose.pose.orientation.z,0.0005053967610967614
9.935,1772609213.830000000,/odom_adapted.pose.pose.orientation.z,0.0005224036254108557
9.992,1772609213.887000000,/odom_adapted.pose.pose.orientation.z,0.0005575896546149802
10.003,1772609213.898000000,/odom_adapted.pose.pose.orientation.z,0.0005734065301017904
10.037,1772609213.932000000,/odom_adapted.pose.pose.orientation.z,0.0005973100323260206
10.057,1772609213.952000000,/odom_adapted.pose.pose.orientation.z,0.0006082550101575543
10.069,1772609213.964000000,/odom_adapted.pose.pose.orientation.z,0.0006058221428058058
10.102,1772609213.997000000,/odom_adapted.pose.pose.orientation.z,0.000604524242395474
10.103,1772609213.998000000,/odom_adapted.pose.pose.orientation.z,0.0006088935897593013
10.125,1772609214.020000000,/odom_adapted.pose.pose.orientation.z,0.000618178146443792
10.127,1772609214.022000000,/odom_adapted.pose.pose.orientation.z,0.0006009630890343595
10.16,1772609214.055000000,/odom_adapted.pose.pose.orientation.z,0.0005792925851601703
10.17,1772609214.065000000,/odom_adapted.pose.pose.orientation.z,0.0005674770099305437
10.256,1772609214.151000000,/odom_adapted.pose.pose.orientation.z,0.0005527140933062936
10.277,1772609214.172000000,/odom_adapted.pose.pose.orientation.z,0.000776148889121712
10.278,1772609214.173000000,/odom_adapted.pose.pose.orientation.z,0.0007838249177027225
10.328,1772609214.223000000,/odom_adapted.pose.pose.orientation.z,0.0008014252760697402
10.335,1772609214.230000000,/odom_adapted.pose.pose.orientation.z,0.000826169097379611
10.335,1772609214.230000000,/odom_adapted.pose.pose.orientation.z,0.000833727704868353
10.366,1772609214.261000000,/odom_adapted.pose.pose.orientation.z,0.0008393527895761286
10.387,1772609214.282000000,/odom_adapted.pose.pose.orientation.z,0.0007999458973839536
10.411,1772609214.306000000,/odom_adapted.pose.pose.orientation.z,0.0007545780203960379
10.447,1772609214.342000000,/odom_adapted.pose.pose.orientation.z,0.0007099987959604565
10.462,1772609214.357000000,/odom_adapted.pose.pose.orientation.z,0.0007173154963292179
10.464,1772609214.359000000,/odom_adapted.pose.pose.orientation.z,0.0007452159637804284
10.5,1772609214.395000000,/odom_adapted.pose.pose.orientation.z,0.000758495789930871
10.501,1772609214.396000000,/odom_adapted.pose.pose.orientation.z,0.0007246626888995723
10.534,1772609214.429000000,/odom_adapted.pose.pose.orientation.z,0.0006744356253546409
10.534,1772609214.429000000,/odom_adapted.pose.pose.orientation.z,0.0006163281896162106
10.573,1772609214.468000000,/odom_adapted.pose.pose.orientation.z,0.0006238716362458746
10.636,1772609214.531000000,/odom_adapted.pose.pose.orientation.z,0.0006329359994881236
10.636,1772609214.531000000,/odom_adapted.pose.pose.orientation.z,0.0007949160995991743
10.657,1772609214.552000000,/odom_adapted.pose.pose.orientation.z,0.0008408774029260972
10.664,1772609214.559000000,/odom_adapted.pose.pose.orientation.z,0.0008492663922065872
10.696,1772609214.591000000,/odom_adapted.pose.pose.orientation.z,0.0007882466031807443
10.696,1772609214.591000000,/odom_adapted.pose.pose.orientation.z,0.0007114077324326299
10.698,1772609214.593000000,/odom_adapted.pose.pose.orientation.z,0.0006713345529406855
10.735,1772609214.630000000,/odom_adapted.pose.pose.orientation.z,0.0006411757706360846
10.735,1772609214.630000000,/odom_adapted.pose.pose.orientation.z,0.0006210901446207653
10.763,1772609214.658000000,/odom_adapted.pose.pose.orientation.z,0.0007102586699429315
10.772,1772609214.667000000,/odom_adapted.pose.pose.orientation.z,0.0007466706722797055
10.823,1772609214.718000000,/odom_adapted.pose.pose.orientation.z,0.0008062814957727382
10.826,1772609214.721000000,/odom_adapted.pose.pose.orientation.z,0.0008927165784139359
10.858,1772609214.753000000,/odom_adapted.pose.pose.orientation.z,0.0008963265279736484
10.869,1772609214.764000000,/odom_adapted.pose.pose.orientation.z,0.000911434539965878
10.892,1772609214.787000000,/odom_adapted.pose.pose.orientation.z,0.0009145712870625199
10.927,1772609214.822000000,/odom_adapted.pose.pose.orientation.z,0.0009130576771344957
10.934,1772609214.829000000,/odom_adapted.pose.pose.orientation.z,0.0009601624014810914
10.938,1772609214.833000000,/odom_adapted.pose.pose.orientation.z,0.0009752384440900081
10.966,1772609214.861000000,/odom_adapted.pose.pose.orientation.z,0.0009813025826682664
10.97,1772609214.865000000,/odom_adapted.pose.pose.orientation.z,0.0009905962203590746
11.024,1772609214.919000000,/odom_adapted.pose.pose.orientation.z,0.000999275147679422
11.057,1772609214.952000000,/odom_adapted.pose.pose.orientation.z,0.0010079770550368264
11.058,1772609214.953000000,/odom_adapted.pose.pose.orientation.z,0.0009831882555186111
11.058,1772609214.953000000,/odom_adapted.pose.pose.orientation.z,0.0009516346594691979
11.069,1772609214.964000000,/odom_adapted.pose.pose.orientation.z,0.0009597900993366399
11.125,1772609215.020000000,/odom_adapted.pose.pose.orientation.z,0.0008555181311514048
11.127,1772609215.022000000,/odom_adapted.pose.pose.orientation.z,0.0008422621270157384
11.13,1772609215.025000000,/odom_adapted.pose.pose.orientation.z,0.0007757000617688223
11.191,1772609215.086000000,/odom_adapted.pose.pose.orientation.z,0.0008215382436911767
11.203,1772609215.098000000,/odom_adapted.pose.pose.orientation.z,0.0008442984840676889
11.229,1772609215.124000000,/odom_adapted.pose.pose.orientation.z,0.0008671500392685013
11.236,1772609215.131000000,/odom_adapted.pose.pose.orientation.z,0.0008747796277346556
11.256,1772609215.151000000,/odom_adapted.pose.pose.orientation.z,0.0007740530394832866
11.261,1772609215.156000000,/odom_adapted.pose.pose.orientation.z,0.0006541690792587786
11.328,1772609215.223000000,/odom_adapted.pose.pose.orientation.z,0.0005344840614200336
11.331,1772609215.226000000,/odom_adapted.pose.pose.orientation.z,0.0005709944293006683
11.371,1772609215.266000000,/odom_adapted.pose.pose.orientation.z,0.0006093999217533617
11.405,1772609215.300000000,/odom_adapted.pose.pose.orientation.z,0.0006151986332063547
11.424,1772609215.319000000,/odom_adapted.pose.pose.orientation.z,0.0006218582481364328
11.425,1772609215.320000000,/odom_adapted.pose.pose.orientation.z,0.000629153287217297
11.469,1772609215.364000000,/odom_adapted.pose.pose.orientation.z,0.0006373068038985743
11.492,1772609215.387000000,/odom_adapted.pose.pose.orientation.z,0.0005899709128472237
11.493,1772609215.388000000,/odom_adapted.pose.pose.orientation.z,0.0005664415915969579
11.529,1772609215.424000000,/odom_adapted.pose.pose.orientation.z,0.000547922700775836
11.532,1772609215.427000000,/odom_adapted.pose.pose.orientation.z,0.0005045428593536318
11.561,1772609215.456000000,/odom_adapted.pose.pose.orientation.z,0.00048190906863519755
11.591,1772609215.486000000,/odom_adapted.pose.pose.orientation.z,0.0004626155994270249
11.623,1772609215.518000000,/odom_adapted.pose.pose.orientation.z,0.0004409590562936263
11.623,1772609215.518000000,/odom_adapted.pose.pose.orientation.z,0.0004293540947644566
11.637,1772609215.532000000,/odom_adapted.pose.pose.orientation.z,0.00041744535711595086
11.671,1772609215.566000000,/odom_adapted.pose.pose.orientation.z,0.00040456190012020255
11.671,1772609215.566000000,/odom_adapted.pose.pose.orientation.z,0.00044738175113605695
11.726,1772609215.621000000,/odom_adapted.pose.pose.orientation.z,0.0004956832348776149
11.727,1772609215.622000000,/odom_adapted.pose.pose.orientation.z,0.0005519229676589627
23.506,1772609227.401000000,/odom_adapted.pose.pose.orientation.z,0.0028676539716797284
23.512,1772609227.407000000,/odom_adapted.pose.pose.orientation.z,0.002785231738255545
23.513,1772609227.408000000,/odom_adapted.pose.pose.orientation.z,0.0028306821259750066
23.514,1772609227.409000000,/odom_adapted.pose.pose.orientation.z,0.0028403111754737582
23.516,1772609227.411000000,/odom_adapted.pose.pose.orientation.z,0.0027388365070114425
23.551,1772609227.446000000,/odom_adapted.pose.pose.orientation.z,0.002674912522682552
23.552,1772609227.447000000,/odom_adapted.pose.pose.orientation.z,0.0026799924937259225
23.552,1772609227.447000000,/odom_adapted.pose.pose.orientation.z,0.0026876650164334064
23.553,1772609227.448000000,/odom_adapted.pose.pose.orientation.z,0.002695734863747201
23.555,1772609227.450000000,/odom_adapted.pose.pose.orientation.z,0.002730833972450405
23.56,1772609227.455000000,/odom_adapted.pose.pose.orientation.z,0.0029845315004241946
23.56,1772609227.455000000,/odom_adapted.pose.pose.orientation.z,0.002982028189195953
23.56,1772609227.455000000,/odom_adapted.pose.pose.orientation.z,0.002930420004223855
23.565,1772609227.460000000,/odom_adapted.pose.pose.orientation.z,0.002903237918448544
23.565,1772609227.460000000,/odom_adapted.pose.pose.orientation.z,0.002874061060404509
23.566,1772609227.461000000,/odom_adapted.pose.pose.orientation.z,0.0028630685302717617
23.567,1772609227.462000000,/odom_adapted.pose.pose.orientation.z,0.0029665234514804732
23.571,1772609227.466000000,/odom_adapted.pose.pose.orientation.z,0.0030118673670787312
23.574,1772609227.469000000,/odom_adapted.pose.pose.orientation.z,0.0030098260412113062
23.636,1772609227.531000000,/odom_adapted.pose.pose.orientation.z,0.0030204858327319613
23.637,1772609227.532000000,/odom_adapted.pose.pose.orientation.z,0.0030265645810787006
23.638,1772609227.533000000,/odom_adapted.pose.pose.orientation.z,0.002901129179985204
23.716,1772609227.611000000,/odom_adapted.pose.pose.orientation.z,0.002848306928414344
23.717,1772609227.612000000,/odom_adapted.pose.pose.orientation.z,0.0027606701506268858
23.719,1772609227.614000000,/odom_adapted.pose.pose.orientation.z,0.002713482609043046
23.719,1772609227.614000000,/odom_adapted.pose.pose.orientation.z,0.0027762171233282097
23.721,1772609227.616000000,/odom_adapted.pose.pose.orientation.z,0.002897816451142254
23.723,1772609227.618000000,/odom_adapted.pose.pose.orientation.z,0.002829226382080307
23.723,1772609227.618000000,/odom_adapted.pose.pose.orientation.z,0.0027420606202727335
23.723,1772609227.618000000,/odom_adapted.pose.pose.orientation.z,0.0027782053469766776
23.723,1772609227.618000000,/odom_adapted.pose.pose.orientation.z,0.0028565010632555232
23.723,1772609227.618000000,/odom_adapted.pose.pose.orientation.z,0.0029468784119866093
23.723,1772609227.618000000,/odom_adapted.pose.pose.orientation.z,0.0030133264737494496
23.723,1772609227.618000000,/odom_adapted.pose.pose.orientation.z,0.003001532720612963
23.723,1772609227.618000000,/odom_adapted.pose.pose.orientation.z,0.0030175040359325966
23.723,1772609227.618000000,/odom_adapted.pose.pose.orientation.z,0.003027783695500812
23.723,1772609227.618000000,/odom_adapted.pose.pose.orientation.z,0.003068296028873861
23.723,1772609227.618000000,/odom_adapted.pose.pose.orientation.z,0.0031362081332584925
23.723,1772609227.618000000,/odom_adapted.pose.pose.orientation.z,0.003146864400521369
23.723,1772609227.618000000,/odom_adapted.pose.pose.orientation.z,0.0032262812606362445
23.723,1772609227.618000000,/odom_adapted.pose.pose.orientation.z,0.003246880830968077
23.723,1772609227.618000000,/odom_adapted.pose.pose.orientation.z,0.0032570248155542898
23.723,1772609227.618000000,/odom_adapted.pose.pose.orientation.z,0.0032270010660771908
23.723,1772609227.618000000,/odom_adapted.pose.pose.orientation.z,0.0031328063908659075
23.723,1772609227.618000000,/odom_adapted.pose.pose.orientation.z,0.0030485012363171207
23.723,1772609227.618000000,/odom_adapted.pose.pose.orientation.z,0.0029828064140908473
23.723,1772609227.618000000,/odom_adapted.pose.pose.orientation.z,0.002941320186683345
23.723,1772609227.618000000,/odom_adapted.pose.pose.orientation.z,0.0030082201029496144
23.723,1772609227.618000000,/odom_adapted.pose.pose.orientation.z,0.003062561430073651
23.723,1772609227.618000000,/odom_adapted.pose.pose.orientation.z,0.003118881940485737
23.723,1772609227.618000000,/odom_adapted.pose.pose.orientation.z,0.003199311943535621
23.723,1772609227.618000000,/odom_adapted.pose.pose.orientation.z,0.0032074544246175757
23.723,1772609227.618000000,/odom_adapted.pose.pose.orientation.z,0.003216882341310421
23.723,1772609227.618000000,/odom_adapted.pose.pose.orientation.z,0.003224487242595995
23.723,1772609227.618000000,/odom_adapted.pose.pose.orientation.z,0.0032544535603498425
23.723,1772609227.618000000,/odom_adapted.pose.pose.orientation.z,0.0032843297773591765
23.723,1772609227.618000000,/odom_adapted.pose.pose.orientation.z,0.0033143429928084783
23.723,1772609227.618000000,/odom_adapted.pose.pose.orientation.z,0.003340161251538681
23.723,1772609227.618000000,/odom_adapted.pose.pose.orientation.z,0.0033484760217681294
23.723,1772609227.618000000,/odom_adapted.pose.pose.orientation.z,0.003313379171928706
23.723,1772609227.618000000,/odom_adapted.pose.pose.orientation.z,0.0032895659726209455
23.723,1772609227.618000000,/odom_adapted.pose.pose.orientation.z,0.003279493077067302
23.723,1772609227.618000000,/odom_adapted.pose.pose.orientation.z,0.003277964794473936
23.723,1772609227.618000000,/odom_adapted.pose.pose.orientation.z,0.003276418122875617
23.723,1772609227.618000000,/odom_adapted.pose.pose.orientation.z,0.0032296199680300003
23.723,1772609227.618000000,/odom_adapted.pose.pose.orientation.z,0.003191333200475782
23.723,1772609227.618000000,/odom_adapted.pose.pose.orientation.z,0.0032387805312396123
23.723,1772609227.618000000,/odom_adapted.pose.pose.orientation.z,0.003287176624259524
23.776,1772609227.671000000,/odom_adapted.pose.pose.orientation.z,0.003304336864601181
23.776,1772609227.671000000,/odom_adapted.pose.pose.orientation.z,0.003257815665694485
23.776,1772609227.671000000,/odom_adapted.pose.pose.orientation.z,0.003189774465297519
23.776,1772609227.671000000,/odom_adapted.pose.pose.orientation.z,0.0031386903857292666
23.776,1772609227.671000000,/odom_adapted.pose.pose.orientation.z,0.003058043630725419
23.776,1772609227.671000000,/odom_adapted.pose.pose.orientation.z,0.003044240423788231
23.776,1772609227.671000000,/odom_adapted.pose.pose.orientation.z,0.0030299457469593893
23.776,1772609227.671000000,/odom_adapted.pose.pose.orientation.z,0.0030419084332217747
23.776,1772609227.671000000,/odom_adapted.pose.pose.orientation.z,0.0030568899097740076
23.776,1772609227.671000000,/odom_adapted.pose.pose.orientation.z,0.003097157632217019
23.776,1772609227.671000000,/odom_adapted.pose.pose.orientation.z,0.003149573913729891
23.776,1772609227.671000000,/odom_adapted.pose.pose.orientation.z,0.0031365539487256057
23.776,1772609227.671000000,/odom_adapted.pose.pose.orientation.z,0.003152476543667734
23.776,1772609227.671000000,/odom_adapted.pose.pose.orientation.z,0.0031793970281278026
23.776,1772609227.671000000,/odom_adapted.pose.pose.orientation.z,0.003187510846621212
23.776,1772609227.671000000,/odom_adapted.pose.pose.orientation.z,0.0031976225448731234
23.776,1772609227.671000000,/odom_adapted.pose.pose.orientation.z,0.0032280334661319602
23.776,1772609227.671000000,/odom_adapted.pose.pose.orientation.z,0.0033505541786863473
23.776,1772609227.671000000,/odom_adapted.pose.pose.orientation.z,0.00333973667679082
23.776,1772609227.671000000,/odom_adapted.pose.pose.orientation.z,0.0033243700741721464
23.776,1772609227.671000000,/odom_adapted.pose.pose.orientation.z,0.0033462126791762884
23.776,1772609227.671000000,/odom_adapted.pose.pose.orientation.z,0.003362074414062898
23.776,1772609227.671000000,/odom_adapted.pose.pose.orientation.z,0.003388700929563649
23.776,1772609227.671000000,/odom_adapted.pose.pose.orientation.z,0.003406210143230714
23.776,1772609227.671000000,/odom_adapted.pose.pose.orientation.z,0.0034578353855171024
23.776,1772609227.671000000,/odom_adapted.pose.pose.orientation.z,0.0035502384720917583
23.776,1772609227.671000000,/odom_adapted.pose.pose.orientation.z,0.0035463066131675145
23.776,1772609227.671000000,/odom_adapted.pose.pose.orientation.z,0.003536334111028469
23.776,1772609227.671000000,/odom_adapted.pose.pose.orientation.z,0.0035248706644240087
23.776,1772609227.671000000,/odom_adapted.pose.pose.orientation.z,0.003511346357688653
23.776,1772609227.671000000,/odom_adapted.pose.pose.orientation.z,0.0035085474347857962
23.776,1772609227.671000000,/odom_adapted.pose.pose.orientation.z,0.003495064580434389
23.776,1772609227.671000000,/odom_adapted.pose.pose.orientation.z,0.0034791421088191895
23.776,1772609227.671000000,/odom_adapted.pose.pose.orientation.z,0.003485821698654844
23.776,1772609227.671000000,/odom_adapted.pose.pose.orientation.z,0.003493928164997124
23.776,1772609227.671000000,/odom_adapted.pose.pose.orientation.z,0.003502279399220731
23.776,1772609227.671000000,/odom_adapted.pose.pose.orientation.z,0.003534524559317604
23.776,1772609227.671000000,/odom_adapted.pose.pose.orientation.z,0.0034903049648615696
23.776,1772609227.671000000,/odom_adapted.pose.pose.orientation.z,0.0034705857417613776
23.776,1772609227.671000000,/odom_adapted.pose.pose.orientation.z,0.0034675768209230084
23.776,1772609227.671000000,/odom_adapted.pose.pose.orientation.z,0.003467125555939705
23.776,1772609227.671000000,/odom_adapted.pose.pose.orientation.z,0.0033216597756644084
23.776,1772609227.671000000,/odom_adapted.pose.pose.orientation.z,0.0033063441746238806
23.776,1772609227.671000000,/odom_adapted.pose.pose.orientation.z,0.0032863404382481253
23.776,1772609227.671000000,/odom_adapted.pose.pose.orientation.z,0.003352504158326439
23.776,1772609227.671000000,/odom_adapted.pose.pose.orientation.z,0.0034918818503681514
23.776,1772609227.671000000,/odom_adapted.pose.pose.orientation.z,0.0034370317623260115
23.777,1772609227.672000000,/odom_adapted.pose.pose.orientation.z,0.003426016384105648
23.777,1772609227.672000000,/odom_adapted.pose.pose.orientation.z,0.0036324139397253706
23.777,1772609227.672000000,/odom_adapted.pose.pose.orientation.z,0.003702247493267728
23.777,1772609227.672000000,/odom_adapted.pose.pose.orientation.z,0.0037769684685308538
23.777,1772609227.672000000,/odom_adapted.pose.pose.orientation.z,0.0038831300529155693
23.777,1772609227.672000000,/odom_adapted.pose.pose.orientation.z,0.003940880721924527
23.777,1772609227.672000000,/odom_adapted.pose.pose.orientation.z,0.003920042636753651
23.777,1772609227.672000000,/odom_adapted.pose.pose.orientation.z,0.0038129261907813004
23.777,1772609227.672000000,/odom_adapted.pose.pose.orientation.z,0.0038511687666276445
23.777,1772609227.672000000,/odom_adapted.pose.pose.orientation.z,0.00394707853102057
23.828,1772609227.723000000,/odom_adapted.pose.pose.orientation.z,0.00381290479338484
23.828,1772609227.723000000,/odom_adapted.pose.pose.orientation.z,0.003912055853554797
23.828,1772609227.723000000,/odom_adapted.pose.pose.orientation.z,0.00414190032174772
23.828,1772609227.723000000,/odom_adapted.pose.pose.orientation.z,0.004116724178297106
23.828,1772609227.723000000,/odom_adapted.pose.pose.orientation.z,0.004063483938255672
23.828,1772609227.723000000,/odom_adapted.pose.pose.orientation.z,0.004071545547254467
23.828,1772609227.723000000,/odom_adapted.pose.pose.orientation.z,0.004080640543502929
23.828,1772609227.723000000,/odom_adapted.pose.pose.orientation.z,0.004183771541346514
23.828,1772609227.723000000,/odom_adapted.pose.pose.orientation.z,0.004294473585693846
23.828,1772609227.723000000,/odom_adapted.pose.pose.orientation.z,0.004281140137357277
23.828,1772609227.723000000,/odom_adapted.pose.pose.orientation.z,0.004456102283470927
23.828,1772609227.723000000,/odom_adapted.pose.pose.orientation.z,0.004463886296739712
23.886,1772609227.781000000,/odom_adapted.pose.pose.orientation.z,0.004878967557358214
23.886,1772609227.781000000,/odom_adapted.pose.pose.orientation.z,0.0047763969208541555
23.886,1772609227.781000000,/odom_adapted.pose.pose.orientation.z,0.004784886452992312
23.886,1772609227.781000000,/odom_adapted.pose.pose.orientation.z,0.004699956078091774
23.886,1772609227.781000000,/odom_adapted.pose.pose.orientation.z,0.004709184935402972
23.886,1772609227.781000000,/odom_adapted.pose.pose.orientation.z,0.004760355543603138
23.886,1772609227.781000000,/odom_adapted.pose.pose.orientation.z,0.004748559273852011
23.886,1772609227.781000000,/odom_adapted.pose.pose.orientation.z,0.004494696274099371
23.886,1772609227.781000000,/odom_adapted.pose.pose.orientation.z,0.004424946282971724
23.886,1772609227.781000000,/odom_adapted.pose.pose.orientation.z,0.0043975269571049245
23.886,1772609227.781000000,/odom_adapted.pose.pose.orientation.z,0.004330706577536723
23.886,1772609227.781000000,/odom_adapted.pose.pose.orientation.z,0.004338724590355374
23.886,1772609227.781000000,/odom_adapted.pose.pose.orientation.z,0.004363430408563688
23.886,1772609227.781000000,/odom_adapted.pose.pose.orientation.z,0.004395209060141465
23.887,1772609227.782000000,/odom_adapted.pose.pose.orientation.z,0.004661658767471243
23.887,1772609227.782000000,/odom_adapted.pose.pose.orientation.z,0.004536022813381495
23.887,1772609227.782000000,/odom_adapted.pose.pose.orientation.z,0.004553918556480371
23.887,1772609227.782000000,/odom_adapted.pose.pose.orientation.z,0.004529372266469458
23.887,1772609227.782000000,/odom_adapted.pose.pose.orientation.z,0.004507964430181707
23.887,1772609227.782000000,/odom_adapted.pose.pose.orientation.z,0.0044860910554569535
23.887,1772609227.782000000,/odom_adapted.pose.pose.orientation.z,0.0042731488876021195
23.887,1772609227.782000000,/odom_adapted.pose.pose.orientation.z,0.004299463455878871
24.051,1772609227.946000000,/odom_adapted.pose.pose.orientation.z,0.004553732992580451
24.051,1772609227.946000000,/odom_adapted.pose.pose.orientation.z,0.004590189507118302
24.2,1772609228.095000000,/odom_adapted.pose.pose.orientation.z,0.004833622500175431
24.235,1772609228.130000000,/odom_adapted.pose.pose.orientation.z,0.004893797811225878
24.361,1772609228.256000000,/odom_adapted.pose.pose.orientation.z,0.004910042721101156
24.361,1772609228.256000000,/odom_adapted.pose.pose.orientation.z,0.004960267860809036
24.385,1772609228.280000000,/odom_adapted.pose.pose.orientation.z,0.005035301969830364
24.389,1772609228.284000000,/odom_adapted.pose.pose.orientation.z,0.0049834154413642695
24.579,1772609228.474000000,/odom_adapted.pose.pose.orientation.z,0.005004433469479721
24.579,1772609228.474000000,/odom_adapted.pose.pose.orientation.z,0.0050025228194445345
24.891,1772609228.786000000,/odom_adapted.pose.pose.orientation.z,0.005244785437810674
24.891,1772609228.786000000,/odom_adapted.pose.pose.orientation.z,0.005230742183603263
25.051,1772609228.946000000,/odom_adapted.pose.pose.orientation.z,0.005237228413897578
25.094,1772609228.989000000,/odom_adapted.pose.pose.orientation.z,0.0052354427481868535
25.376,1772609229.271000000,/odom_adapted.pose.pose.orientation.z,0.005473521838974133
25.377,1772609229.272000000,/odom_adapted.pose.pose.orientation.z,0.005471760041557465
25.645,1772609229.540000000,/odom_adapted.pose.pose.orientation.z,0.005351889643072812
25.645,1772609229.540000000,/odom_adapted.pose.pose.orientation.z,0.005389903478775037
26.734,1772609230.629000000,/odom_adapted.pose.pose.orientation.z,0.005878803030137402
26.734,1772609230.629000000,/odom_adapted.pose.pose.orientation.z,0.005877048764075145
33.422,1772609237.317000000,/odom_adapted.pose.pose.orientation.z,0.006191882451187142
33.422,1772609237.317000000,/odom_adapted.pose.pose.orientation.z,0.006245596740903656
33.422,1772609237.317000000,/odom_adapted.pose.pose.orientation.z,0.006474058115515683
33.422,1772609237.317000000,/odom_adapted.pose.pose.orientation.z,0.006375957680070343
33.422,1772609237.317000000,/odom_adapted.pose.pose.orientation.z,0.006726409574478116
33.422,1772609237.317000000,/odom_adapted.pose.pose.orientation.z,0.006772352192056052
33.424,1772609237.319000000,/odom_adapted.pose.pose.orientation.z,0.0070231286767728895
33.424,1772609237.319000000,/odom_adapted.pose.pose.orientation.z,0.006991974293464435
33.425,1772609237.320000000,/odom_adapted.pose.pose.orientation.z,0.007090038445831781
33.425,1772609237.320000000,/odom_adapted.pose.pose.orientation.z,0.007108374487949417
33.425,1772609237.320000000,/odom_adapted.pose.pose.orientation.z,0.007209125198958491
33.425,1772609237.320000000,/odom_adapted.pose.pose.orientation.z,0.00721639826948023
33.427,1772609237.322000000,/odom_adapted.pose.pose.orientation.z,0.007354311331173169
33.427,1772609237.322000000,/odom_adapted.pose.pose.orientation.z,0.0074138563889239424
33.458,1772609237.353000000,/odom_adapted.pose.pose.orientation.z,0.0065774636848234804
33.458,1772609237.353000000,/odom_adapted.pose.pose.orientation.z,0.006658800391346019
33.458,1772609237.353000000,/odom_adapted.pose.pose.orientation.z,0.00773704682540158
33.458,1772609237.353000000,/odom_adapted.pose.pose.orientation.z,0.007917134355378252
33.458,1772609237.353000000,/odom_adapted.pose.pose.orientation.z,0.007915378596115023
33.458,1772609237.353000000,/odom_adapted.pose.pose.orientation.z,0.008274898599014226
33.458,1772609237.353000000,/odom_adapted.pose.pose.orientation.z,0.008657009345712027
33.458,1772609237.353000000,/odom_adapted.pose.pose.orientation.z,0.008588303737990018
33.494,1772609237.389000000,/odom_adapted.pose.pose.orientation.z,0.008975829406812654
33.494,1772609237.389000000,/odom_adapted.pose.pose.orientation.z,0.009067956220564896
33.494,1772609237.389000000,/odom_adapted.pose.pose.orientation.z,0.009066235337436074
33.494,1772609237.389000000,/odom_adapted.pose.pose.orientation.z,0.009064475455866652
33.494,1772609237.389000000,/odom_adapted.pose.pose.orientation.z,0.008963171738594447
33.494,1772609237.389000000,/odom_adapted.pose.pose.orientation.z,0.009103598614716017
33.494,1772609237.389000000,/odom_adapted.pose.pose.orientation.z,0.009025874324825364
33.526,1772609237.421000000,/odom_adapted.pose.pose.orientation.z,0.008896797446993423
33.56,1772609237.455000000,/odom_adapted.pose.pose.orientation.z,0.008938734858657982
33.619,1772609237.514000000,/odom_adapted.pose.pose.orientation.z,0.00927085972686196
34.083,1772609237.978000000,/odom_adapted.pose.pose.orientation.z,0.009594372043326506
35.014,1772609238.909000000,/odom_adapted.pose.pose.orientation.z,0.010179861524780795
35.051,1772609238.946000000,/odom_adapted.pose.pose.orientation.z,0.010095564554711448
35.335,1772609239.230000000,/odom_adapted.pose.pose.orientation.z,0.010480104531878484
35.388,1772609239.283000000,/odom_adapted.pose.pose.orientation.z,0.010517761915767162
35.417,1772609239.312000000,/odom_adapted.pose.pose.orientation.z,0.01033517083033431
35.823,1772609239.718000000,/odom_adapted.pose.pose.orientation.z,0.01031897026495767
35.852,1772609239.747000000,/odom_adapted.pose.pose.orientation.z,0.01032627869374596
35.954,1772609239.849000000,/odom_adapted.pose.pose.orientation.z,0.010436822406971753
36.265,1772609240.160000000,/odom_adapted.pose.pose.orientation.z,0.010604131093157112
36.387,1772609240.282000000,/odom_adapted.pose.pose.orientation.z,0.010830930960647672
37.43,1772609241.325000000,/odom_adapted.pose.pose.orientation.z,0.012020891850479382
37.472,1772609241.367000000,/odom_adapted.pose.pose.orientation.z,0.01201913086072366
38.425,1772609242.320000000,/odom_adapted.pose.pose.orientation.z,0.01263241628064108
38.432,1772609242.327000000,/odom_adapted.pose.pose.orientation.z,0.012629385665757645
39.019,1772609242.914000000,/odom_adapted.pose.pose.orientation.z,0.012535911474757728
39.019,1772609242.914000000,/odom_adapted.pose.pose.orientation.z,0.012624606228506405
39.02,1772609242.915000000,/odom_adapted.pose.pose.orientation.z,0.012560453502057338
39.02,1772609242.915000000,/odom_adapted.pose.pose.orientation.z,0.012492546280739158
39.021,1772609242.916000000,/odom_adapted.pose.pose.orientation.z,0.012439722496774804
39.025,1772609242.920000000,/odom_adapted.pose.pose.orientation.z,0.012534364857989753
39.035,1772609242.930000000,/odom_adapted.pose.pose.orientation.z,0.012540932286721177
39.054,1772609242.949000000,/odom_adapted.pose.pose.orientation.z,0.01254941129465559
39.054,1772609242.949000000,/odom_adapted.pose.pose.orientation.z,0.012559462974879676
39.093,1772609242.988000000,/odom_adapted.pose.pose.orientation.z,0.012567816092236532
39.425,1772609243.320000000,/odom_adapted.pose.pose.orientation.z,0.0123407765123026
39.467,1772609243.362000000,/odom_adapted.pose.pose.orientation.z,0.012352371787425825
39.702,1772609243.597000000,/odom_adapted.pose.pose.orientation.z,0.01239519738329686
40.692,1772609244.587000000,/odom_adapted.pose.pose.orientation.z,0.012355372504113686
40.893,1772609244.788000000,/odom_adapted.pose.pose.orientation.z,0.012295909022977428
46.875,1772609250.770000000,/odom_adapted.pose.pose.orientation.z,0.012739317211407426
46.875,1772609250.770000000,/odom_adapted.pose.pose.orientation.z,0.012823316218832644
46.875,1772609250.770000000,/odom_adapted.pose.pose.orientation.z,0.012912936999275516
46.906,1772609250.801000000,/odom_adapted.pose.pose.orientation.z,0.013248173220282416
46.906,1772609250.801000000,/odom_adapted.pose.pose.orientation.z,0.013140256781038738
46.906,1772609250.801000000,/odom_adapted.pose.pose.orientation.z,0.01390261580257241
46.906,1772609250.801000000,/odom_adapted.pose.pose.orientation.z,0.013920862373219253
46.906,1772609250.801000000,/odom_adapted.pose.pose.orientation.z,0.014041335879585486
46.906,1772609250.801000000,/odom_adapted.pose.pose.orientation.z,0.014106314827500615
46.906,1772609250.801000000,/odom_adapted.pose.pose.orientation.z,0.014554848346955576
46.906,1772609250.801000000,/odom_adapted.pose.pose.orientation.z,0.014584278194860243
46.906,1772609250.801000000,/odom_adapted.pose.pose.orientation.z,0.01467826000901311
46.947,1772609250.842000000,/odom_adapted.pose.pose.orientation.z,0.014999492118863573
46.947,1772609250.842000000,/odom_adapted.pose.pose.orientation.z,0.015406288260442137
47.595,1772609251.490000000,/odom_adapted.pose.pose.orientation.z,0.015467052521060731
47.998,1772609251.893000000,/odom_adapted.pose.pose.orientation.z,0.015315199259188218
48.931,1772609252.826000000,/odom_adapted.pose.pose.orientation.z,0.015613121353068273
49.977,1772609253.872000000,/odom_adapted.pose.pose.orientation.z,0.01629421384261232
51.048,1772609254.943000000,/odom_adapted.pose.pose.orientation.z,0.016641434600090103
51.048,1772609254.943000000,/odom_adapted.pose.pose.orientation.z,0.016606688187760368
52.072,1772609255.967000000,/odom_adapted.pose.pose.orientation.z,0.016709394391387133
52.111,1772609256.006000000,/odom_adapted.pose.pose.orientation.z,0.01676492752918944
52.269,1772609256.164000000,/odom_adapted.pose.pose.orientation.z,0.017196806395917953
52.302,1772609256.197000000,/odom_adapted.pose.pose.orientation.z,0.01727918234513556
52.478,1772609256.373000000,/odom_adapted.pose.pose.orientation.z,0.017357802378402155
53.506,1772609257.401000000,/odom_adapted.pose.pose.orientation.z,0.017443729100092748
54.115,1772609258.010000000,/odom_adapted.pose.pose.orientation.z,0.017654768608662157
54.674,1772609258.569000000,/odom_adapted.pose.pose.orientation.z,0.01758216618742322
55.212,1772609259.107000000,/odom_adapted.pose.pose.orientation.z,0.018253436283813967
56.175,1772609260.070000000,/odom_adapted.pose.pose.orientation.z,0.019090685824739367
64.934,1772609268.829000000,/odom_adapted.pose.pose.orientation.z,0.020365655850800933
64.934,1772609268.829000000,/odom_adapted.pose.pose.orientation.z,0.02035386992566321
64.934,1772609268.829000000,/odom_adapted.pose.pose.orientation.z,0.02031614302275018
64.934,1772609268.829000000,/odom_adapted.pose.pose.orientation.z,0.021171843447923056
64.934,1772609268.829000000,/odom_adapted.pose.pose.orientation.z,0.02098748134984939
64.934,1772609268.829000000,/odom_adapted.pose.pose.orientation.z,0.02158318574680264
64.934,1772609268.829000000,/odom_adapted.pose.pose.orientation.z,0.021525051437737416
64.934,1772609268.829000000,/odom_adapted.pose.pose.orientation.z,0.02153543210329901
64.934,1772609268.829000000,/odom_adapted.pose.pose.orientation.z,0.021558021999363033
64.934,1772609268.829000000,/odom_adapted.pose.pose.orientation.z,0.02159201304893012
64.934,1772609268.829000000,/odom_adapted.pose.pose.orientation.z,0.0215989648724468
64.934,1772609268.829000000,/odom_adapted.pose.pose.orientation.z,0.021990956015406352
64.936,1772609268.831000000,/odom_adapted.pose.pose.orientation.z,0.022350793362536096
64.939,1772609268.834000000,/odom_adapted.pose.pose.orientation.z,0.022029687778541706
64.939,1772609268.834000000,/odom_adapted.pose.pose.orientation.z,0.02288114003088849
64.939,1772609268.834000000,/odom_adapted.pose.pose.orientation.z,0.022901759201742835
64.939,1772609268.834000000,/odom_adapted.pose.pose.orientation.z,0.02293001056190276
64.939,1772609268.834000000,/odom_adapted.pose.pose.orientation.z,0.022975314380060095
64.944,1772609268.839000000,/odom_adapted.pose.pose.orientation.z,0.022754250955424698
64.945,1772609268.840000000,/odom_adapted.pose.pose.orientation.z,0.022632103341000718
64.945,1772609268.840000000,/odom_adapted.pose.pose.orientation.z,0.022536681301287758
64.945,1772609268.840000000,/odom_adapted.pose.pose.orientation.z,0.022559020627449983
64.946,1772609268.841000000,/odom_adapted.pose.pose.orientation.z,0.022749742557367635
64.946,1772609268.841000000,/odom_adapted.pose.pose.orientation.z,0.02272565033344622
64.946,1772609268.841000000,/odom_adapted.pose.pose.orientation.z,0.02268080596533327
64.985,1772609268.880000000,/odom_adapted.pose.pose.orientation.z,0.022670011262770514
65.324,1772609269.219000000,/odom_adapted.pose.pose.orientation.z,0.022170692440997612
65.384,1772609269.279000000,/odom_adapted.pose.pose.orientation.z,0.022224472998497606
66.394,1772609270.289000000,/odom_adapted.pose.pose.orientation.z,0.019320795546507983
66.394,1772609270.289000000,/odom_adapted.pose.pose.orientation.z,0.016066982042753496
66.46,1772609270.355000000,/odom_adapted.pose.pose.orientation.z,0.014290785228175071
66.896,1772609270.791000000,/odom_adapted.pose.pose.orientation.z,0.00402853059173717
67.555,1772609271.450000000,/odom_adapted.pose.pose.orientation.z,-0.03448321009893419
67.555,1772609271.450000000,/odom_adapted.pose.pose.orientation.z,-0.036493150134593456
67.599,1772609271.494000000,/odom_adapted.pose.pose.orientation.z,-0.0380309145640201
68.084,1772609271.979000000,/odom_adapted.pose.pose.orientation.z,-0.09023281720722832
69.052,1772609272.947000000,/odom_adapted.pose.pose.orientation.z,-0.20628619467286402
70.066,1772609273.961000000,/odom_adapted.pose.pose.orientation.z,-0.27136110045701334
70.229,1772609274.124000000,/odom_adapted.pose.pose.orientation.z,-0.27309581801961036
70.631,1772609274.526000000,/odom_adapted.pose.pose.orientation.z,-0.2865861888652509
70.631,1772609274.526000000,/odom_adapted.pose.pose.orientation.z,-0.2869489198536044
71.701,1772609275.596000000,/odom_adapted.pose.pose.orientation.z,-0.1964073244893978
76.832,1772609280.727000000,/odom_adapted.pose.pose.orientation.z,-0.1818660998668217
76.832,1772609280.727000000,/odom_adapted.pose.pose.orientation.z,-0.15635342299976177
76.832,1772609280.727000000,/odom_adapted.pose.pose.orientation.z,-0.1564629504416513
76.832,1772609280.727000000,/odom_adapted.pose.pose.orientation.z,-0.15568943150549466
76.832,1772609280.727000000,/odom_adapted.pose.pose.orientation.z,-0.15497584092825256
76.873,1772609280.768000000,/odom_adapted.pose.pose.orientation.z,-0.15469003337263948
76.873,1772609280.768000000,/odom_adapted.pose.pose.orientation.z,-0.15470831835627605
76.873,1772609280.768000000,/odom_adapted.pose.pose.orientation.z,-0.15473812033199677
76.873,1772609280.768000000,/odom_adapted.pose.pose.orientation.z,-0.15483099684755744
77.29,1772609281.185000000,/odom_adapted.pose.pose.orientation.z,-0.1550176557403876
77.302,1772609281.197000000,/odom_adapted.pose.pose.orientation.z,-0.15492143409496478
77.431,1772609281.326000000,/odom_adapted.pose.pose.orientation.z,-0.15474006865457257
77.433,1772609281.328000000,/odom_adapted.pose.pose.orientation.z,-0.15467336277603727
77.604,1772609281.499000000,/odom_adapted.pose.pose.orientation.z,-0.15465571203791428
78.106,1772609282.001000000,/odom_adapted.pose.pose.orientation.z,-0.15382533021311157
78.213,1772609282.108000000,/odom_adapted.pose.pose.orientation.z,-0.1537099991578438
78.283,1772609282.178000000,/odom_adapted.pose.pose.orientation.z,-0.15368313654496965
79.367,1772609283.262000000,/odom_adapted.pose.pose.orientation.z,-0.15333610213980456
79.779,1772609283.674000000,/odom_adapted.pose.pose.orientation.z,-0.15264954504190206
79.779,1772609283.674000000,/odom_adapted.pose.pose.orientation.z,-0.1526136043175568
79.941,1772609283.836000000,/odom_adapted.pose.pose.orientation.z,-0.15254977163538957
80.005,1772609283.900000000,/odom_adapted.pose.pose.orientation.z,-0.15262058095094247
80.011,1772609283.906000000,/odom_adapted.pose.pose.orientation.z,-0.15258281442878782
80.011,1772609283.906000000,/odom_adapted.pose.pose.orientation.z,-0.15254206445790375
80.937,1772609284.832000000,/odom_adapted.pose.pose.orientation.z,-0.15279807763787587
80.937,1772609284.832000000,/odom_adapted.pose.pose.orientation.z,-0.15285274430391324
81.954,1772609285.849000000,/odom_adapted.pose.pose.orientation.z,-0.15213772548557047
82.015,1772609285.910000000,/odom_adapted.pose.pose.orientation.z,-0.1521393740047102
82.274,1772609286.169000000,/odom_adapted.pose.pose.orientation.z,-0.15159007303612923
82.332,1772609286.227000000,/odom_adapted.pose.pose.orientation.z,-0.1515816926804845
82.343,1772609286.238000000,/odom_adapted.pose.pose.orientation.z,-0.15157399354131956
83.335,1772609287.230000000,/odom_adapted.pose.pose.orientation.z,-0.15015626440083904
83.335,1772609287.230000000,/odom_adapted.pose.pose.orientation.z,-0.15014816468427367
83.374,1772609287.269000000,/odom_adapted.pose.pose.orientation.z,-0.15013884567746053
83.781,1772609287.676000000,/odom_adapted.pose.pose.orientation.z,-0.15003478759352784
83.827,1772609287.722000000,/odom_adapted.pose.pose.orientation.z,-0.14997101360149284
84.464,1772609288.359000000,/odom_adapted.pose.pose.orientation.z,-0.15015559605811418
84.644,1772609288.539000000,/odom_adapted.pose.pose.orientation.z,-0.1498854650364834
84.681,1772609288.576000000,/odom_adapted.pose.pose.orientation.z,-0.1498516479922599
84.93,1772609288.825000000,/odom_adapted.pose.pose.orientation.z,-0.14944821537455444
84.954,1772609288.849000000,/odom_adapted.pose.pose.orientation.z,-0.1493706784817301
84.955,1772609288.850000000,/odom_adapted.pose.pose.orientation.z,-0.14931137456619747
84.998,1772609288.893000000,/odom_adapted.pose.pose.orientation.z,-0.14943194361112877
85.048,1772609288.943000000,/odom_adapted.pose.pose.orientation.z,-0.14949256058344795
85.077,1772609288.972000000,/odom_adapted.pose.pose.orientation.z,-0.14940031857355984
85.077,1772609288.972000000,/odom_adapted.pose.pose.orientation.z,-0.14939561530266335
85.662,1772609289.557000000,/odom_adapted.pose.pose.orientation.z,-0.14980484660443985
85.662,1772609289.557000000,/odom_adapted.pose.pose.orientation.z,-0.14988440036573378
85.67,1772609289.565000000,/odom_adapted.pose.pose.orientation.z,-0.14987615818521885
85.736,1772609289.631000000,/odom_adapted.pose.pose.orientation.z,-0.14986818861892373
86.707,1772609290.602000000,/odom_adapted.pose.pose.orientation.z,-0.1500265401764343
86.84,1772609290.735000000,/odom_adapted.pose.pose.orientation.z,-0.14989626595780955
86.841,1772609290.736000000,/odom_adapted.pose.pose.orientation.z,-0.14993945771870393
86.854,1772609290.749000000,/odom_adapted.pose.pose.orientation.z,-0.14988476549983712
86.874,1772609290.769000000,/odom_adapted.pose.pose.orientation.z,-0.14979516735395915
86.874,1772609290.769000000,/odom_adapted.pose.pose.orientation.z,-0.149698171118124
86.874,1772609290.769000000,/odom_adapted.pose.pose.orientation.z,-0.14975493927248779
87.901,1772609291.796000000,/odom_adapted.pose.pose.orientation.z,-0.14911719968673795
88.313,1772609292.208000000,/odom_adapted.pose.pose.orientation.z,-0.14897017350917857
88.37,1772609292.265000000,/odom_adapted.pose.pose.orientation.z,-0.14901466316528703
89.399,1772609293.294000000,/odom_adapted.pose.pose.orientation.z,-0.1483964034767438
90.345,1772609294.240000000,/odom_adapted.pose.pose.orientation.z,-0.1479843165660766
90.425,1772609294.320000000,/odom_adapted.pose.pose.orientation.z,-0.14794621110146577
91.364,1772609295.259000000,/odom_adapted.pose.pose.orientation.z,-0.1474476608032084
92.411,1772609296.306000000,/odom_adapted.pose.pose.orientation.z,-0.14768717130007025
92.411,1772609296.306000000,/odom_adapted.pose.pose.orientation.z,-0.14767918528297316
92.61,1772609296.505000000,/odom_adapted.pose.pose.orientation.z,-0.14752456479738732
92.845,1772609296.740000000,/odom_adapted.pose.pose.orientation.z,-0.12123503001526933
94.022,1772609297.917000000,/odom_adapted.pose.pose.orientation.z,-0.015832036188176177
94.111,1772609298.006000000,/odom_adapted.pose.pose.orientation.z,0.01337351628663466
94.245,1772609298.140000000,/odom_adapted.pose.pose.orientation.z,0.022477291893670887
94.309,1772609298.204000000,/odom_adapted.pose.pose.orientation.z,0.040195990419780905
95.28,1772609299.175000000,/odom_adapted.pose.pose.orientation.z,0.4016480386044451
95.342,1772609299.237000000,/odom_adapted.pose.pose.orientation.z,0.4164850522492418
96.383,1772609300.278000000,/odom_adapted.pose.pose.orientation.z,0.5218268911135685
96.719,1772609300.614000000,/odom_adapted.pose.pose.orientation.z,0.5219599886764247
96.889,1772609300.784000000,/odom_adapted.pose.pose.orientation.z,0.5220439503310512
97.983,1772609301.878000000,/odom_adapted.pose.pose.orientation.z,0.5230135460772034
97.983,1772609301.878000000,/odom_adapted.pose.pose.orientation.z,0.523089318037904
98.759,1772609302.654000000,/odom_adapted.pose.pose.orientation.z,0.5230063306312535
98.817,1772609302.712000000,/odom_adapted.pose.pose.orientation.z,0.5229941141836366
99.815,1772609303.710000000,/odom_adapted.pose.pose.orientation.z,0.5232005314749347
100.25,1772609304.145000000,/odom_adapted.pose.pose.orientation.z,0.5231355214181459
101.325,1772609305.220000000,/odom_adapted.pose.pose.orientation.z,0.5235505225197729
102.306,1772609306.201000000,/odom_adapted.pose.pose.orientation.z,0.5247682149213394
103.314,1772609307.209000000,/odom_adapted.pose.pose.orientation.z,0.5253607973774348
103.372,1772609307.267000000,/odom_adapted.pose.pose.orientation.z,0.525333135783748
103.692,1772609307.587000000,/odom_adapted.pose.pose.orientation.z,0.5255765460449169
103.799,1772609307.694000000,/odom_adapted.pose.pose.orientation.z,0.5254947590916972
104.167,1772609308.062000000,/odom_adapted.pose.pose.orientation.z,0.5259934827026459
104.492,1772609308.387000000,/odom_adapted.pose.pose.orientation.z,0.5261764906011422
105.527,1772609309.422000000,/odom_adapted.pose.pose.orientation.z,0.5268045463256364
106.495,1772609310.390000000,/odom_adapted.pose.pose.orientation.z,0.5263301431565499
107.522,1772609311.417000000,/odom_adapted.pose.pose.orientation.z,0.5276258655784346
108.002,1772609311.897000000,/odom_adapted.pose.pose.orientation.z,0.5276116715326005
108.061,1772609311.956000000,/odom_adapted.pose.pose.orientation.z,0.5276163680607129
108.11,1772609312.005000000,/odom_adapted.pose.pose.orientation.z,0.5278055877537674
108.111,1772609312.006000000,/odom_adapted.pose.pose.orientation.z,0.5277945300678093
108.147,1772609312.042000000,/odom_adapted.pose.pose.orientation.z,0.5277868742628868
108.147,1772609312.042000000,/odom_adapted.pose.pose.orientation.z,0.5278113693828289
108.147,1772609312.042000000,/odom_adapted.pose.pose.orientation.z,0.5278373546301084
109.062,1772609312.957000000,/odom_adapted.pose.pose.orientation.z,0.5282181625899508
109.063,1772609312.958000000,/odom_adapted.pose.pose.orientation.z,0.5282596211514605
109.063,1772609312.958000000,/odom_adapted.pose.pose.orientation.z,0.5282593402860838
109.063,1772609312.958000000,/odom_adapted.pose.pose.orientation.z,0.5283578837469972
109.063,1772609312.958000000,/odom_adapted.pose.pose.orientation.z,0.5284096407232155
109.063,1772609312.958000000,/odom_adapted.pose.pose.orientation.z,0.528492022703992
109.066,1772609312.961000000,/odom_adapted.pose.pose.orientation.z,0.5284025118049911
109.068,1772609312.963000000,/odom_adapted.pose.pose.orientation.z,0.5284337043717311
109.07,1772609312.965000000,/odom_adapted.pose.pose.orientation.z,0.5284661391462466
109.07,1772609312.965000000,/odom_adapted.pose.pose.orientation.z,0.5285006352292909
109.095,1772609312.990000000,/odom_adapted.pose.pose.orientation.z,0.5285964587489184
109.096,1772609312.991000000,/odom_adapted.pose.pose.orientation.z,0.5286917921665188
109.096,1772609312.991000000,/odom_adapted.pose.pose.orientation.z,0.5287362941336854
109.126,1772609313.021000000,/odom_adapted.pose.pose.orientation.z,0.5287801762050004
109.473,1772609313.368000000,/odom_adapted.pose.pose.orientation.z,0.5286374642417597
109.502,1772609313.397000000,/odom_adapted.pose.pose.orientation.z,0.5286424723181552
109.502,1772609313.397000000,/odom_adapted.pose.pose.orientation.z,0.5286318685766642
109.534,1772609313.429000000,/odom_adapted.pose.pose.orientation.z,0.5286222984052462
110.137,1772609314.032000000,/odom_adapted.pose.pose.orientation.z,0.5287369723321588
111.137,1772609315.032000000,/odom_adapted.pose.pose.orientation.z,0.5288136722444514
112.228,1772609316.123000000,/odom_adapted.pose.pose.orientation.z,0.5292354616137263
112.272,1772609316.167000000,/odom_adapted.pose.pose.orientation.z,0.5293157649680594
113.233,1772609317.128000000,/odom_adapted.pose.pose.orientation.z,0.5307771068525678
114.278,1772609318.173000000,/odom_adapted.pose.pose.orientation.z,0.6230067872644238
114.671,1772609318.566000000,/odom_adapted.pose.pose.orientation.z,0.6857272826829584
114.8,1772609318.695000000,/odom_adapted.pose.pose.orientation.z,0.7092125283500461
115.803,1772609319.698000000,/odom_adapted.pose.pose.orientation.z,0.8757311980420742
115.847,1772609319.742000000,/odom_adapted.pose.pose.orientation.z,0.8781151567271945
116.689,1772609320.584000000,/odom_adapted.pose.pose.orientation.z,0.9642685644625744
116.843,1772609320.738000000,/odom_adapted.pose.pose.orientation.z,0.9720251671569158
117.11,1772609321.005000000,/odom_adapted.pose.pose.orientation.z,0.9941481491688094
117.909,1772609321.804000000,/odom_adapted.pose.pose.orientation.z,0.9999916947011944
117.942,1772609321.837000000,/odom_adapted.pose.pose.orientation.z,0.9999968994289165
118.505,1772609322.400000000,/odom_adapted.pose.pose.orientation.z,0.9994059046220789
118.57,1772609322.465000000,/odom_adapted.pose.pose.orientation.z,0.9992297054679444
118.705,1772609322.600000000,/odom_adapted.pose.pose.orientation.z,0.9987066541639742
119.086,1772609322.981000000,/odom_adapted.pose.pose.orientation.z,0.9971662164234613
119.885,1772609323.780000000,/odom_adapted.pose.pose.orientation.z,0.992418335193671
120.014,1772609323.909000000,/odom_adapted.pose.pose.orientation.z,0.9915334958127985
120.106,1772609324.001000000,/odom_adapted.pose.pose.orientation.z,0.9914795612824989
120.143,1772609324.038000000,/odom_adapted.pose.pose.orientation.z,0.991319412960406
120.34,1772609324.235000000,/odom_adapted.pose.pose.orientation.z,0.9906632244053235
121.41,1772609325.305000000,/odom_adapted.pose.pose.orientation.z,0.9940620975435371
122.464,1772609326.359000000,/odom_adapted.pose.pose.orientation.z,0.9947339185524694
122.495,1772609326.390000000,/odom_adapted.pose.pose.orientation.z,0.9947333103798673
123.414,1772609327.309000000,/odom_adapted.pose.pose.orientation.z,0.9946872192799056
123.487,1772609327.382000000,/odom_adapted.pose.pose.orientation.z,0.9946844786285893
124.522,1772609328.417000000,/odom_adapted.pose.pose.orientation.z,0.9946448093832846
124.555,1772609328.450000000,/odom_adapted.pose.pose.orientation.z,0.9946301263412778
124.747,1772609328.642000000,/odom_adapted.pose.pose.orientation.z,0.9946215395989854
125.789,1772609329.684000000,/odom_adapted.pose.pose.orientation.z,0.9946040755160965
126.754,1772609330.649000000,/odom_adapted.pose.pose.orientation.z,0.9944413171931964
127.752,1772609331.647000000,/odom_adapted.pose.pose.orientation.z,0.9943821798745776
127.783,1772609331.678000000,/odom_adapted.pose.pose.orientation.z,0.9943813683516397
127.882,1772609331.777000000,/odom_adapted.pose.pose.orientation.z,0.9943831408894122
128.481,1772609332.376000000,/odom_adapted.pose.pose.orientation.z,0.9942459148624844
128.482,1772609332.377000000,/odom_adapted.pose.pose.orientation.z,0.9942481683082587
129.565,1772609333.460000000,/odom_adapted.pose.pose.orientation.z,0.9941925756766662
129.587,1772609333.482000000,/odom_adapted.pose.pose.orientation.z,0.99419957813668
129.591,1772609333.486000000,/odom_adapted.pose.pose.orientation.z,0.9941964629466044
129.617,1772609333.512000000,/odom_adapted.pose.pose.orientation.z,0.9941931530351433
129.618,1772609333.513000000,/odom_adapted.pose.pose.orientation.z,0.9941869698332096
129.618,1772609333.513000000,/odom_adapted.pose.pose.orientation.z,0.9941813278984148
129.629,1772609333.524000000,/odom_adapted.pose.pose.orientation.z,0.9941804425050416
129.883,1772609333.778000000,/odom_adapted.pose.pose.orientation.z,0.994157080708786
130.02,1772609333.915000000,/odom_adapted.pose.pose.orientation.z,0.9941506123829942
130.022,1772609333.917000000,/odom_adapted.pose.pose.orientation.z,0.9941465835207581
130.449,1772609334.344000000,/odom_adapted.pose.pose.orientation.z,0.9941242783473989
130.501,1772609334.396000000,/odom_adapted.pose.pose.orientation.z,0.9941258358151137
130.788,1772609334.683000000,/odom_adapted.pose.pose.orientation.z,0.9941168812913768
131.42,1772609335.315000000,/odom_adapted.pose.pose.orientation.z,0.9941708587016094
131.429,1772609335.324000000,/odom_adapted.pose.pose.orientation.z,0.994163241632766
132.159,1772609336.054000000,/odom_adapted.pose.pose.orientation.z,0.9941525839498273
132.165,1772609336.060000000,/odom_adapted.pose.pose.orientation.z,0.9941549377059968
132.167,1772609336.062000000,/odom_adapted.pose.pose.orientation.z,0.9941540501450066
132.168,1772609336.063000000,/odom_adapted.pose.pose.orientation.z,0.9941530554142276
132.19,1772609336.085000000,/odom_adapted.pose.pose.orientation.z,0.9941474261760723
132.19,1772609336.085000000,/odom_adapted.pose.pose.orientation.z,0.9941433858660429
132.55,1772609336.445000000,/odom_adapted.pose.pose.orientation.z,0.9941289564625855
132.587,1772609336.482000000,/odom_adapted.pose.pose.orientation.z,0.9941255608551003
132.588,1772609336.483000000,/odom_adapted.pose.pose.orientation.z,0.9941225234023838
132.588,1772609336.483000000,/odom_adapted.pose.pose.orientation.z,0.9941194475195139
132.59,1772609336.485000000,/odom_adapted.pose.pose.orientation.z,0.9941137059041294
132.59,1772609336.485000000,/odom_adapted.pose.pose.orientation.z,0.9941007571419568
132.723,1772609336.618000000,/odom_adapted.pose.pose.orientation.z,0.9940832262218472
132.857,1772609336.752000000,/odom_adapted.pose.pose.orientation.z,0.9940647283804015
132.887,1772609336.782000000,/odom_adapted.pose.pose.orientation.z,0.9940638034705372
133.45,1772609337.345000000,/odom_adapted.pose.pose.orientation.z,0.9947931152272168
133.492,1772609337.387000000,/odom_adapted.pose.pose.orientation.z,0.9947922587690756
133.957,1772609337.852000000,/odom_adapted.pose.pose.orientation.z,0.9961402984335316
134.986,1772609338.881000000,/odom_adapted.pose.pose.orientation.z,0.9999295847722381
136.036,1772609339.931000000,/odom_adapted.pose.pose.orientation.z,0.9796133544405026
136.123,1772609340.018000000,/odom_adapted.pose.pose.orientation.z,0.9792364288111352
136.123,1772609340.018000000,/odom_adapted.pose.pose.orientation.z,0.9792389920624591
136.201,1772609340.096000000,/odom_adapted.pose.pose.orientation.z,0.9793270745593275
137.193,1772609341.088000000,/odom_adapted.pose.pose.orientation.z,0.9895384268048224
137.224,1772609341.119000000,/odom_adapted.pose.pose.orientation.z,0.9899138594786724
138.203,1772609342.098000000,/odom_adapted.pose.pose.orientation.z,0.9901874995071862
138.255,1772609342.150000000,/odom_adapted.pose.pose.orientation.z,0.9901933548446075
138.256,1772609342.151000000,/odom_adapted.pose.pose.orientation.z,0.9902062995647746
138.314,1772609342.209000000,/odom_adapted.pose.pose.orientation.z,0.9902087385976719
138.952,1772609342.847000000,/odom_adapted.pose.pose.orientation.z,0.9901875538597136
138.955,1772609342.850000000,/odom_adapted.pose.pose.orientation.z,0.9902267555170672
139.934,1772609343.829000000,/odom_adapted.pose.pose.orientation.z,0.9903992612775634
139.976,1772609343.871000000,/odom_adapted.pose.pose.orientation.z,0.9904012531435875
139.982,1772609343.877000000,/odom_adapted.pose.pose.orientation.z,0.9904036976740693
140.024,1772609343.919000000,/odom_adapted.pose.pose.orientation.z,0.9904062980714745
140.07,1772609343.965000000,/odom_adapted.pose.pose.orientation.z,0.9904210356108893
141.068,1772609344.963000000,/odom_adapted.pose.pose.orientation.z,0.9904797096268014
141.192,1772609345.087000000,/odom_adapted.pose.pose.orientation.z,0.9905017133834023
141.429,1772609345.324000000,/odom_adapted.pose.pose.orientation.z,0.990541151548833
142.389,1772609346.284000000,/odom_adapted.pose.pose.orientation.z,0.9905861258337245
142.438,1772609346.333000000,/odom_adapted.pose.pose.orientation.z,0.9905778450264443
142.591,1772609346.486000000,/odom_adapted.pose.pose.orientation.z,0.9905838417960254
142.639,1772609346.534000000,/odom_adapted.pose.pose.orientation.z,0.9905822036118687
142.7,1772609346.595000000,/odom_adapted.pose.pose.orientation.z,0.9905882783305932
142.78,1772609346.675000000,/odom_adapted.pose.pose.orientation.z,0.9906241431595207
142.78,1772609346.675000000,/odom_adapted.pose.pose.orientation.z,0.9906211776699554
142.819,1772609346.714000000,/odom_adapted.pose.pose.orientation.z,0.9906172132949074
142.876,1772609346.771000000,/odom_adapted.pose.pose.orientation.z,0.9906180528822497
143.153,1772609347.048000000,/odom_adapted.pose.pose.orientation.z,0.9906001584194304
143.215,1772609347.110000000,/odom_adapted.pose.pose.orientation.z,0.9906040365755039
143.345,1772609347.240000000,/odom_adapted.pose.pose.orientation.z,0.9905985631709878
143.409,1772609347.304000000,/odom_adapted.pose.pose.orientation.z,0.9905895317737968
143.552,1772609347.447000000,/odom_adapted.pose.pose.orientation.z,0.9906394107470177
143.66,1772609347.555000000,/odom_adapted.pose.pose.orientation.z,0.9906363757125726
143.728,1772609347.623000000,/odom_adapted.pose.pose.orientation.z,0.99064165553993
144.205,1772609348.100000000,/odom_adapted.pose.pose.orientation.z,0.9907203907620974
144.259,1772609348.154000000,/odom_adapted.pose.pose.orientation.z,0.9907282178760585
144.506,1772609348.401000000,/odom_adapted.pose.pose.orientation.z,0.9907714022441295
144.579,1772609348.474000000,/odom_adapted.pose.pose.orientation.z,0.9907767624656851
144.683,1772609348.578000000,/odom_adapted.pose.pose.orientation.z,0.9907791639961108
144.715,1772609348.610000000,/odom_adapted.pose.pose.orientation.z,0.9907816308493154
144.786,1772609348.681000000,/odom_adapted.pose.pose.orientation.z,0.9907506432236248
144.853,1772609348.748000000,/odom_adapted.pose.pose.orientation.z,0.9907422550805614
145.212,1772609349.107000000,/odom_adapted.pose.pose.orientation.z,0.9907376680742342
145.274,1772609349.169000000,/odom_adapted.pose.pose.orientation.z,0.9907207010890935
145.479,1772609349.374000000,/odom_adapted.pose.pose.orientation.z,0.9907571209730927
145.48,1772609349.375000000,/odom_adapted.pose.pose.orientation.z,0.990759583222953
145.636,1772609349.531000000,/odom_adapted.pose.pose.orientation.z,0.9907479572976107
145.697,1772609349.592000000,/odom_adapted.pose.pose.orientation.z,0.9907490780253185
145.898,1772609349.793000000,/odom_adapted.pose.pose.orientation.z,0.9908097907277866
146.012,1772609349.907000000,/odom_adapted.pose.pose.orientation.z,0.9907938896091562
146.058,1772609349.953000000,/odom_adapted.pose.pose.orientation.z,0.9907895351000175
146.158,1772609350.053000000,/odom_adapted.pose.pose.orientation.z,0.9908097183896307
146.214,1772609350.109000000,/odom_adapted.pose.pose.orientation.z,0.9908094794978597
146.244,1772609350.139000000,/odom_adapted.pose.pose.orientation.z,0.990795257476822
146.244,1772609350.139000000,/odom_adapted.pose.pose.orientation.z,0.990800462645746
146.409,1772609350.304000000,/odom_adapted.pose.pose.orientation.z,0.9908018915596225
148.488,1772609352.383000000,/odom_adapted.pose.pose.orientation.z,0.9908911910580053
148.503,1772609352.398000000,/odom_adapted.pose.pose.orientation.z,0.9909840875496417
148.955,1772609352.850000000,/odom_adapted.pose.pose.orientation.z,0.9910471383748725
149.003,1772609352.898000000,/odom_adapted.pose.pose.orientation.z,0.991041567728127
149.044,1772609352.939000000,/odom_adapted.pose.pose.orientation.z,0.9910137360134795
149.044,1772609352.939000000,/odom_adapted.pose.pose.orientation.z,0.9910029327167178
149.27,1772609353.165000000,/odom_adapted.pose.pose.orientation.z,0.9909629715156294
149.313,1772609353.208000000,/odom_adapted.pose.pose.orientation.z,0.9909732757851899
149.314,1772609353.209000000,/odom_adapted.pose.pose.orientation.z,0.99097976369405
149.593,1772609353.488000000,/odom_adapted.pose.pose.orientation.z,0.9909872730194905
149.667,1772609353.562000000,/odom_adapted.pose.pose.orientation.z,0.990974341711483
150.848,1772609354.743000000,/odom_adapted.pose.pose.orientation.z,0.9909630682532409
150.951,1772609354.846000000,/odom_adapted.pose.pose.orientation.z,0.9910440715538629
151.009,1772609354.904000000,/odom_adapted.pose.pose.orientation.z,0.9910544819248143
151.058,1772609354.953000000,/odom_adapted.pose.pose.orientation.z,0.9910672017670339
151.116,1772609355.011000000,/odom_adapted.pose.pose.orientation.z,0.9910822414940396
151.179,1772609355.074000000,/odom_adapted.pose.pose.orientation.z,0.9910833375908337
151.495,1772609355.390000000,/odom_adapted.pose.pose.orientation.z,0.9911541759584457
151.503,1772609355.398000000,/odom_adapted.pose.pose.orientation.z,0.9911656378248418
151.701,1772609355.596000000,/odom_adapted.pose.pose.orientation.z,0.9911996064725015
151.708,1772609355.603000000,/odom_adapted.pose.pose.orientation.z,0.9912086408758858
151.835,1772609355.730000000,/odom_adapted.pose.pose.orientation.z,0.9912328816704474
151.957,1772609355.852000000,/odom_adapted.pose.pose.orientation.z,0.991237549189935
152.016,1772609355.911000000,/odom_adapted.pose.pose.orientation.z,0.9912447520269879
152.025,1772609355.920000000,/odom_adapted.pose.pose.orientation.z,0.9912445197318308
152.139,1772609356.034000000,/odom_adapted.pose.pose.orientation.z,0.9912365626421795
152.157,1772609356.052000000,/odom_adapted.pose.pose.orientation.z,0.9912349988715178
152.224,1772609356.119000000,/odom_adapted.pose.pose.orientation.z,0.9912436270775108
152.263,1772609356.158000000,/odom_adapted.pose.pose.orientation.z,0.9912552999846781
152.391,1772609356.286000000,/odom_adapted.pose.pose.orientation.z,0.9912628719274864
152.489,1772609356.384000000,/odom_adapted.pose.pose.orientation.z,0.9912853337331856
152.558,1772609356.453000000,/odom_adapted.pose.pose.orientation.z,0.9913049685921208
152.596,1772609356.491000000,/odom_adapted.pose.pose.orientation.z,0.991313605335824
152.657,1772609356.552000000,/odom_adapted.pose.pose.orientation.z,0.9913097811086978
152.698,1772609356.593000000,/odom_adapted.pose.pose.orientation.z,0.9913200192431192
154.713,1772609358.608000000,/odom_adapted.pose.pose.orientation.z,0.9913313846006491
154.752,1772609358.647000000,/odom_adapted.pose.pose.orientation.z,0.9914311292939428
154.982,1772609358.877000000,/odom_adapted.pose.pose.orientation.z,0.9914526583914691
155.021,1772609358.916000000,/odom_adapted.pose.pose.orientation.z,0.9914209128573207
155.021,1772609358.916000000,/odom_adapted.pose.pose.orientation.z,0.9914128442362221
155.318,1772609359.213000000,/odom_adapted.pose.pose.orientation.z,0.9914422772825713
155.354,1772609359.249000000,/odom_adapted.pose.pose.orientation.z,0.9914367597871551
156.756,1772609360.651000000,/odom_adapted.pose.pose.orientation.z,0.9915087827866087
157.096,1772609360.991000000,/odom_adapted.pose.pose.orientation.z,0.991509626054857
157.096,1772609360.991000000,/odom_adapted.pose.pose.orientation.z,0.9915120070569844
157.112,1772609361.007000000,/odom_adapted.pose.pose.orientation.z,0.9915143944875927
157.592,1772609361.487000000,/odom_adapted.pose.pose.orientation.z,0.9915025493067662
157.642,1772609361.537000000,/odom_adapted.pose.pose.orientation.z,0.9915062463803682
157.859,1772609361.754000000,/odom_adapted.pose.pose.orientation.z,0.9915175790756676
157.918,1772609361.813000000,/odom_adapted.pose.pose.orientation.z,0.9915211888513592
158.248,1772609362.143000000,/odom_adapted.pose.pose.orientation.z,0.9915127958967496
158.297,1772609362.192000000,/odom_adapted.pose.pose.orientation.z,0.9915123395767713
158.651,1772609362.546000000,/odom_adapted.pose.pose.orientation.z,0.9915135041921834
158.699,1772609362.594000000,/odom_adapted.pose.pose.orientation.z,0.991505322651062
158.736,1772609362.631000000,/odom_adapted.pose.pose.orientation.z,0.9915279119167392
158.736,1772609362.631000000,/odom_adapted.pose.pose.orientation.z,0.9915276858021089
158.864,1772609362.759000000,/odom_adapted.pose.pose.orientation.z,0.9915382321027156
159.058,1772609362.953000000,/odom_adapted.pose.pose.orientation.z,0.991511704435052
159.058,1772609362.953000000,/odom_adapted.pose.pose.orientation.z,0.9915140703768254
159.136,1772609363.031000000,/odom_adapted.pose.pose.orientation.z,0.9915415014710485
159.422,1772609363.317000000,/odom_adapted.pose.pose.orientation.z,0.9915468019707864
159.424,1772609363.319000000,/odom_adapted.pose.pose.orientation.z,0.9915491479335384
159.595,1772609363.490000000,/odom_adapted.pose.pose.orientation.z,0.9915597217755757
159.625,1772609363.520000000,/odom_adapted.pose.pose.orientation.z,0.9915608447906339
159.989,1772609363.884000000,/odom_adapted.pose.pose.orientation.z,0.9915616904086877
159.989,1772609363.884000000,/odom_adapted.pose.pose.orientation.z,0.9915614977285917
160.021,1772609363.916000000,/odom_adapted.pose.pose.orientation.z,0.9915562499218828
160.188,1772609364.083000000,/odom_adapted.pose.pose.orientation.z,0.991544978252873
160.219,1772609364.114000000,/odom_adapted.pose.pose.orientation.z,0.9915408422074697
160.285,1772609364.180000000,/odom_adapted.pose.pose.orientation.z,0.9915113020024809
160.352,1772609364.247000000,/odom_adapted.pose.pose.orientation.z,0.9915176390270156
160.588,1772609364.483000000,/odom_adapted.pose.pose.orientation.z,0.9915481649921748
160.616,1772609364.511000000,/odom_adapted.pose.pose.orientation.z,0.9915544359332408
160.789,1772609364.684000000,/odom_adapted.pose.pose.orientation.z,0.9915718468411691
160.816,1772609364.711000000,/odom_adapted.pose.pose.orientation.z,0.9915638663557927
160.892,1772609364.787000000,/odom_adapted.pose.pose.orientation.z,0.9915501270087365
160.92,1772609364.815000000,/odom_adapted.pose.pose.orientation.z,0.9915473037260075
161.229,1772609365.124000000,/odom_adapted.pose.pose.orientation.z,0.9915974216052027
161.435,1772609365.330000000,/odom_adapted.pose.pose.orientation.z,0.9916296120338416
162.046,1772609365.941000000,/odom_adapted.pose.pose.orientation.z,0.9916203662280105
162.09,1772609365.985000000,/odom_adapted.pose.pose.orientation.z,0.9916146175454129
162.157,1772609366.052000000,/odom_adapted.pose.pose.orientation.z,0.9916036048806354
162.353,1772609366.248000000,/odom_adapted.pose.pose.orientation.z,0.99162203442591
163.335,1772609367.230000000,/odom_adapted.pose.pose.orientation.z,0.9917319836201338
163.452,1772609367.347000000,/odom_adapted.pose.pose.orientation.z,0.9917457594068263
163.509,1772609367.404000000,/odom_adapted.pose.pose.orientation.z,0.991753198174544
163.762,1772609367.657000000,/odom_adapted.pose.pose.orientation.z,0.9917603618487663
163.827,1772609367.722000000,/odom_adapted.pose.pose.orientation.z,0.9917624332277154
164.102,1772609367.997000000,/odom_adapted.pose.pose.orientation.z,0.9917854852641327
164.362,1772609368.257000000,/odom_adapted.pose.pose.orientation.z,0.991815543755292
164.365,1772609368.260000000,/odom_adapted.pose.pose.orientation.z,0.9918153183369766
164.377,1772609368.272000000,/odom_adapted.pose.pose.orientation.z,0.9918150873103028
164.381,1772609368.276000000,/odom_adapted.pose.pose.orientation.z,0.9918148535616765
164.381,1772609368.276000000,/odom_adapted.pose.pose.orientation.z,0.991812084205228
164.405,1772609368.300000000,/odom_adapted.pose.pose.orientation.z,0.9918094655386535
164.423,1772609368.318000000,/odom_adapted.pose.pose.orientation.z,0.9918144354929009
164.423,1772609368.318000000,/odom_adapted.pose.pose.orientation.z,0.991819269880109
164.423,1772609368.318000000,/odom_adapted.pose.pose.orientation.z,0.991813962318739
164.423,1772609368.318000000,/odom_adapted.pose.pose.orientation.z,0.9918081630843704
164.423,1772609368.318000000,/odom_adapted.pose.pose.orientation.z,0.9918067668705497
164.423,1772609368.318000000,/odom_adapted.pose.pose.orientation.z,0.9918052088966499
164.423,1772609368.318000000,/odom_adapted.pose.pose.orientation.z,0.9917970751903722
164.423,1772609368.318000000,/odom_adapted.pose.pose.orientation.z,0.9917891993517336
164.471,1772609368.366000000,/odom_adapted.pose.pose.orientation.z,0.9917927462274064
165.019,1772609368.914000000,/odom_adapted.pose.pose.orientation.z,0.9918037389899371
165.022,1772609368.917000000,/odom_adapted.pose.pose.orientation.z,0.9918010537855385
24.051,1772609227.946000000,/odom.pose.pose.orientation.z,0.004978738392068994
24.051,1772609227.946000000,/odom.pose.pose.orientation.z,0.00493762766031306
24.053,1772609227.948000000,/odom.pose.pose.orientation.z,0.005003118273134321
24.111,1772609228.006000000,/odom.pose.pose.orientation.z,0.005019180064627753
24.145,1772609228.040000000,/odom.pose.pose.orientation.z,0.005034032622825642
24.198,1772609228.093000000,/odom.pose.pose.orientation.z,0.0050460059201265905
24.199,1772609228.094000000,/odom.pose.pose.orientation.z,0.005033386936475563
24.235,1772609228.130000000,/odom.pose.pose.orientation.z,0.005098731482780701
24.261,1772609228.156000000,/odom.pose.pose.orientation.z,0.005171750479631872
24.341,1772609228.236000000,/odom.pose.pose.orientation.z,0.005247201204620093
24.344,1772609228.239000000,/odom.pose.pose.orientation.z,0.005252021652220262
24.364,1772609228.259000000,/odom.pose.pose.orientation.z,0.005231671670329314
24.381,1772609228.276000000,/odom.pose.pose.orientation.z,0.005239942061086508
24.439,1772609228.334000000,/odom.pose.pose.orientation.z,0.0052380763423317545
24.558,1772609228.453000000,/odom.pose.pose.orientation.z,0.0052358168228413505
24.579,1772609228.474000000,/odom.pose.pose.orientation.z,0.00524416575476265
24.579,1772609228.474000000,/odom.pose.pose.orientation.z,0.00526980534479665
24.582,1772609228.477000000,/odom.pose.pose.orientation.z,0.0052614628359389445
24.585,1772609228.480000000,/odom.pose.pose.orientation.z,0.005159829689322273
24.647,1772609228.542000000,/odom.pose.pose.orientation.z,0.005088090685376878
24.678,1772609228.573000000,/odom.pose.pose.orientation.z,0.005080896812735545
24.717,1772609228.612000000,/odom.pose.pose.orientation.z,0.005178406806447498
24.739,1772609228.634000000,/odom.pose.pose.orientation.z,0.005295632844202135
24.78,1772609228.675000000,/odom.pose.pose.orientation.z,0.005270786027825411
24.825,1772609228.720000000,/odom.pose.pose.orientation.z,0.005222764418417155
24.826,1772609228.721000000,/odom.pose.pose.orientation.z,0.005214158253176085
24.855,1772609228.750000000,/odom.pose.pose.orientation.z,0.005178982889634031
24.915,1772609228.810000000,/odom.pose.pose.orientation.z,0.005126660890718821
24.917,1772609228.812000000,/odom.pose.pose.orientation.z,0.005076830106515902
24.948,1772609228.843000000,/odom.pose.pose.orientation.z,0.005078787364136104
25.012,1772609228.907000000,/odom.pose.pose.orientation.z,0.005082327115733477
25.018,1772609228.913000000,/odom.pose.pose.orientation.z,0.005119232762313093
25.051,1772609228.946000000,/odom.pose.pose.orientation.z,0.005229979394043067
25.094,1772609228.989000000,/odom.pose.pose.orientation.z,0.005195753018162741
25.209,1772609229.104000000,/odom.pose.pose.orientation.z,0.005127149039265838
25.21,1772609229.105000000,/odom.pose.pose.orientation.z,0.005200038249936122
25.21,1772609229.105000000,/odom.pose.pose.orientation.z,0.005255357530967386
25.253,1772609229.148000000,/odom.pose.pose.orientation.z,0.005257536347268349
25.276,1772609229.171000000,/odom.pose.pose.orientation.z,0.005270367565947698
25.311,1772609229.206000000,/odom.pose.pose.orientation.z,0.005303895423824184
25.342,1772609229.237000000,/odom.pose.pose.orientation.z,0.005333289834738919
25.377,1772609229.272000000,/odom.pose.pose.orientation.z,0.005380020833474178
25.382,1772609229.277000000,/odom.pose.pose.orientation.z,0.005420088079831469
25.443,1772609229.338000000,/odom.pose.pose.orientation.z,0.005464251210553802
25.48,1772609229.375000000,/odom.pose.pose.orientation.z,0.005373603257168224
25.52,1772609229.415000000,/odom.pose.pose.orientation.z,0.0054674245143755875
25.542,1772609229.437000000,/odom.pose.pose.orientation.z,0.005585638903780016
25.576,1772609229.471000000,/odom.pose.pose.orientation.z,0.005669438196171853
25.618,1772609229.513000000,/odom.pose.pose.orientation.z,0.005644684892903369
25.644,1772609229.539000000,/odom.pose.pose.orientation.z,0.005556345773872564
25.682,1772609229.577000000,/odom.pose.pose.orientation.z,0.005556318868686813
25.713,1772609229.608000000,/odom.pose.pose.orientation.z,0.0055532991018007625
25.753,1772609229.648000000,/odom.pose.pose.orientation.z,0.005580867225924376
25.776,1772609229.671000000,/odom.pose.pose.orientation.z,0.005612778261374363
25.815,1772609229.710000000,/odom.pose.pose.orientation.z,0.005594818083823147
25.852,1772609229.747000000,/odom.pose.pose.orientation.z,0.005572684395007292
25.875,1772609229.770000000,/odom.pose.pose.orientation.z,0.0055946926422093535
25.907,1772609229.802000000,/odom.pose.pose.orientation.z,0.0056093206633497025
25.951,1772609229.846000000,/odom.pose.pose.orientation.z,0.005586105134140471
25.979,1772609229.874000000,/odom.pose.pose.orientation.z,0.005499036096558441
26.018,1772609229.913000000,/odom.pose.pose.orientation.z,0.005407206781733463
26.042,1772609229.937000000,/odom.pose.pose.orientation.z,0.005361416745059009
26.075,1772609229.970000000,/odom.pose.pose.orientation.z,0.005332210805976899
26.147,1772609230.042000000,/odom.pose.pose.orientation.z,0.005380903814187574
26.147,1772609230.042000000,/odom.pose.pose.orientation.z,0.005356231138702265
26.208,1772609230.103000000,/odom.pose.pose.orientation.z,0.005324785434707958
26.209,1772609230.104000000,/odom.pose.pose.orientation.z,0.0053285335804311145
26.248,1772609230.143000000,/odom.pose.pose.orientation.z,0.005294285741156394
26.276,1772609230.171000000,/odom.pose.pose.orientation.z,0.005240542601295623
26.341,1772609230.236000000,/odom.pose.pose.orientation.z,0.005261068618615896
26.342,1772609230.237000000,/odom.pose.pose.orientation.z,0.005269996991505776
26.387,1772609230.282000000,/odom.pose.pose.orientation.z,0.005350548292454864
26.468,1772609230.363000000,/odom.pose.pose.orientation.z,0.005487020856279887
26.508,1772609230.403000000,/odom.pose.pose.orientation.z,0.005404821790434326
26.51,1772609230.405000000,/odom.pose.pose.orientation.z,0.005390675826487133
33.416,1772609237.311000000,/odom.pose.pose.orientation.z,0.006129121548706305
33.416,1772609237.311000000,/odom.pose.pose.orientation.z,0.006178123247689343
33.416,1772609237.311000000,/odom.pose.pose.orientation.z,0.006238773661154242
33.418,1772609237.313000000,/odom.pose.pose.orientation.z,0.006319156014808682
33.418,1772609237.313000000,/odom.pose.pose.orientation.z,0.0063722924185084006
33.422,1772609237.317000000,/odom.pose.pose.orientation.z,0.006248166433698709
33.422,1772609237.317000000,/odom.pose.pose.orientation.z,0.006230492704049876
33.422,1772609237.317000000,/odom.pose.pose.orientation.z,0.006203931708331191
33.422,1772609237.317000000,/odom.pose.pose.orientation.z,0.006487327004917272
33.422,1772609237.317000000,/odom.pose.pose.orientation.z,0.006841978274185572
33.422,1772609237.317000000,/odom.pose.pose.orientation.z,0.006822106023507553
33.422,1772609237.317000000,/odom.pose.pose.orientation.z,0.006793661086731204
33.422,1772609237.317000000,/odom.pose.pose.orientation.z,0.006822061293318426
33.424,1772609237.319000000,/odom.pose.pose.orientation.z,0.006951895855638416
33.424,1772609237.319000000,/odom.pose.pose.orientation.z,0.007037579968439864
33.424,1772609237.319000000,/odom.pose.pose.orientation.z,0.00704255211565679
33.425,1772609237.320000000,/odom.pose.pose.orientation.z,0.007079514910267758
33.425,1772609237.320000000,/odom.pose.pose.orientation.z,0.006965645946423505
33.427,1772609237.322000000,/odom.pose.pose.orientation.z,0.006359530873109177
33.458,1772609237.353000000,/odom.pose.pose.orientation.z,0.006895529750318834
33.458,1772609237.353000000,/odom.pose.pose.orientation.z,0.0069127717126986135
33.458,1772609237.353000000,/odom.pose.pose.orientation.z,0.007205028404249854
33.458,1772609237.353000000,/odom.pose.pose.orientation.z,0.00728750134104984
33.458,1772609237.353000000,/odom.pose.pose.orientation.z,0.007592989589512706
33.458,1772609237.353000000,/odom.pose.pose.orientation.z,0.0076025459077642115
33.458,1772609237.353000000,/odom.pose.pose.orientation.z,0.007544786913916636
33.458,1772609237.353000000,/odom.pose.pose.orientation.z,0.007753072826846855
33.458,1772609237.353000000,/odom.pose.pose.orientation.z,0.00828552031635604
33.458,1772609237.353000000,/odom.pose.pose.orientation.z,0.008343329099835824
33.458,1772609237.353000000,/odom.pose.pose.orientation.z,0.0084003355140321
33.458,1772609237.353000000,/odom.pose.pose.orientation.z,0.008428562739378358
33.458,1772609237.353000000,/odom.pose.pose.orientation.z,0.008381554120829958
33.458,1772609237.353000000,/odom.pose.pose.orientation.z,0.008522430966558121
33.458,1772609237.353000000,/odom.pose.pose.orientation.z,0.008535264888131795
33.494,1772609237.389000000,/odom.pose.pose.orientation.z,0.008725496037290349
33.494,1772609237.389000000,/odom.pose.pose.orientation.z,0.008831514495992855
33.494,1772609237.389000000,/odom.pose.pose.orientation.z,0.008803445055142944
33.494,1772609237.389000000,/odom.pose.pose.orientation.z,0.009154959014608288
33.883,1772609237.778000000,/odom.pose.pose.orientation.z,0.009230929014465653
34.016,1772609237.911000000,/odom.pose.pose.orientation.z,0.009544781483436017
34.384,1772609238.279000000,/odom.pose.pose.orientation.z,0.009970888335208058
34.758,1772609238.653000000,/odom.pose.pose.orientation.z,0.009984683250828843
35.12,1772609239.015000000,/odom.pose.pose.orientation.z,0.009919649411667533
35.184,1772609239.079000000,/odom.pose.pose.orientation.z,0.00994077250906747
35.236,1772609239.131000000,/odom.pose.pose.orientation.z,0.009988485163056138
35.597,1772609239.492000000,/odom.pose.pose.orientation.z,0.010262142784614958
35.648,1772609239.543000000,/odom.pose.pose.orientation.z,0.010412449888533524
36.098,1772609239.993000000,/odom.pose.pose.orientation.z,0.010783140068080649
36.516,1772609240.411000000,/odom.pose.pose.orientation.z,0.011162806599786206
36.558,1772609240.453000000,/odom.pose.pose.orientation.z,0.011180218576238497
36.924,1772609240.819000000,/odom.pose.pose.orientation.z,0.011816934470558515
36.93,1772609240.825000000,/odom.pose.pose.orientation.z,0.011762564375620089
37.249,1772609241.144000000,/odom.pose.pose.orientation.z,0.012043903060888955
37.52,1772609241.415000000,/odom.pose.pose.orientation.z,0.011909273639632916
37.86,1772609241.755000000,/odom.pose.pose.orientation.z,0.01222253585324698
38.06,1772609241.955000000,/odom.pose.pose.orientation.z,0.012315825342566597
38.394,1772609242.289000000,/odom.pose.pose.orientation.z,0.012140572107217858
38.555,1772609242.450000000,/odom.pose.pose.orientation.z,0.01225198676528561
38.756,1772609242.651000000,/odom.pose.pose.orientation.z,0.01202123042335662
38.918,1772609242.813000000,/odom.pose.pose.orientation.z,0.011951703731899233
39.222,1772609243.117000000,/odom.pose.pose.orientation.z,0.01216970897681128
39.32,1772609243.215000000,/odom.pose.pose.orientation.z,0.012145437360701148
39.361,1772609243.256000000,/odom.pose.pose.orientation.z,0.012071465929640665
39.361,1772609243.256000000,/odom.pose.pose.orientation.z,0.012066755387864593
39.362,1772609243.257000000,/odom.pose.pose.orientation.z,0.012217485270374251
39.639,1772609243.534000000,/odom.pose.pose.orientation.z,0.012171905844504043
40.089,1772609243.984000000,/odom.pose.pose.orientation.z,0.012099186595580942
40.154,1772609244.049000000,/odom.pose.pose.orientation.z,0.012118698258510762
40.225,1772609244.120000000,/odom.pose.pose.orientation.z,0.01196286547295647
40.654,1772609244.549000000,/odom.pose.pose.orientation.z,0.012440450770431813
41.087,1772609244.982000000,/odom.pose.pose.orientation.z,0.012581670121038425
41.56,1772609245.455000000,/odom.pose.pose.orientation.z,0.012728161301447348
46.875,1772609250.770000000,/odom.pose.pose.orientation.z,0.012949799489634184
46.905,1772609250.800000000,/odom.pose.pose.orientation.z,0.0130006762097214
46.906,1772609250.801000000,/odom.pose.pose.orientation.z,0.0129114882967792
46.906,1772609250.801000000,/odom.pose.pose.orientation.z,0.013213777526776558
46.906,1772609250.801000000,/odom.pose.pose.orientation.z,0.013268071412100997
46.906,1772609250.801000000,/odom.pose.pose.orientation.z,0.013362500505100412
46.906,1772609250.801000000,/odom.pose.pose.orientation.z,0.013729194651635633
46.906,1772609250.801000000,/odom.pose.pose.orientation.z,0.013906967578026536
46.906,1772609250.801000000,/odom.pose.pose.orientation.z,0.014227224670458498
46.906,1772609250.801000000,/odom.pose.pose.orientation.z,0.014492552739561486
46.906,1772609250.801000000,/odom.pose.pose.orientation.z,0.014500884687506717
46.906,1772609250.801000000,/odom.pose.pose.orientation.z,0.014474400866946862
46.906,1772609250.801000000,/odom.pose.pose.orientation.z,0.014664894442050361
46.938,1772609250.833000000,/odom.pose.pose.orientation.z,0.01490334309760954
46.947,1772609250.842000000,/odom.pose.pose.orientation.z,0.014770529160310259
46.947,1772609250.842000000,/odom.pose.pose.orientation.z,0.015037367931886852
46.947,1772609250.842000000,/odom.pose.pose.orientation.z,0.015315476937881177
46.947,1772609250.842000000,/odom.pose.pose.orientation.z,0.015250441936511544
46.947,1772609250.842000000,/odom.pose.pose.orientation.z,0.015363281003309616
46.947,1772609250.842000000,/odom.pose.pose.orientation.z,0.015318718787904662
46.947,1772609250.842000000,/odom.pose.pose.orientation.z,0.015107737013030552
47.267,1772609251.162000000,/odom.pose.pose.orientation.z,0.014949544758334649
47.659,1772609251.554000000,/odom.pose.pose.orientation.z,0.014918634315162514
47.831,1772609251.726000000,/odom.pose.pose.orientation.z,0.01482664190060068
48.039,1772609251.934000000,/odom.pose.pose.orientation.z,0.014816610946039468
48.099,1772609251.994000000,/odom.pose.pose.orientation.z,0.015184478596765406
48.437,1772609252.332000000,/odom.pose.pose.orientation.z,0.015373214525096556
48.835,1772609252.730000000,/odom.pose.pose.orientation.z,0.015507096534161283
49.177,1772609253.072000000,/odom.pose.pose.orientation.z,0.015897675840245148
49.335,1772609253.230000000,/odom.pose.pose.orientation.z,0.015899531500383517
49.476,1772609253.371000000,/odom.pose.pose.orientation.z,0.015985965683002933
49.55,1772609253.445000000,/odom.pose.pose.orientation.z,0.015902143255480134
49.933,1772609253.828000000,/odom.pose.pose.orientation.z,0.015925917908922387
49.977,1772609253.872000000,/odom.pose.pose.orientation.z,0.016018508637335237
49.979,1772609253.874000000,/odom.pose.pose.orientation.z,0.016010183672884568
50.344,1772609254.239000000,/odom.pose.pose.orientation.z,0.016131134448923265
50.82,1772609254.715000000,/odom.pose.pose.orientation.z,0.015779736044435347
50.866,1772609254.761000000,/odom.pose.pose.orientation.z,0.015766665059841
50.905,1772609254.800000000,/odom.pose.pose.orientation.z,0.015763463055903718
50.942,1772609254.837000000,/odom.pose.pose.orientation.z,0.01586792540968301
51.147,1772609255.042000000,/odom.pose.pose.orientation.z,0.016374167872305685
51.199,1772609255.094000000,/odom.pose.pose.orientation.z,0.01633297256226947
51.333,1772609255.228000000,/odom.pose.pose.orientation.z,0.016353466342389544
51.798,1772609255.693000000,/odom.pose.pose.orientation.z,0.01678610294014689
52.168,1772609256.063000000,/odom.pose.pose.orientation.z,0.017473244256776984
52.236,1772609256.131000000,/odom.pose.pose.orientation.z,0.017450802339386874
52.268,1772609256.163000000,/odom.pose.pose.orientation.z,0.017395187733500853
52.335,1772609256.230000000,/odom.pose.pose.orientation.z,0.017386330745358603
52.402,1772609256.297000000,/odom.pose.pose.orientation.z,0.01742028002048026
52.435,1772609256.330000000,/odom.pose.pose.orientation.z,0.017444688187751065
52.572,1772609256.467000000,/odom.pose.pose.orientation.z,0.01723921214802904
52.702,1772609256.597000000,/odom.pose.pose.orientation.z,0.017128745798710248
52.996,1772609256.891000000,/odom.pose.pose.orientation.z,0.016874871368774955
53.341,1772609257.236000000,/odom.pose.pose.orientation.z,0.017192296239228803
53.348,1772609257.243000000,/odom.pose.pose.orientation.z,0.017172204067459798
53.414,1772609257.309000000,/odom.pose.pose.orientation.z,0.017061814947022656
53.8,1772609257.695000000,/odom.pose.pose.orientation.z,0.017233278284203853
53.845,1772609257.740000000,/odom.pose.pose.orientation.z,0.017182455383240546
54.004,1772609257.899000000,/odom.pose.pose.orientation.z,0.017117513861629227
54.379,1772609258.274000000,/odom.pose.pose.orientation.z,0.017400211582036168
54.738,1772609258.633000000,/odom.pose.pose.orientation.z,0.017675367490289723
54.869,1772609258.764000000,/odom.pose.pose.orientation.z,0.01755600433981209
54.913,1772609258.808000000,/odom.pose.pose.orientation.z,0.017577628632672627
55.037,1772609258.932000000,/odom.pose.pose.orientation.z,0.0180018881385658
55.479,1772609259.374000000,/odom.pose.pose.orientation.z,0.0182810746289219
55.482,1772609259.377000000,/odom.pose.pose.orientation.z,0.018282409422545703
55.503,1772609259.398000000,/odom.pose.pose.orientation.z,0.01830783148321131
55.873,1772609259.768000000,/odom.pose.pose.orientation.z,0.018709462229344113
55.917,1772609259.812000000,/odom.pose.pose.orientation.z,0.018712501032584483
56.244,1772609260.139000000,/odom.pose.pose.orientation.z,0.019237476344097188
56.472,1772609260.367000000,/odom.pose.pose.orientation.z,0.019590756637935344
56.54,1772609260.435000000,/odom.pose.pose.orientation.z,0.019574574623064046
64.931,1772609268.826000000,/odom.pose.pose.orientation.z,0.0193201428820265
64.934,1772609268.829000000,/odom.pose.pose.orientation.z,0.019634368082573118
64.934,1772609268.829000000,/odom.pose.pose.orientation.z,0.01976582981305903
64.934,1772609268.829000000,/odom.pose.pose.orientation.z,0.020241545449438497
64.934,1772609268.829000000,/odom.pose.pose.orientation.z,0.020053959011671188
64.934,1772609268.829000000,/odom.pose.pose.orientation.z,0.020132355661179893
64.934,1772609268.829000000,/odom.pose.pose.orientation.z,0.020097166823586768
64.934,1772609268.829000000,/odom.pose.pose.orientation.z,0.02031967267171347
64.934,1772609268.829000000,/odom.pose.pose.orientation.z,0.020309703099177213
64.934,1772609268.829000000,/odom.pose.pose.orientation.z,0.019981470896717195
64.934,1772609268.829000000,/odom.pose.pose.orientation.z,0.020019850226932825
64.934,1772609268.829000000,/odom.pose.pose.orientation.z,0.020224069883921933
64.934,1772609268.829000000,/odom.pose.pose.orientation.z,0.020595002545034182
64.934,1772609268.829000000,/odom.pose.pose.orientation.z,0.02074970334929
64.934,1772609268.829000000,/odom.pose.pose.orientation.z,0.02079266943951674
64.934,1772609268.829000000,/odom.pose.pose.orientation.z,0.02101832281159502
64.934,1772609268.829000000,/odom.pose.pose.orientation.z,0.021179685651686955
64.934,1772609268.829000000,/odom.pose.pose.orientation.z,0.021369674927130586
64.934,1772609268.829000000,/odom.pose.pose.orientation.z,0.021149536963627216
64.934,1772609268.829000000,/odom.pose.pose.orientation.z,0.021092388719888982
64.934,1772609268.829000000,/odom.pose.pose.orientation.z,0.021023161614190135
64.935,1772609268.830000000,/odom.pose.pose.orientation.z,0.020889607207282324
64.935,1772609268.830000000,/odom.pose.pose.orientation.z,0.020889533879829135
64.937,1772609268.832000000,/odom.pose.pose.orientation.z,0.02106967091162436
64.937,1772609268.832000000,/odom.pose.pose.orientation.z,0.021075867224864576
64.937,1772609268.832000000,/odom.pose.pose.orientation.z,0.02150992559679091
64.937,1772609268.832000000,/odom.pose.pose.orientation.z,0.021531745214221205
64.939,1772609268.834000000,/odom.pose.pose.orientation.z,0.021493987458540396
64.939,1772609268.834000000,/odom.pose.pose.orientation.z,0.02181958077578851
64.939,1772609268.834000000,/odom.pose.pose.orientation.z,0.021437942896042776
64.939,1772609268.834000000,/odom.pose.pose.orientation.z,0.021661687348318342
64.945,1772609268.840000000,/odom.pose.pose.orientation.z,0.021620575424014746
64.946,1772609268.841000000,/odom.pose.pose.orientation.z,0.021321329310273612
64.946,1772609268.841000000,/odom.pose.pose.orientation.z,0.021390190566424997
65.1,1772609268.995000000,/odom.pose.pose.orientation.z,0.021825576106223054
65.226,1772609269.121000000,/odom.pose.pose.orientation.z,0.02199288053418065
65.282,1772609269.177000000,/odom.pose.pose.orientation.z,0.021989047098821907
65.486,1772609269.381000000,/odom.pose.pose.orientation.z,0.021773280322321946
65.754,1772609269.649000000,/odom.pose.pose.orientation.z,0.016446288770539087
66.125,1772609270.020000000,/odom.pose.pose.orientation.z,0.006933501167513503
66.359,1772609270.254000000,/odom.pose.pose.orientation.z,0.007088867285426983
66.718,1772609270.613000000,/odom.pose.pose.orientation.z,-0.010479457612392653
67.094,1772609270.989000000,/odom.pose.pose.orientation.z,-0.048534764581818275
67.656,1772609271.551000000,/odom.pose.pose.orientation.z,-0.11111154768952347
67.703,1772609271.598000000,/odom.pose.pose.orientation.z,-0.11698930282917394
67.776,1772609271.671000000,/odom.pose.pose.orientation.z,-0.12631842646108987
67.824,1772609271.719000000,/odom.pose.pose.orientation.z,-0.13569093074302202
68.201,1772609272.096000000,/odom.pose.pose.orientation.z,-0.16594982787559645
68.201,1772609272.096000000,/odom.pose.pose.orientation.z,-0.17016144937682653
68.387,1772609272.282000000,/odom.pose.pose.orientation.z,-0.1840983874993609
68.756,1772609272.651000000,/odom.pose.pose.orientation.z,-0.21363370898502593
69.116,1772609273.011000000,/odom.pose.pose.orientation.z,-0.2411914548096703
69.22,1772609273.115000000,/odom.pose.pose.orientation.z,-0.24515178463008566
69.461,1772609273.356000000,/odom.pose.pose.orientation.z,-0.24788196853085787
69.944,1772609273.839000000,/odom.pose.pose.orientation.z,-0.2608047036459431
70.365,1772609274.260000000,/odom.pose.pose.orientation.z,-0.24525529679472857
70.66,1772609274.555000000,/odom.pose.pose.orientation.z,-0.20201249683149303
70.728,1772609274.623000000,/odom.pose.pose.orientation.z,-0.1961052811253483
70.766,1772609274.661000000,/odom.pose.pose.orientation.z,-0.19495365755983698
70.901,1772609274.796000000,/odom.pose.pose.orientation.z,-0.185602772971691
71.276,1772609275.171000000,/odom.pose.pose.orientation.z,-0.14937874346797617
71.701,1772609275.596000000,/odom.pose.pose.orientation.z,-0.1330722626494808
76.832,1772609280.727000000,/odom.pose.pose.orientation.z,-0.13295233986032462
76.832,1772609280.727000000,/odom.pose.pose.orientation.z,-0.13305848555449618
76.832,1772609280.727000000,/odom.pose.pose.orientation.z,-0.13264625879990702
76.832,1772609280.727000000,/odom.pose.pose.orientation.z,-0.13233054799763652
76.832,1772609280.727000000,/odom.pose.pose.orientation.z,-0.1318728534988412
76.832,1772609280.727000000,/odom.pose.pose.orientation.z,-0.13169144663099883
76.832,1772609280.727000000,/odom.pose.pose.orientation.z,-0.13141324860534764
76.832,1772609280.727000000,/odom.pose.pose.orientation.z,-0.13148518327216677
76.832,1772609280.727000000,/odom.pose.pose.orientation.z,-0.13134948184539824
76.832,1772609280.727000000,/odom.pose.pose.orientation.z,-0.1312445815994421
76.832,1772609280.727000000,/odom.pose.pose.orientation.z,-0.1312411881347375
76.832,1772609280.727000000,/odom.pose.pose.orientation.z,-0.1311790132946786
76.832,1772609280.727000000,/odom.pose.pose.orientation.z,-0.13114589906035098
76.832,1772609280.727000000,/odom.pose.pose.orientation.z,-0.13106913660000938
76.832,1772609280.727000000,/odom.pose.pose.orientation.z,-0.13110034607462354
76.873,1772609280.768000000,/odom.pose.pose.orientation.z,-0.13117918876007353
76.873,1772609280.768000000,/odom.pose.pose.orientation.z,-0.1314550447414871
76.873,1772609280.768000000,/odom.pose.pose.orientation.z,-0.13124613718613345
77.21,1772609281.105000000,/odom.pose.pose.orientation.z,-0.13066634999689386
77.602,1772609281.497000000,/odom.pose.pose.orientation.z,-0.1302215657064129
77.937,1772609281.832000000,/odom.pose.pose.orientation.z,-0.1300328005970729
78.171,1772609282.066000000,/odom.pose.pose.orientation.z,-0.1300184643855832
78.478,1772609282.373000000,/odom.pose.pose.orientation.z,-0.12995978791734583
78.558,1772609282.453000000,/odom.pose.pose.orientation.z,-0.1299062987929958
78.912,1772609282.807000000,/odom.pose.pose.orientation.z,-0.1294627027977427
79.028,1772609282.923000000,/odom.pose.pose.orientation.z,-0.1294415311372974
79.507,1772609283.402000000,/odom.pose.pose.orientation.z,-0.12900023194191662
80.106,1772609284.001000000,/odom.pose.pose.orientation.z,-0.12911552152599529
80.42,1772609284.315000000,/odom.pose.pose.orientation.z,-0.12927386881632177
80.759,1772609284.654000000,/odom.pose.pose.orientation.z,-0.12880476058139814
81.143,1772609285.038000000,/odom.pose.pose.orientation.z,-0.12847295509272827
81.602,1772609285.497000000,/odom.pose.pose.orientation.z,-0.12798422407797522
81.91,1772609285.805000000,/odom.pose.pose.orientation.z,-0.12750817887807056
82.258,1772609286.153000000,/odom.pose.pose.orientation.z,-0.12742316589242902
82.54,1772609286.435000000,/odom.pose.pose.orientation.z,-0.1267764205056049
82.693,1772609286.588000000,/odom.pose.pose.orientation.z,-0.1266632539477859
82.836,1772609286.731000000,/odom.pose.pose.orientation.z,-0.12648927006071606
82.905,1772609286.800000000,/odom.pose.pose.orientation.z,-0.12647537267055298
83.305,1772609287.200000000,/odom.pose.pose.orientation.z,-0.1263835899288331
83.586,1772609287.481000000,/odom.pose.pose.orientation.z,-0.12664723223817592
83.679,1772609287.574000000,/odom.pose.pose.orientation.z,-0.12658712727549046
84.006,1772609287.901000000,/odom.pose.pose.orientation.z,-0.12621258965431026
84.503,1772609288.398000000,/odom.pose.pose.orientation.z,-0.12573930144296497
84.868,1772609288.763000000,/odom.pose.pose.orientation.z,-0.12562179401472048
85.209,1772609289.104000000,/odom.pose.pose.orientation.z,-0.1261105792217345
85.647,1772609289.542000000,/odom.pose.pose.orientation.z,-0.1262301449925848
85.798,1772609289.693000000,/odom.pose.pose.orientation.z,-0.12627825455393293
86.112,1772609290.007000000,/odom.pose.pose.orientation.z,-0.12613207676243177
86.164,1772609290.059000000,/odom.pose.pose.orientation.z,-0.12612425247273787
86.164,1772609290.059000000,/odom.pose.pose.orientation.z,-0.1261583787134836
86.633,1772609290.528000000,/odom.pose.pose.orientation.z,-0.1260253096730402
87.045,1772609290.940000000,/odom.pose.pose.orientation.z,-0.12600988843916042
87.402,1772609291.297000000,/odom.pose.pose.orientation.z,-0.12539771970485172
87.794,1772609291.689000000,/odom.pose.pose.orientation.z,-0.12548863062733423
88.16,1772609292.055000000,/odom.pose.pose.orientation.z,-0.12542492684366524
88.402,1772609292.297000000,/odom.pose.pose.orientation.z,-0.12514733930077576
88.586,1772609292.481000000,/odom.pose.pose.orientation.z,-0.12491944481860137
88.95,1772609292.845000000,/odom.pose.pose.orientation.z,-0.1248545709697809
89.281,1772609293.176000000,/odom.pose.pose.orientation.z,-0.12488171084637845
89.482,1772609293.377000000,/odom.pose.pose.orientation.z,-0.124742242541994
90.058,1772609293.953000000,/odom.pose.pose.orientation.z,-0.12478158664411168
90.461,1772609294.356000000,/odom.pose.pose.orientation.z,-0.12362562746989623
90.461,1772609294.356000000,/odom.pose.pose.orientation.z,-0.12361775222367867
90.78,1772609294.675000000,/odom.pose.pose.orientation.z,-0.12406506900104092
91.146,1772609295.041000000,/odom.pose.pose.orientation.z,-0.12410835425968385
91.203,1772609295.098000000,/odom.pose.pose.orientation.z,-0.12382921383209686
91.209,1772609295.104000000,/odom.pose.pose.orientation.z,-0.12367455005885333
91.212,1772609295.107000000,/odom.pose.pose.orientation.z,-0.12354275796262261
91.212,1772609295.107000000,/odom.pose.pose.orientation.z,-0.12354547141948238
91.22,1772609295.115000000,/odom.pose.pose.orientation.z,-0.12359218535675194
91.246,1772609295.141000000,/odom.pose.pose.orientation.z,-0.12363834032674659
91.246,1772609295.141000000,/odom.pose.pose.orientation.z,-0.12364116233475066
91.568,1772609295.463000000,/odom.pose.pose.orientation.z,-0.12362180436116475
91.618,1772609295.513000000,/odom.pose.pose.orientation.z,-0.12372033704259457
91.987,1772609295.882000000,/odom.pose.pose.orientation.z,-0.12388488597635065
92.043,1772609295.938000000,/odom.pose.pose.orientation.z,-0.12090237608831682
92.106,1772609296.001000000,/odom.pose.pose.orientation.z,-0.11707134154596333
92.488,1772609296.383000000,/odom.pose.pose.orientation.z,-0.07443079421693206
92.542,1772609296.437000000,/odom.pose.pose.orientation.z,-0.07234025396737002
92.74,1772609296.635000000,/odom.pose.pose.orientation.z,-0.06751437588502275
93.107,1772609297.002000000,/odom.pose.pose.orientation.z,-0.034644948195651414
93.348,1772609297.243000000,/odom.pose.pose.orientation.z,-0.014155026553441986
93.712,1772609297.607000000,/odom.pose.pose.orientation.z,0.03445320043390812
93.847,1772609297.742000000,/odom.pose.pose.orientation.z,0.08276710807886554
94.058,1772609297.953000000,/odom.pose.pose.orientation.z,0.1431385267116653
94.466,1772609298.361000000,/odom.pose.pose.orientation.z,0.2796509719260305
94.921,1772609298.816000000,/odom.pose.pose.orientation.z,0.4387657415048812
95.054,1772609298.949000000,/odom.pose.pose.orientation.z,0.4324171887911927
95.223,1772609299.118000000,/odom.pose.pose.orientation.z,0.42659158541296166
95.548,1772609299.443000000,/odom.pose.pose.orientation.z,0.42396679901249745
95.551,1772609299.446000000,/odom.pose.pose.orientation.z,0.4233063358323356
95.945,1772609299.840000000,/odom.pose.pose.orientation.z,0.4227321101183809
96.054,1772609299.949000000,/odom.pose.pose.orientation.z,0.4225095752767823
96.056,1772609299.951000000,/odom.pose.pose.orientation.z,0.42248157888246196
96.116,1772609300.011000000,/odom.pose.pose.orientation.z,0.4224421320005507
96.18,1772609300.075000000,/odom.pose.pose.orientation.z,0.42244429411892315
96.219,1772609300.114000000,/odom.pose.pose.orientation.z,0.42251009874503587
96.524,1772609300.419000000,/odom.pose.pose.orientation.z,0.4225948951741482
96.96,1772609300.855000000,/odom.pose.pose.orientation.z,0.42338315015680705
97.005,1772609300.900000000,/odom.pose.pose.orientation.z,0.42336495000302626
97.288,1772609301.183000000,/odom.pose.pose.orientation.z,0.42353247321736187
97.325,1772609301.220000000,/odom.pose.pose.orientation.z,0.4235589570268481
97.449,1772609301.344000000,/odom.pose.pose.orientation.z,0.42372819555917657
98.052,1772609301.947000000,/odom.pose.pose.orientation.z,0.42353351946544104
98.22,1772609302.115000000,/odom.pose.pose.orientation.z,0.42362475512036746
98.283,1772609302.178000000,/odom.pose.pose.orientation.z,0.42363374223615513
98.314,1772609302.209000000,/odom.pose.pose.orientation.z,0.42362764323617097
98.355,1772609302.250000000,/odom.pose.pose.orientation.z,0.42361181462194336
98.685,1772609302.580000000,/odom.pose.pose.orientation.z,0.42417108254718544
99.118,1772609303.013000000,/odom.pose.pose.orientation.z,0.4239896823690069
99.548,1772609303.443000000,/odom.pose.pose.orientation.z,0.4238619355820044
100.417,1772609304.312000000,/odom.pose.pose.orientation.z,0.4239534476987638
100.728,1772609304.623000000,/odom.pose.pose.orientation.z,0.42435628187276325
101.11,1772609305.005000000,/odom.pose.pose.orientation.z,0.42445520473425163
101.236,1772609305.131000000,/odom.pose.pose.orientation.z,0.4246827745212283
101.555,1772609305.450000000,/odom.pose.pose.orientation.z,0.4255857127220422
101.603,1772609305.498000000,/odom.pose.pose.orientation.z,0.42565324279012884
101.801,1772609305.696000000,/odom.pose.pose.orientation.z,0.4259113709141142
101.872,1772609305.767000000,/odom.pose.pose.orientation.z,0.42615186771446173
101.964,1772609305.859000000,/odom.pose.pose.orientation.z,0.4262718008661415
102.246,1772609306.141000000,/odom.pose.pose.orientation.z,0.42624572465624244
102.747,1772609306.642000000,/odom.pose.pose.orientation.z,0.42630848671351884
103.204,1772609307.099000000,/odom.pose.pose.orientation.z,0.42642506355868703
103.646,1772609307.541000000,/odom.pose.pose.orientation.z,0.4268188361148684
103.712,1772609307.607000000,/odom.pose.pose.orientation.z,0.4268470552165346
103.748,1772609307.643000000,/odom.pose.pose.orientation.z,0.42682878250968626
104.089,1772609307.984000000,/odom.pose.pose.orientation.z,0.42727119237185196
104.456,1772609308.351000000,/odom.pose.pose.orientation.z,0.4274156655336317
104.493,1772609308.388000000,/odom.pose.pose.orientation.z,0.42744312670226003
104.909,1772609308.804000000,/odom.pose.pose.orientation.z,0.4276694866085574
104.966,1772609308.861000000,/odom.pose.pose.orientation.z,0.42767234583638347
105.374,1772609309.269000000,/odom.pose.pose.orientation.z,0.4273766162651058
105.803,1772609309.698000000,/odom.pose.pose.orientation.z,0.42740592147227674
106.107,1772609310.002000000,/odom.pose.pose.orientation.z,0.4274027509398553
106.458,1772609310.353000000,/odom.pose.pose.orientation.z,0.4279172001928928
106.532,1772609310.427000000,/odom.pose.pose.orientation.z,0.42804751748840814
106.859,1772609310.754000000,/odom.pose.pose.orientation.z,0.42855610619171236
107.27,1772609311.165000000,/odom.pose.pose.orientation.z,0.42869849863031306
107.273,1772609311.168000000,/odom.pose.pose.orientation.z,0.4286126567906204
107.357,1772609311.252000000,/odom.pose.pose.orientation.z,0.42851879934541853
107.566,1772609311.461000000,/odom.pose.pose.orientation.z,0.4286985654340584
107.827,1772609311.722000000,/odom.pose.pose.orientation.z,0.4289497830414719
108.297,1772609312.192000000,/odom.pose.pose.orientation.z,0.4291879370039982
108.327,1772609312.222000000,/odom.pose.pose.orientation.z,0.42920113564961426
108.369,1772609312.264000000,/odom.pose.pose.orientation.z,0.42921318482954945
108.402,1772609312.297000000,/odom.pose.pose.orientation.z,0.42916478553130377
108.402,1772609312.297000000,/odom.pose.pose.orientation.z,0.42916692617224594
108.431,1772609312.326000000,/odom.pose.pose.orientation.z,0.42919397667414755
108.469,1772609312.364000000,/odom.pose.pose.orientation.z,0.42921561184930385
108.471,1772609312.366000000,/odom.pose.pose.orientation.z,0.4292510175291717
108.761,1772609312.656000000,/odom.pose.pose.orientation.z,0.42960862952233925
108.995,1772609312.890000000,/odom.pose.pose.orientation.z,0.42955468177094375
109.473,1772609313.368000000,/odom.pose.pose.orientation.z,0.42943983979848716
109.836,1772609313.731000000,/odom.pose.pose.orientation.z,0.4296462106257771
109.875,1772609313.770000000,/odom.pose.pose.orientation.z,0.42963929529141753
109.898,1772609313.793000000,/odom.pose.pose.orientation.z,0.42964374849929154
110.204,1772609314.099000000,/odom.pose.pose.orientation.z,0.4296403842731252
110.739,1772609314.634000000,/odom.pose.pose.orientation.z,0.42980701307596053
111.167,1772609315.062000000,/odom.pose.pose.orientation.z,0.42986887503841714
111.229,1772609315.124000000,/odom.pose.pose.orientation.z,0.42989316436664676
111.467,1772609315.362000000,/odom.pose.pose.orientation.z,0.43015811442071245
111.563,1772609315.458000000,/odom.pose.pose.orientation.z,0.43023135359738257
111.875,1772609315.770000000,/odom.pose.pose.orientation.z,0.43000512853076733
112.249,1772609316.144000000,/odom.pose.pose.orientation.z,0.4309793837284531
112.273,1772609316.168000000,/odom.pose.pose.orientation.z,0.43101373628871104
112.473,1772609316.368000000,/odom.pose.pose.orientation.z,0.4309787573818964
112.799,1772609316.694000000,/odom.pose.pose.orientation.z,0.43265428777624654
113.197,1772609317.092000000,/odom.pose.pose.orientation.z,0.4638308369454208
113.233,1772609317.128000000,/odom.pose.pose.orientation.z,0.4647542565040157
113.628,1772609317.523000000,/odom.pose.pose.orientation.z,0.5247379525743249
113.999,1772609317.894000000,/odom.pose.pose.orientation.z,0.6120856702114381
114.388,1772609318.283000000,/odom.pose.pose.orientation.z,0.678666928771652
114.731,1772609318.626000000,/odom.pose.pose.orientation.z,0.7462686726673591
114.769,1772609318.664000000,/odom.pose.pose.orientation.z,0.7593078926521545
115.099,1772609318.994000000,/odom.pose.pose.orientation.z,0.8116841570720051
115.143,1772609319.038000000,/odom.pose.pose.orientation.z,0.8218234831084634
115.144,1772609319.039000000,/odom.pose.pose.orientation.z,0.8262375667512051
115.164,1772609319.059000000,/odom.pose.pose.orientation.z,0.8321265634539985
115.164,1772609319.059000000,/odom.pose.pose.orientation.z,0.8365529483706433
115.166,1772609319.061000000,/odom.pose.pose.orientation.z,0.8406084341169306
115.166,1772609319.061000000,/odom.pose.pose.orientation.z,0.8454049976493766
115.166,1772609319.061000000,/odom.pose.pose.orientation.z,0.8492990530761807
115.166,1772609319.061000000,/odom.pose.pose.orientation.z,0.8519193281088515
115.676,1772609319.571000000,/odom.pose.pose.orientation.z,0.859848752339889
116.017,1772609319.912000000,/odom.pose.pose.orientation.z,0.9266302489079546
116.41,1772609320.305000000,/odom.pose.pose.orientation.z,0.9757492264859217
116.41,1772609320.305000000,/odom.pose.pose.orientation.z,0.9772248183400757
116.469,1772609320.364000000,/odom.pose.pose.orientation.z,0.9789276097122112
116.471,1772609320.366000000,/odom.pose.pose.orientation.z,0.9805080115675335
116.475,1772609320.370000000,/odom.pose.pose.orientation.z,0.9809067078144302
116.476,1772609320.371000000,/odom.pose.pose.orientation.z,0.9826247931512744
116.48,1772609320.375000000,/odom.pose.pose.orientation.z,0.9833117508205824
116.48,1772609320.375000000,/odom.pose.pose.orientation.z,0.9837434448587729
116.538,1772609320.433000000,/odom.pose.pose.orientation.z,0.9844699056621834
116.538,1772609320.433000000,/odom.pose.pose.orientation.z,0.9853223366062955
116.942,1772609320.837000000,/odom.pose.pose.orientation.z,0.9866799539353903
117.303,1772609321.198000000,/odom.pose.pose.orientation.z,0.99390916001334
117.646,1772609321.541000000,/odom.pose.pose.orientation.z,0.9970222800184467
117.904,1772609321.799000000,/odom.pose.pose.orientation.z,0.9987784740392107
118.237,1772609322.132000000,/odom.pose.pose.orientation.z,0.999840899495794
118.74,1772609322.635000000,/odom.pose.pose.orientation.z,-0.9998665146579869
119.177,1772609323.072000000,/odom.pose.pose.orientation.z,-0.9992541782344037
119.479,1772609323.374000000,/odom.pose.pose.orientation.z,-0.9985986630062827
119.806,1772609323.701000000,/odom.pose.pose.orientation.z,-0.998356466245066
119.807,1772609323.702000000,/odom.pose.pose.orientation.z,-0.998084836156426
119.876,1772609323.771000000,/odom.pose.pose.orientation.z,-0.9979357686837527
120.213,1772609324.108000000,/odom.pose.pose.orientation.z,-0.9979275796179973
120.217,1772609324.112000000,/odom.pose.pose.orientation.z,-0.9979473053847329
120.573,1772609324.468000000,/odom.pose.pose.orientation.z,-0.999124342476311
120.616,1772609324.511000000,/odom.pose.pose.orientation.z,-0.9993005338842961
120.973,1772609324.868000000,/odom.pose.pose.orientation.z,-0.9997711724726177
121.043,1772609324.938000000,/odom.pose.pose.orientation.z,-0.9997736571427865
121.184,1772609325.079000000,/odom.pose.pose.orientation.z,-0.9997784283908698
121.816,1772609325.711000000,/odom.pose.pose.orientation.z,-0.9997648100845103
122.294,1772609326.189000000,/odom.pose.pose.orientation.z,-0.9997623936097921
122.653,1772609326.548000000,/odom.pose.pose.orientation.z,-0.9997628525836506
122.71,1772609326.605000000,/odom.pose.pose.orientation.z,-0.9997621093349458
122.813,1772609326.708000000,/odom.pose.pose.orientation.z,-0.9997592073372852
123.195,1772609327.090000000,/odom.pose.pose.orientation.z,-0.9997641164286565
123.574,1772609327.469000000,/odom.pose.pose.orientation.z,-0.999760791364213
123.927,1772609327.822000000,/odom.pose.pose.orientation.z,-0.9997444613806037
124.274,1772609328.169000000,/odom.pose.pose.orientation.z,-0.9997329802170678
124.378,1772609328.273000000,/odom.pose.pose.orientation.z,-0.9997299792214299
124.444,1772609328.339000000,/odom.pose.pose.orientation.z,-0.9997280355805744
124.445,1772609328.340000000,/odom.pose.pose.orientation.z,-0.9997288784247891
124.445,1772609328.340000000,/odom.pose.pose.orientation.z,-0.9997293945179856
124.445,1772609328.340000000,/odom.pose.pose.orientation.z,-0.999729255400111
124.445,1772609328.340000000,/odom.pose.pose.orientation.z,-0.9997273913759646
124.445,1772609328.340000000,/odom.pose.pose.orientation.z,-0.999727182902557
124.788,1772609328.683000000,/odom.pose.pose.orientation.z,-0.9997267348945879
125.236,1772609329.131000000,/odom.pose.pose.orientation.z,-0.9997336491612682
125.545,1772609329.440000000,/odom.pose.pose.orientation.z,-0.9997160735030467
125.58,1772609329.475000000,/odom.pose.pose.orientation.z,-0.9997138719378493
125.844,1772609329.739000000,/odom.pose.pose.orientation.z,-0.9997064633828753
126.195,1772609330.090000000,/odom.pose.pose.orientation.z,-0.9997031762180565
126.223,1772609330.118000000,/odom.pose.pose.orientation.z,-0.9996997155836447
126.223,1772609330.118000000,/odom.pose.pose.orientation.z,-0.9996990494382413
126.247,1772609330.142000000,/odom.pose.pose.orientation.z,-0.9997000834204407
126.247,1772609330.142000000,/odom.pose.pose.orientation.z,-0.9997000207499525
126.59,1772609330.485000000,/odom.pose.pose.orientation.z,-0.9996987826350939
126.592,1772609330.487000000,/odom.pose.pose.orientation.z,-0.9996966190627838
126.618,1772609330.513000000,/odom.pose.pose.orientation.z,-0.9996951287678874
126.68,1772609330.575000000,/odom.pose.pose.orientation.z,-0.9996919756663539
126.991,1772609330.886000000,/odom.pose.pose.orientation.z,-0.9996891401484285
127.315,1772609331.210000000,/odom.pose.pose.orientation.z,-0.9996774534673841
127.431,1772609331.326000000,/odom.pose.pose.orientation.z,-0.9996734665820889
127.824,1772609331.719000000,/odom.pose.pose.orientation.z,-0.9996575868790589
128.061,1772609331.956000000,/odom.pose.pose.orientation.z,-0.9996449108785053
128.446,1772609332.341000000,/odom.pose.pose.orientation.z,-0.999633105214516
128.883,1772609332.778000000,/odom.pose.pose.orientation.z,-0.9996390566131741
129.315,1772609333.210000000,/odom.pose.pose.orientation.z,-0.9996328165773531
129.633,1772609333.528000000,/odom.pose.pose.orientation.z,-0.9996217539909704
129.993,1772609333.888000000,/odom.pose.pose.orientation.z,-0.999622335805062
130.319,1772609334.214000000,/odom.pose.pose.orientation.z,-0.9996247262043116
130.556,1772609334.451000000,/odom.pose.pose.orientation.z,-0.9996210853898523
130.884,1772609334.779000000,/odom.pose.pose.orientation.z,-0.9996366480312329
131.28,1772609335.175000000,/odom.pose.pose.orientation.z,-0.9996349744171317
131.323,1772609335.218000000,/odom.pose.pose.orientation.z,-0.9996320859323679
131.731,1772609335.626000000,/odom.pose.pose.orientation.z,-0.9996357169025326
131.756,1772609335.651000000,/odom.pose.pose.orientation.z,-0.9996349056245019
131.756,1772609335.651000000,/odom.pose.pose.orientation.z,-0.9996325206274315
132.116,1772609336.011000000,/odom.pose.pose.orientation.z,-0.9996146202933424
132.59,1772609336.485000000,/odom.pose.pose.orientation.z,-0.9997325737982387
132.594,1772609336.489000000,/odom.pose.pose.orientation.z,-0.9997531073958793
132.857,1772609336.752000000,/odom.pose.pose.orientation.z,-0.9998084510208461
132.998,1772609336.893000000,/odom.pose.pose.orientation.z,-0.9998703965188851
133.053,1772609336.948000000,/odom.pose.pose.orientation.z,-0.999950397513983
133.193,1772609337.088000000,/odom.pose.pose.orientation.z,-0.9999737577643164
133.26,1772609337.155000000,/odom.pose.pose.orientation.z,-0.9999853449024834
133.585,1772609337.480000000,/odom.pose.pose.orientation.z,0.9999468452385806
134.026,1772609337.921000000,/odom.pose.pose.orientation.z,0.9992755930763254
134.389,1772609338.284000000,/odom.pose.pose.orientation.z,0.9971530522913657
134.89,1772609338.785000000,/odom.pose.pose.orientation.z,0.9912357933280704
134.966,1772609338.861000000,/odom.pose.pose.orientation.z,0.9879460306346644
135.354,1772609339.249000000,/odom.pose.pose.orientation.z,0.9760605400132629
135.356,1772609339.251000000,/odom.pose.pose.orientation.z,0.9764290515669901
135.689,1772609339.584000000,/odom.pose.pose.orientation.z,0.9769410415060157
136.156,1772609340.051000000,/odom.pose.pose.orientation.z,0.9828306692991031
136.603,1772609340.498000000,/odom.pose.pose.orientation.z,0.9864751783981509
136.99,1772609340.885000000,/odom.pose.pose.orientation.z,0.9885419166571822
137.567,1772609341.462000000,/odom.pose.pose.orientation.z,0.9885516082083814
138.015,1772609341.910000000,/odom.pose.pose.orientation.z,0.9885626523512978
138.015,1772609341.910000000,/odom.pose.pose.orientation.z,0.988565605522857
138.035,1772609341.930000000,/odom.pose.pose.orientation.z,0.9885678622218909
138.088,1772609341.983000000,/odom.pose.pose.orientation.z,0.9885690599802919
138.381,1772609342.276000000,/odom.pose.pose.orientation.z,0.988588489890765
138.819,1772609342.714000000,/odom.pose.pose.orientation.z,0.9886884269074663
139.07,1772609342.965000000,/odom.pose.pose.orientation.z,0.9887332496672011
139.498,1772609343.393000000,/odom.pose.pose.orientation.z,0.9887635077766912
139.555,1772609343.450000000,/odom.pose.pose.orientation.z,0.9887728930187987
139.632,1772609343.527000000,/odom.pose.pose.orientation.z,0.9887923078597359
140.044,1772609343.939000000,/odom.pose.pose.orientation.z,0.988768247581541
140.063,1772609343.958000000,/odom.pose.pose.orientation.z,0.9887616318043149
140.419,1772609344.314000000,/odom.pose.pose.orientation.z,0.9888095001579772
140.787,1772609344.682000000,/odom.pose.pose.orientation.z,0.9888488847743367
140.859,1772609344.754000000,/odom.pose.pose.orientation.z,0.9888616672621575
141.16,1772609345.055000000,/odom.pose.pose.orientation.z,0.988903863760687
141.191,1772609345.086000000,/odom.pose.pose.orientation.z,0.9888989664048915
141.398,1772609345.293000000,/odom.pose.pose.orientation.z,0.9889146380418572
141.429,1772609345.324000000,/odom.pose.pose.orientation.z,0.9889171225214115
141.77,1772609345.665000000,/odom.pose.pose.orientation.z,0.9889166849861017
150.861,1772609354.756000000,/odom.pose.pose.orientation.z,0.9889678499105019
159.031,1772609362.926000000,/odom.pose.pose.orientation.z,0.9886541102612996
161.434,1772609365.329000000,/odom.pose.pose.orientation.z,0.9887507243412015
161.566,1772609365.461000000,/odom.pose.pose.orientation.z,0.9880281191308343
161.704,1772609365.599000000,/odom.pose.pose.orientation.z,0.9880337197076531
162.197,1772609366.092000000,/odom.pose.pose.orientation.z,0.9880815146588202
162.292,1772609366.187000000,/odom.pose.pose.orientation.z,0.9881342930181783
162.434,1772609366.329000000,/odom.pose.pose.orientation.z,0.9881399489311987
162.85,1772609366.745000000,/odom.pose.pose.orientation.z,0.9881835267824539
163.199,1772609367.094000000,/odom.pose.pose.orientation.z,0.9882188443498614
163.561,1772609367.456000000,/odom.pose.pose.orientation.z,0.9882531256372383
163.885,1772609367.780000000,/odom.pose.pose.orientation.z,0.9882752842881548
164.325,1772609368.220000000,/odom.pose.pose.orientation.z,0.9882440989031976
164.701,1772609368.596000000,/odom.pose.pose.orientation.z,0.9882036619142476
164.725,1772609368.620000000,/odom.pose.pose.orientation.z,0.9882051805806873
164.903,1772609368.798000000,/odom.pose.pose.orientation.z,0.9881994983628866
165.237,1772609369.132000000,/odom.pose.pose.orientation.z,0.9882433455468108
165.527,1772609369.422000000,/odom.pose.pose.orientation.z,0.9882562252140156
165.572,1772609369.467000000,/odom.pose.pose.orientation.z,0.9882627975766696
165.588,1772609369.483000000,/odom.pose.pose.orientation.z,0.9882756708399599
165.588,1772609369.483000000,/odom.pose.pose.orientation.z,0.9882910849101237
23.506,1772609227.401000000,/visual_slam/tracking/odometry_adapted.pose.pose.orientation.z,-0.0019485875905447551
23.506,1772609227.401000000,/visual_slam/tracking/odometry_adapted.pose.pose.orientation.z,-0.0019096885657191197
23.512,1772609227.407000000,/visual_slam/tracking/odometry_adapted.pose.pose.orientation.z,-0.0019244542735425566
23.513,1772609227.408000000,/visual_slam/tracking/odometry_adapted.pose.pose.orientation.z,-0.0019004356832530718
23.514,1772609227.409000000,/visual_slam/tracking/odometry_adapted.pose.pose.orientation.z,-0.0019211021549665026
23.516,1772609227.411000000,/visual_slam/tracking/odometry_adapted.pose.pose.orientation.z,-0.001889912302472246
23.516,1772609227.411000000,/visual_slam/tracking/odometry_adapted.pose.pose.orientation.z,-0.0018940502840831552
23.516,1772609227.411000000,/visual_slam/tracking/odometry_adapted.pose.pose.orientation.z,-0.0019043056215772367
23.516,1772609227.411000000,/visual_slam/tracking/odometry_adapted.pose.pose.orientation.z,-0.0019109787954303687
23.551,1772609227.446000000,/visual_slam/tracking/odometry_adapted.pose.pose.orientation.z,-0.001929757933578913
23.551,1772609227.446000000,/visual_slam/tracking/odometry_adapted.pose.pose.orientation.z,-0.0019298209983115457
23.552,1772609227.447000000,/visual_slam/tracking/odometry_adapted.pose.pose.orientation.z,-0.0019615365916065847
23.552,1772609227.447000000,/visual_slam/tracking/odometry_adapted.pose.pose.orientation.z,-0.0019668653789384817
23.554,1772609227.449000000,/visual_slam/tracking/odometry_adapted.pose.pose.orientation.z,-0.001957453895388354
23.555,1772609227.450000000,/visual_slam/tracking/odometry_adapted.pose.pose.orientation.z,-0.0019472135710784466
23.555,1772609227.450000000,/visual_slam/tracking/odometry_adapted.pose.pose.orientation.z,-0.001973773074046768
23.56,1772609227.455000000,/visual_slam/tracking/odometry_adapted.pose.pose.orientation.z,-0.001930730667778883
23.56,1772609227.455000000,/visual_slam/tracking/odometry_adapted.pose.pose.orientation.z,-0.0019366111573615884
23.56,1772609227.455000000,/visual_slam/tracking/odometry_adapted.pose.pose.orientation.z,-0.0018864728319043617
23.56,1772609227.455000000,/visual_slam/tracking/odometry_adapted.pose.pose.orientation.z,-0.0019450474632946746
23.56,1772609227.455000000,/visual_slam/tracking/odometry_adapted.pose.pose.orientation.z,-0.0019115085631418176
23.561,1772609227.456000000,/visual_slam/tracking/odometry_adapted.pose.pose.orientation.z,-0.0019229444486261748
23.565,1772609227.460000000,/visual_slam/tracking/odometry_adapted.pose.pose.orientation.z,-0.0019450689079831868
23.565,1772609227.460000000,/visual_slam/tracking/odometry_adapted.pose.pose.orientation.z,-0.0019382444310544048
23.566,1772609227.461000000,/visual_slam/tracking/odometry_adapted.pose.pose.orientation.z,-0.0019259787143537678
23.566,1772609227.461000000,/visual_slam/tracking/odometry_adapted.pose.pose.orientation.z,-0.0019099617152147708
23.567,1772609227.462000000,/visual_slam/tracking/odometry_adapted.pose.pose.orientation.z,-0.0018767546607011388
23.567,1772609227.462000000,/visual_slam/tracking/odometry_adapted.pose.pose.orientation.z,-0.001859334548153605
23.572,1772609227.467000000,/visual_slam/tracking/odometry_adapted.pose.pose.orientation.z,-0.0018450456523819631
23.572,1772609227.467000000,/visual_slam/tracking/odometry_adapted.pose.pose.orientation.z,-0.0018663224353104438
23.63,1772609227.525000000,/visual_slam/tracking/odometry_adapted.pose.pose.orientation.z,-0.0019269251752793615
23.63,1772609227.525000000,/visual_slam/tracking/odometry_adapted.pose.pose.orientation.z,-0.0019270288668489283
23.63,1772609227.525000000,/visual_slam/tracking/odometry_adapted.pose.pose.orientation.z,-0.0018896999667350782
23.636,1772609227.531000000,/visual_slam/tracking/odometry_adapted.pose.pose.orientation.z,-0.0018885499766229993
23.636,1772609227.531000000,/visual_slam/tracking/odometry_adapted.pose.pose.orientation.z,-0.0018785276809795755
23.637,1772609227.532000000,/visual_slam/tracking/odometry_adapted.pose.pose.orientation.z,-0.0018333897869152174
23.637,1772609227.532000000,/visual_slam/tracking/odometry_adapted.pose.pose.orientation.z,-0.001859027506901062
23.637,1772609227.532000000,/visual_slam/tracking/odometry_adapted.pose.pose.orientation.z,-0.0018320839771066805
23.638,1772609227.533000000,/visual_slam/tracking/odometry_adapted.pose.pose.orientation.z,-0.001829965429496636
23.638,1772609227.533000000,/visual_slam/tracking/odometry_adapted.pose.pose.orientation.z,-0.0018299535367418593
23.716,1772609227.611000000,/visual_slam/tracking/odometry_adapted.pose.pose.orientation.z,-0.0018407163142184046
23.716,1772609227.611000000,/visual_slam/tracking/odometry_adapted.pose.pose.orientation.z,-0.001834517987972834
23.718,1772609227.613000000,/visual_slam/tracking/odometry_adapted.pose.pose.orientation.z,-0.001860131486012735
23.718,1772609227.613000000,/visual_slam/tracking/odometry_adapted.pose.pose.orientation.z,-0.001838381004356816
23.718,1772609227.613000000,/visual_slam/tracking/odometry_adapted.pose.pose.orientation.z,-0.001880108658872763
23.718,1772609227.613000000,/visual_slam/tracking/odometry_adapted.pose.pose.orientation.z,-0.0018890758143333005
23.718,1772609227.613000000,/visual_slam/tracking/odometry_adapted.pose.pose.orientation.z,-0.0019017802263818823
23.719,1772609227.614000000,/visual_slam/tracking/odometry_adapted.pose.pose.orientation.z,-0.001886550537238947
23.72,1772609227.615000000,/visual_slam/tracking/odometry_adapted.pose.pose.orientation.z,-0.0018877145214216964
23.72,1772609227.615000000,/visual_slam/tracking/odometry_adapted.pose.pose.orientation.z,-0.0018737845199812719
23.72,1772609227.615000000,/visual_slam/tracking/odometry_adapted.pose.pose.orientation.z,-0.0018803136348475105
23.72,1772609227.615000000,/visual_slam/tracking/odometry_adapted.pose.pose.orientation.z,-0.0018746710638524037
23.721,1772609227.616000000,/visual_slam/tracking/odometry_adapted.pose.pose.orientation.z,-0.0018785371148162784
23.723,1772609227.618000000,/visual_slam/tracking/odometry_adapted.pose.pose.orientation.z,-0.0018579906518279552
23.723,1772609227.618000000,/visual_slam/tracking/odometry_adapted.pose.pose.orientation.z,-0.0018516456418325342
23.723,1772609227.618000000,/visual_slam/tracking/odometry_adapted.pose.pose.orientation.z,-0.0018071457585529496
23.723,1772609227.618000000,/visual_slam/tracking/odometry_adapted.pose.pose.orientation.z,-0.0018123237576074336
23.723,1772609227.618000000,/visual_slam/tracking/odometry_adapted.pose.pose.orientation.z,-0.00179678128690526
23.723,1772609227.618000000,/visual_slam/tracking/odometry_adapted.pose.pose.orientation.z,-0.0017948680406819312
23.723,1772609227.618000000,/visual_slam/tracking/odometry_adapted.pose.pose.orientation.z,-0.001835511008683089
23.723,1772609227.618000000,/visual_slam/tracking/odometry_adapted.pose.pose.orientation.z,-0.001849549015066364
23.723,1772609227.618000000,/visual_slam/tracking/odometry_adapted.pose.pose.orientation.z,-0.0018274074005993253
23.723,1772609227.618000000,/visual_slam/tracking/odometry_adapted.pose.pose.orientation.z,-0.0018312606161513872
23.723,1772609227.618000000,/visual_slam/tracking/odometry_adapted.pose.pose.orientation.z,-0.0017998614137344723
23.723,1772609227.618000000,/visual_slam/tracking/odometry_adapted.pose.pose.orientation.z,-0.001780047354985399
23.723,1772609227.618000000,/visual_slam/tracking/odometry_adapted.pose.pose.orientation.z,-0.0018190458626567195
23.723,1772609227.618000000,/visual_slam/tracking/odometry_adapted.pose.pose.orientation.z,-0.0018802862732937736
23.723,1772609227.618000000,/visual_slam/tracking/odometry_adapted.pose.pose.orientation.z,-0.0018802912089299305
23.723,1772609227.618000000,/visual_slam/tracking/odometry_adapted.pose.pose.orientation.z,-0.0018003063533683884
23.723,1772609227.618000000,/visual_slam/tracking/odometry_adapted.pose.pose.orientation.z,-0.0018121465057560485
23.723,1772609227.618000000,/visual_slam/tracking/odometry_adapted.pose.pose.orientation.z,-0.0019281943542175093
23.723,1772609227.618000000,/visual_slam/tracking/odometry_adapted.pose.pose.orientation.z,-0.001956089460921206
23.723,1772609227.618000000,/visual_slam/tracking/odometry_adapted.pose.pose.orientation.z,-0.001857510886117166
23.723,1772609227.618000000,/visual_slam/tracking/odometry_adapted.pose.pose.orientation.z,-0.001981280475911055
23.723,1772609227.618000000,/visual_slam/tracking/odometry_adapted.pose.pose.orientation.z,-0.001896056250480696
23.723,1772609227.618000000,/visual_slam/tracking/odometry_adapted.pose.pose.orientation.z,-0.0018382574531956076
23.723,1772609227.618000000,/visual_slam/tracking/odometry_adapted.pose.pose.orientation.z,-0.0018676633306927083
23.723,1772609227.618000000,/visual_slam/tracking/odometry_adapted.pose.pose.orientation.z,-0.0019005252987250086
23.723,1772609227.618000000,/visual_slam/tracking/odometry_adapted.pose.pose.orientation.z,-0.0019079177110921438
23.723,1772609227.618000000,/visual_slam/tracking/odometry_adapted.pose.pose.orientation.z,-0.0019166495940429506
23.723,1772609227.618000000,/visual_slam/tracking/odometry_adapted.pose.pose.orientation.z,-0.0019248514012328707
23.723,1772609227.618000000,/visual_slam/tracking/odometry_adapted.pose.pose.orientation.z,-0.001941208040588838
23.723,1772609227.618000000,/visual_slam/tracking/odometry_adapted.pose.pose.orientation.z,-0.001986592311219753
23.723,1772609227.618000000,/visual_slam/tracking/odometry_adapted.pose.pose.orientation.z,-0.0020121951682947154
23.723,1772609227.618000000,/visual_slam/tracking/odometry_adapted.pose.pose.orientation.z,-0.001982114058757676
23.723,1772609227.618000000,/visual_slam/tracking/odometry_adapted.pose.pose.orientation.z,-0.001990031956923257
23.723,1772609227.618000000,/visual_slam/tracking/odometry_adapted.pose.pose.orientation.z,-0.0020091197520905294
23.723,1772609227.618000000,/visual_slam/tracking/odometry_adapted.pose.pose.orientation.z,-0.0019857713481036747
23.723,1772609227.618000000,/visual_slam/tracking/odometry_adapted.pose.pose.orientation.z,-0.0019264656424152038
23.723,1772609227.618000000,/visual_slam/tracking/odometry_adapted.pose.pose.orientation.z,-0.001914809252031719
23.723,1772609227.618000000,/visual_slam/tracking/odometry_adapted.pose.pose.orientation.z,-0.0019340909287752903
23.723,1772609227.618000000,/visual_slam/tracking/odometry_adapted.pose.pose.orientation.z,-0.0019377520491073114
23.723,1772609227.618000000,/visual_slam/tracking/odometry_adapted.pose.pose.orientation.z,-0.0019877156733947507
23.723,1772609227.618000000,/visual_slam/tracking/odometry_adapted.pose.pose.orientation.z,-0.002016646300526923
23.723,1772609227.618000000,/visual_slam/tracking/odometry_adapted.pose.pose.orientation.z,-0.0020413458963593886
23.723,1772609227.618000000,/visual_slam/tracking/odometry_adapted.pose.pose.orientation.z,-0.0020423589655643084
23.723,1772609227.618000000,/visual_slam/tracking/odometry_adapted.pose.pose.orientation.z,-0.0020242793050926993
23.723,1772609227.618000000,/visual_slam/tracking/odometry_adapted.pose.pose.orientation.z,-0.00198808657537645
23.723,1772609227.618000000,/visual_slam/tracking/odometry_adapted.pose.pose.orientation.z,-0.0019171146833240344
23.723,1772609227.618000000,/visual_slam/tracking/odometry_adapted.pose.pose.orientation.z,-0.0018927941013523724
23.723,1772609227.618000000,/visual_slam/tracking/odometry_adapted.pose.pose.orientation.z,-0.0019254905148737927
23.723,1772609227.618000000,/visual_slam/tracking/odometry_adapted.pose.pose.orientation.z,-0.001970397605997365
23.723,1772609227.618000000,/visual_slam/tracking/odometry_adapted.pose.pose.orientation.z,-0.001971348556807862
23.723,1772609227.618000000,/visual_slam/tracking/odometry_adapted.pose.pose.orientation.z,-0.0019394344005869383
23.723,1772609227.618000000,/visual_slam/tracking/odometry_adapted.pose.pose.orientation.z,-0.0019288566514918412
23.723,1772609227.618000000,/visual_slam/tracking/odometry_adapted.pose.pose.orientation.z,-0.0019505591312337111
23.723,1772609227.618000000,/visual_slam/tracking/odometry_adapted.pose.pose.orientation.z,-0.001938343637493672
23.723,1772609227.618000000,/visual_slam/tracking/odometry_adapted.pose.pose.orientation.z,-0.0019492388804126775
23.723,1772609227.618000000,/visual_slam/tracking/odometry_adapted.pose.pose.orientation.z,-0.0019074915074305265
23.723,1772609227.618000000,/visual_slam/tracking/odometry_adapted.pose.pose.orientation.z,-0.0018724858062013267
23.723,1772609227.618000000,/visual_slam/tracking/odometry_adapted.pose.pose.orientation.z,-0.0018740357212832322
23.723,1772609227.618000000,/visual_slam/tracking/odometry_adapted.pose.pose.orientation.z,-0.0019145015723728697
23.723,1772609227.618000000,/visual_slam/tracking/odometry_adapted.pose.pose.orientation.z,-0.0019296453836793077
23.723,1772609227.618000000,/visual_slam/tracking/odometry_adapted.pose.pose.orientation.z,-0.0019461023596099103
23.723,1772609227.618000000,/visual_slam/tracking/odometry_adapted.pose.pose.orientation.z,-0.0019407871782414852
23.723,1772609227.618000000,/visual_slam/tracking/odometry_adapted.pose.pose.orientation.z,-0.0019567527872830157
23.723,1772609227.618000000,/visual_slam/tracking/odometry_adapted.pose.pose.orientation.z,-0.0019250629283312345
23.723,1772609227.618000000,/visual_slam/tracking/odometry_adapted.pose.pose.orientation.z,-0.0019459436343894248
23.723,1772609227.618000000,/visual_slam/tracking/odometry_adapted.pose.pose.orientation.z,-0.001990089562525179
23.776,1772609227.671000000,/visual_slam/tracking/odometry_adapted.pose.pose.orientation.z,-0.0020208603195210916
23.776,1772609227.671000000,/visual_slam/tracking/odometry_adapted.pose.pose.orientation.z,-0.001983673933505115
23.776,1772609227.671000000,/visual_slam/tracking/odometry_adapted.pose.pose.orientation.z,-0.001968503597586424
23.776,1772609227.671000000,/visual_slam/tracking/odometry_adapted.pose.pose.orientation.z,-0.001954893764075122
23.776,1772609227.671000000,/visual_slam/tracking/odometry_adapted.pose.pose.orientation.z,-0.0019196096380274838
23.776,1772609227.671000000,/visual_slam/tracking/odometry_adapted.pose.pose.orientation.z,-0.0018853771802128441
23.776,1772609227.671000000,/visual_slam/tracking/odometry_adapted.pose.pose.orientation.z,-0.001957214341403444
23.776,1772609227.671000000,/visual_slam/tracking/odometry_adapted.pose.pose.orientation.z,-0.0019605332343401783
23.776,1772609227.671000000,/visual_slam/tracking/odometry_adapted.pose.pose.orientation.z,-0.0018801500158362068
23.776,1772609227.671000000,/visual_slam/tracking/odometry_adapted.pose.pose.orientation.z,-0.0018089323610172335
23.776,1772609227.671000000,/visual_slam/tracking/odometry_adapted.pose.pose.orientation.z,-0.001788068607621376
23.776,1772609227.671000000,/visual_slam/tracking/odometry_adapted.pose.pose.orientation.z,-0.0017995965198118297
23.776,1772609227.671000000,/visual_slam/tracking/odometry_adapted.pose.pose.orientation.z,-0.0017782514684816658
23.776,1772609227.671000000,/visual_slam/tracking/odometry_adapted.pose.pose.orientation.z,-0.0017659655414286716
23.776,1772609227.671000000,/visual_slam/tracking/odometry_adapted.pose.pose.orientation.z,-0.0017663010862760285
23.776,1772609227.671000000,/visual_slam/tracking/odometry_adapted.pose.pose.orientation.z,-0.0017739112669258623
23.776,1772609227.671000000,/visual_slam/tracking/odometry_adapted.pose.pose.orientation.z,-0.0017775644767680664
23.776,1772609227.671000000,/visual_slam/tracking/odometry_adapted.pose.pose.orientation.z,-0.001778701730122539
23.776,1772609227.671000000,/visual_slam/tracking/odometry_adapted.pose.pose.orientation.z,-0.0017935064522928146
23.776,1772609227.671000000,/visual_slam/tracking/odometry_adapted.pose.pose.orientation.z,-0.0018072547284450574
23.776,1772609227.671000000,/visual_slam/tracking/odometry_adapted.pose.pose.orientation.z,-0.0018223655801675243
23.776,1772609227.671000000,/visual_slam/tracking/odometry_adapted.pose.pose.orientation.z,-0.0018223590581938312
23.776,1772609227.671000000,/visual_slam/tracking/odometry_adapted.pose.pose.orientation.z,-0.0017545630863179424
23.776,1772609227.671000000,/visual_slam/tracking/odometry_adapted.pose.pose.orientation.z,-0.0017408413424217163
23.776,1772609227.671000000,/visual_slam/tracking/odometry_adapted.pose.pose.orientation.z,-0.0017250424869430087
23.776,1772609227.671000000,/visual_slam/tracking/odometry_adapted.pose.pose.orientation.z,-0.0017430500103445736
23.776,1772609227.671000000,/visual_slam/tracking/odometry_adapted.pose.pose.orientation.z,-0.0017692421652869088
23.776,1772609227.671000000,/visual_slam/tracking/odometry_adapted.pose.pose.orientation.z,-0.0017832724825686225
23.776,1772609227.671000000,/visual_slam/tracking/odometry_adapted.pose.pose.orientation.z,-0.001770835281262682
23.776,1772609227.671000000,/visual_slam/tracking/odometry_adapted.pose.pose.orientation.z,-0.001745727633860971
23.776,1772609227.671000000,/visual_slam/tracking/odometry_adapted.pose.pose.orientation.z,-0.0017453285166216255
23.776,1772609227.671000000,/visual_slam/tracking/odometry_adapted.pose.pose.orientation.z,-0.0017445279843786483
23.776,1772609227.671000000,/visual_slam/tracking/odometry_adapted.pose.pose.orientation.z,-0.0017506845089058022
23.776,1772609227.671000000,/visual_slam/tracking/odometry_adapted.pose.pose.orientation.z,-0.001767666471046737
23.776,1772609227.671000000,/visual_slam/tracking/odometry_adapted.pose.pose.orientation.z,-0.0017291520232717997
23.776,1772609227.671000000,/visual_slam/tracking/odometry_adapted.pose.pose.orientation.z,-0.0017431594965777232
23.776,1772609227.671000000,/visual_slam/tracking/odometry_adapted.pose.pose.orientation.z,-0.001787325673278599
23.776,1772609227.671000000,/visual_slam/tracking/odometry_adapted.pose.pose.orientation.z,-0.0017709215389133362
23.776,1772609227.671000000,/visual_slam/tracking/odometry_adapted.pose.pose.orientation.z,-0.0017610715093331222
23.776,1772609227.671000000,/visual_slam/tracking/odometry_adapted.pose.pose.orientation.z,-0.0017589763686207862
23.776,1772609227.671000000,/visual_slam/tracking/odometry_adapted.pose.pose.orientation.z,-0.0017329371188452688
23.776,1772609227.671000000,/visual_slam/tracking/odometry_adapted.pose.pose.orientation.z,-0.0016878851070699157
23.776,1772609227.671000000,/visual_slam/tracking/odometry_adapted.pose.pose.orientation.z,-0.0018048864721373693
23.776,1772609227.671000000,/visual_slam/tracking/odometry_adapted.pose.pose.orientation.z,-0.0017384019051317576
23.776,1772609227.671000000,/visual_slam/tracking/odometry_adapted.pose.pose.orientation.z,-0.001776592789138966
23.776,1772609227.671000000,/visual_slam/tracking/odometry_adapted.pose.pose.orientation.z,-0.0017285014748212445
23.776,1772609227.671000000,/visual_slam/tracking/odometry_adapted.pose.pose.orientation.z,-0.001732964869538177
23.776,1772609227.671000000,/visual_slam/tracking/odometry_adapted.pose.pose.orientation.z,-0.0017563737331313526
23.776,1772609227.671000000,/visual_slam/tracking/odometry_adapted.pose.pose.orientation.z,-0.0017650842024497738
23.776,1772609227.671000000,/visual_slam/tracking/odometry_adapted.pose.pose.orientation.z,-0.0016975054340277055
23.776,1772609227.671000000,/visual_slam/tracking/odometry_adapted.pose.pose.orientation.z,-0.0016975052593314111
23.776,1772609227.671000000,/visual_slam/tracking/odometry_adapted.pose.pose.orientation.z,-0.001683604577657999
23.776,1772609227.671000000,/visual_slam/tracking/odometry_adapted.pose.pose.orientation.z,-0.0017186527655713186
23.776,1772609227.671000000,/visual_slam/tracking/odometry_adapted.pose.pose.orientation.z,-0.001872697913377399
23.776,1772609227.671000000,/visual_slam/tracking/odometry_adapted.pose.pose.orientation.z,-0.0018262652984499883
23.776,1772609227.671000000,/visual_slam/tracking/odometry_adapted.pose.pose.orientation.z,-0.0018715485963278148
23.776,1772609227.671000000,/visual_slam/tracking/odometry_adapted.pose.pose.orientation.z,-0.0019104339149322819
23.776,1772609227.671000000,/visual_slam/tracking/odometry_adapted.pose.pose.orientation.z,-0.0019062477354643893
23.776,1772609227.671000000,/visual_slam/tracking/odometry_adapted.pose.pose.orientation.z,-0.0018524725697587699
23.776,1772609227.671000000,/visual_slam/tracking/odometry_adapted.pose.pose.orientation.z,-0.0017854795615367292
23.776,1772609227.671000000,/visual_slam/tracking/odometry_adapted.pose.pose.orientation.z,-0.0018516325498015118
23.776,1772609227.671000000,/visual_slam/tracking/odometry_adapted.pose.pose.orientation.z,-0.0018416213072435874
23.776,1772609227.671000000,/visual_slam/tracking/odometry_adapted.pose.pose.orientation.z,-0.0018706134440195413
23.776,1772609227.671000000,/visual_slam/tracking/odometry_adapted.pose.pose.orientation.z,-0.0018569726322162478
23.776,1772609227.671000000,/visual_slam/tracking/odometry_adapted.pose.pose.orientation.z,-0.0018787316683829883
23.776,1772609227.671000000,/visual_slam/tracking/odometry_adapted.pose.pose.orientation.z,-0.0018666556008830018
23.776,1772609227.671000000,/visual_slam/tracking/odometry_adapted.pose.pose.orientation.z,-0.0018184026144611603
23.776,1772609227.671000000,/visual_slam/tracking/odometry_adapted.pose.pose.orientation.z,-0.001877602550616213
23.776,1772609227.671000000,/visual_slam/tracking/odometry_adapted.pose.pose.orientation.z,-0.0018528039365883773
23.776,1772609227.671000000,/visual_slam/tracking/odometry_adapted.pose.pose.orientation.z,-0.0018720151556492375
23.776,1772609227.671000000,/visual_slam/tracking/odometry_adapted.pose.pose.orientation.z,-0.0018310485500001815
23.776,1772609227.671000000,/visual_slam/tracking/odometry_adapted.pose.pose.orientation.z,-0.0017989463268376
23.776,1772609227.671000000,/visual_slam/tracking/odometry_adapted.pose.pose.orientation.z,-0.0017704674565730345
23.776,1772609227.671000000,/visual_slam/tracking/odometry_adapted.pose.pose.orientation.z,-0.0018047563537285632
23.776,1772609227.671000000,/visual_slam/tracking/odometry_adapted.pose.pose.orientation.z,-0.0018187994448142014
23.776,1772609227.671000000,/visual_slam/tracking/odometry_adapted.pose.pose.orientation.z,-0.001813766993833106
23.776,1772609227.671000000,/visual_slam/tracking/odometry_adapted.pose.pose.orientation.z,-0.0018587268580471054
23.776,1772609227.671000000,/visual_slam/tracking/odometry_adapted.pose.pose.orientation.z,-0.0018587087171315511
23.776,1772609227.671000000,/visual_slam/tracking/odometry_adapted.pose.pose.orientation.z,-0.0019133394721791844
23.776,1772609227.671000000,/visual_slam/tracking/odometry_adapted.pose.pose.orientation.z,-0.0019132101742620658
23.776,1772609227.671000000,/visual_slam/tracking/odometry_adapted.pose.pose.orientation.z,-0.0018609172221607058
23.776,1772609227.671000000,/visual_slam/tracking/odometry_adapted.pose.pose.orientation.z,-0.0018782275947813842
23.776,1772609227.671000000,/visual_slam/tracking/odometry_adapted.pose.pose.orientation.z,-0.001911206083983454
23.776,1772609227.671000000,/visual_slam/tracking/odometry_adapted.pose.pose.orientation.z,-0.0019000837658521205
23.776,1772609227.671000000,/visual_slam/tracking/odometry_adapted.pose.pose.orientation.z,-0.001904844624334928
23.776,1772609227.671000000,/visual_slam/tracking/odometry_adapted.pose.pose.orientation.z,-0.0018865752620976538
23.776,1772609227.671000000,/visual_slam/tracking/odometry_adapted.pose.pose.orientation.z,-0.001880770740461685
23.776,1772609227.671000000,/visual_slam/tracking/odometry_adapted.pose.pose.orientation.z,-0.0019150026884973568
23.777,1772609227.672000000,/visual_slam/tracking/odometry_adapted.pose.pose.orientation.z,-0.0019280094037148064
23.777,1772609227.672000000,/visual_slam/tracking/odometry_adapted.pose.pose.orientation.z,-0.0019304935378511928
23.777,1772609227.672000000,/visual_slam/tracking/odometry_adapted.pose.pose.orientation.z,-0.0019023384743913976
23.777,1772609227.672000000,/visual_slam/tracking/odometry_adapted.pose.pose.orientation.z,-0.001870953521128579
23.777,1772609227.672000000,/visual_slam/tracking/odometry_adapted.pose.pose.orientation.z,-0.001844260668742817
23.777,1772609227.672000000,/visual_slam/tracking/odometry_adapted.pose.pose.orientation.z,-0.0017951148743020205
23.777,1772609227.672000000,/visual_slam/tracking/odometry_adapted.pose.pose.orientation.z,-0.0018188911575347975
23.777,1772609227.672000000,/visual_slam/tracking/odometry_adapted.pose.pose.orientation.z,-0.0018491030551086704
23.777,1772609227.672000000,/visual_slam/tracking/odometry_adapted.pose.pose.orientation.z,-0.001833046697445057
23.777,1772609227.672000000,/visual_slam/tracking/odometry_adapted.pose.pose.orientation.z,-0.0018281632135755215
23.777,1772609227.672000000,/visual_slam/tracking/odometry_adapted.pose.pose.orientation.z,-0.0018722115441441867
23.777,1772609227.672000000,/visual_slam/tracking/odometry_adapted.pose.pose.orientation.z,-0.001838317663320376
23.777,1772609227.672000000,/visual_slam/tracking/odometry_adapted.pose.pose.orientation.z,-0.0018383165716054904
23.777,1772609227.672000000,/visual_slam/tracking/odometry_adapted.pose.pose.orientation.z,-0.0018435580840172813
23.777,1772609227.672000000,/visual_slam/tracking/odometry_adapted.pose.pose.orientation.z,-0.0018630246465795
23.777,1772609227.672000000,/visual_slam/tracking/odometry_adapted.pose.pose.orientation.z,-0.0018348651041848062
23.777,1772609227.672000000,/visual_slam/tracking/odometry_adapted.pose.pose.orientation.z,-0.0017575433475222615
23.777,1772609227.672000000,/visual_slam/tracking/odometry_adapted.pose.pose.orientation.z,-0.0017575446286365987
23.777,1772609227.672000000,/visual_slam/tracking/odometry_adapted.pose.pose.orientation.z,-0.0017575542632060556
23.777,1772609227.672000000,/visual_slam/tracking/odometry_adapted.pose.pose.orientation.z,-0.0017454654323577903
23.777,1772609227.672000000,/visual_slam/tracking/odometry_adapted.pose.pose.orientation.z,-0.001783683936267884
23.777,1772609227.672000000,/visual_slam/tracking/odometry_adapted.pose.pose.orientation.z,-0.0017392105379286694
23.777,1772609227.672000000,/visual_slam/tracking/odometry_adapted.pose.pose.orientation.z,-0.0017584712293064702
23.777,1772609227.672000000,/visual_slam/tracking/odometry_adapted.pose.pose.orientation.z,-0.0017439059254265902
23.777,1772609227.672000000,/visual_slam/tracking/odometry_adapted.pose.pose.orientation.z,-0.0017877102278618898
23.777,1772609227.672000000,/visual_slam/tracking/odometry_adapted.pose.pose.orientation.z,-0.0017838573211402654
23.777,1772609227.672000000,/visual_slam/tracking/odometry_adapted.pose.pose.orientation.z,-0.0017914669497012352
23.777,1772609227.672000000,/visual_slam/tracking/odometry_adapted.pose.pose.orientation.z,-0.0018022187881823399
23.777,1772609227.672000000,/visual_slam/tracking/odometry_adapted.pose.pose.orientation.z,-0.0018107852127250742
23.777,1772609227.672000000,/visual_slam/tracking/odometry_adapted.pose.pose.orientation.z,-0.001798041386969425
23.777,1772609227.672000000,/visual_slam/tracking/odometry_adapted.pose.pose.orientation.z,-0.0018532557858420764
23.777,1772609227.672000000,/visual_slam/tracking/odometry_adapted.pose.pose.orientation.z,-0.0017845908066722932
23.777,1772609227.672000000,/visual_slam/tracking/odometry_adapted.pose.pose.orientation.z,-0.0018218456230532434
23.777,1772609227.672000000,/visual_slam/tracking/odometry_adapted.pose.pose.orientation.z,-0.001823253256305079
23.777,1772609227.672000000,/visual_slam/tracking/odometry_adapted.pose.pose.orientation.z,-0.0018720149342382523
23.777,1772609227.672000000,/visual_slam/tracking/odometry_adapted.pose.pose.orientation.z,-0.0018443161533900718
23.777,1772609227.672000000,/visual_slam/tracking/odometry_adapted.pose.pose.orientation.z,-0.001835403338944429
23.777,1772609227.672000000,/visual_slam/tracking/odometry_adapted.pose.pose.orientation.z,-0.001853003814691776
23.777,1772609227.672000000,/visual_slam/tracking/odometry_adapted.pose.pose.orientation.z,-0.001841182868871652
23.777,1772609227.672000000,/visual_slam/tracking/odometry_adapted.pose.pose.orientation.z,-0.0018528422718063508
23.777,1772609227.672000000,/visual_slam/tracking/odometry_adapted.pose.pose.orientation.z,-0.0018528605123909764
23.777,1772609227.672000000,/visual_slam/tracking/odometry_adapted.pose.pose.orientation.z,-0.001825785694170654
23.777,1772609227.672000000,/visual_slam/tracking/odometry_adapted.pose.pose.orientation.z,-0.0018224289188204699
23.777,1772609227.672000000,/visual_slam/tracking/odometry_adapted.pose.pose.orientation.z,-0.0018185604103458076
23.777,1772609227.672000000,/visual_slam/tracking/odometry_adapted.pose.pose.orientation.z,-0.0017856820615298646
23.777,1772609227.672000000,/visual_slam/tracking/odometry_adapted.pose.pose.orientation.z,-0.0018164962742545914
23.777,1772609227.672000000,/visual_slam/tracking/odometry_adapted.pose.pose.orientation.z,-0.0017531701322723342
23.777,1772609227.672000000,/visual_slam/tracking/odometry_adapted.pose.pose.orientation.z,-0.0016930794771360526
23.777,1772609227.672000000,/visual_slam/tracking/odometry_adapted.pose.pose.orientation.z,-0.0017174735928889753
23.777,1772609227.672000000,/visual_slam/tracking/odometry_adapted.pose.pose.orientation.z,-0.0016967658486180804
23.777,1772609227.672000000,/visual_slam/tracking/odometry_adapted.pose.pose.orientation.z,-0.0017220135151145301
23.777,1772609227.672000000,/visual_slam/tracking/odometry_adapted.pose.pose.orientation.z,-0.0017206308678718032
23.777,1772609227.672000000,/visual_slam/tracking/odometry_adapted.pose.pose.orientation.z,-0.001720633209985352
23.777,1772609227.672000000,/visual_slam/tracking/odometry_adapted.pose.pose.orientation.z,-0.0016919875167079592
23.777,1772609227.672000000,/visual_slam/tracking/odometry_adapted.pose.pose.orientation.z,-0.0016922537149736466
23.777,1772609227.672000000,/visual_slam/tracking/odometry_adapted.pose.pose.orientation.z,-0.0016922572088858324
23.777,1772609227.672000000,/visual_slam/tracking/odometry_adapted.pose.pose.orientation.z,-0.0017488375292361719
23.777,1772609227.672000000,/visual_slam/tracking/odometry_adapted.pose.pose.orientation.z,-0.0016870859128822206
23.777,1772609227.672000000,/visual_slam/tracking/odometry_adapted.pose.pose.orientation.z,-0.0016455885691025276
23.777,1772609227.672000000,/visual_slam/tracking/odometry_adapted.pose.pose.orientation.z,-0.0016725536872705118
23.777,1772609227.672000000,/visual_slam/tracking/odometry_adapted.pose.pose.orientation.z,-0.0017333917401251549
23.777,1772609227.672000000,/visual_slam/tracking/odometry_adapted.pose.pose.orientation.z,-0.001673339695792616
23.777,1772609227.672000000,/visual_slam/tracking/odometry_adapted.pose.pose.orientation.z,-0.0016656277892470744
23.777,1772609227.672000000,/visual_slam/tracking/odometry_adapted.pose.pose.orientation.z,-0.001646093623444662
23.777,1772609227.672000000,/visual_slam/tracking/odometry_adapted.pose.pose.orientation.z,-0.0016806145626093783
23.777,1772609227.672000000,/visual_slam/tracking/odometry_adapted.pose.pose.orientation.z,-0.0017547555872841284
23.777,1772609227.672000000,/visual_slam/tracking/odometry_adapted.pose.pose.orientation.z,-0.001748692704613246
23.777,1772609227.672000000,/visual_slam/tracking/odometry_adapted.pose.pose.orientation.z,-0.0018674588786567296
23.777,1772609227.672000000,/visual_slam/tracking/odometry_adapted.pose.pose.orientation.z,-0.0019114262777488434
23.777,1772609227.672000000,/visual_slam/tracking/odometry_adapted.pose.pose.orientation.z,-0.0018632077297714542
23.777,1772609227.672000000,/visual_slam/tracking/odometry_adapted.pose.pose.orientation.z,-0.0015197698847394378
23.777,1772609227.672000000,/visual_slam/tracking/odometry_adapted.pose.pose.orientation.z,-0.0017480121678670698
23.777,1772609227.672000000,/visual_slam/tracking/odometry_adapted.pose.pose.orientation.z,-0.0018662032259364155
23.777,1772609227.672000000,/visual_slam/tracking/odometry_adapted.pose.pose.orientation.z,-0.0018832390255856554
23.777,1772609227.672000000,/visual_slam/tracking/odometry_adapted.pose.pose.orientation.z,-0.001876536479659161
23.777,1772609227.672000000,/visual_slam/tracking/odometry_adapted.pose.pose.orientation.z,-0.001913681659942635
23.777,1772609227.672000000,/visual_slam/tracking/odometry_adapted.pose.pose.orientation.z,-0.0018686159388412505
23.777,1772609227.672000000,/visual_slam/tracking/odometry_adapted.pose.pose.orientation.z,-0.0018461779064015951
23.777,1772609227.672000000,/visual_slam/tracking/odometry_adapted.pose.pose.orientation.z,-0.0018825958798894403
23.777,1772609227.672000000,/visual_slam/tracking/odometry_adapted.pose.pose.orientation.z,-0.0018661562287679242
23.777,1772609227.672000000,/visual_slam/tracking/odometry_adapted.pose.pose.orientation.z,-0.0018480400068919176
23.777,1772609227.672000000,/visual_slam/tracking/odometry_adapted.pose.pose.orientation.z,-0.0018622167540758546
23.777,1772609227.672000000,/visual_slam/tracking/odometry_adapted.pose.pose.orientation.z,-0.001908268528096951
23.777,1772609227.672000000,/visual_slam/tracking/odometry_adapted.pose.pose.orientation.z,-0.001980426758570875
23.777,1772609227.672000000,/visual_slam/tracking/odometry_adapted.pose.pose.orientation.z,-0.0020067385476409965
23.777,1772609227.672000000,/visual_slam/tracking/odometry_adapted.pose.pose.orientation.z,-0.002062793697044321
23.777,1772609227.672000000,/visual_slam/tracking/odometry_adapted.pose.pose.orientation.z,-0.0020177424870392777
23.777,1772609227.672000000,/visual_slam/tracking/odometry_adapted.pose.pose.orientation.z,-0.001997920547652436
23.777,1772609227.672000000,/visual_slam/tracking/odometry_adapted.pose.pose.orientation.z,-0.0019806777530294367
23.777,1772609227.672000000,/visual_slam/tracking/odometry_adapted.pose.pose.orientation.z,-0.0020097183749011246
23.777,1772609227.672000000,/visual_slam/tracking/odometry_adapted.pose.pose.orientation.z,-0.0019977238628487446
23.777,1772609227.672000000,/visual_slam/tracking/odometry_adapted.pose.pose.orientation.z,-0.0019852908134501066
23.777,1772609227.672000000,/visual_slam/tracking/odometry_adapted.pose.pose.orientation.z,-0.0020002045397155594
23.777,1772609227.672000000,/visual_slam/tracking/odometry_adapted.pose.pose.orientation.z,-0.0020116633310803106
23.777,1772609227.672000000,/visual_slam/tracking/odometry_adapted.pose.pose.orientation.z,-0.002044136164643309
23.777,1772609227.672000000,/visual_slam/tracking/odometry_adapted.pose.pose.orientation.z,-0.002009103128752182
23.777,1772609227.672000000,/visual_slam/tracking/odometry_adapted.pose.pose.orientation.z,-0.0020427918465110604
23.777,1772609227.672000000,/visual_slam/tracking/odometry_adapted.pose.pose.orientation.z,-0.002023470729754702
23.777,1772609227.672000000,/visual_slam/tracking/odometry_adapted.pose.pose.orientation.z,-0.0020167090156825457
23.777,1772609227.672000000,/visual_slam/tracking/odometry_adapted.pose.pose.orientation.z,-0.0019600925148404924
23.777,1772609227.672000000,/visual_slam/tracking/odometry_adapted.pose.pose.orientation.z,-0.0019911259835083007
23.777,1772609227.672000000,/visual_slam/tracking/odometry_adapted.pose.pose.orientation.z,-0.0019808180761550667
23.777,1772609227.672000000,/visual_slam/tracking/odometry_adapted.pose.pose.orientation.z,-0.002011454780282767
23.777,1772609227.672000000,/visual_slam/tracking/odometry_adapted.pose.pose.orientation.z,-0.0020553211424677565
23.777,1772609227.672000000,/visual_slam/tracking/odometry_adapted.pose.pose.orientation.z,-0.002080791510217273
23.777,1772609227.672000000,/visual_slam/tracking/odometry_adapted.pose.pose.orientation.z,-0.002070567778749049
23.777,1772609227.672000000,/visual_slam/tracking/odometry_adapted.pose.pose.orientation.z,-0.0020279696960528396
23.777,1772609227.672000000,/visual_slam/tracking/odometry_adapted.pose.pose.orientation.z,-0.0020686005202659305
23.777,1772609227.672000000,/visual_slam/tracking/odometry_adapted.pose.pose.orientation.z,-0.002014895924927271
23.777,1772609227.672000000,/visual_slam/tracking/odometry_adapted.pose.pose.orientation.z,-0.0019949138660315204
23.777,1772609227.672000000,/visual_slam/tracking/odometry_adapted.pose.pose.orientation.z,-0.0019938014863777535
23.777,1772609227.672000000,/visual_slam/tracking/odometry_adapted.pose.pose.orientation.z,-0.001956522077228454
23.777,1772609227.672000000,/visual_slam/tracking/odometry_adapted.pose.pose.orientation.z,-0.0019495327160679444
23.777,1772609227.672000000,/visual_slam/tracking/odometry_adapted.pose.pose.orientation.z,-0.001982782021994027
23.777,1772609227.672000000,/visual_slam/tracking/odometry_adapted.pose.pose.orientation.z,-0.0019519905010850723
23.777,1772609227.672000000,/visual_slam/tracking/odometry_adapted.pose.pose.orientation.z,-0.0019650952384160335
23.777,1772609227.672000000,/visual_slam/tracking/odometry_adapted.pose.pose.orientation.z,-0.0019744046503290254
23.777,1772609227.672000000,/visual_slam/tracking/odometry_adapted.pose.pose.orientation.z,-0.00200018997038146
23.777,1772609227.672000000,/visual_slam/tracking/odometry_adapted.pose.pose.orientation.z,-0.0020086050988847733
23.777,1772609227.672000000,/visual_slam/tracking/odometry_adapted.pose.pose.orientation.z,-0.0019927616621722606
23.777,1772609227.672000000,/visual_slam/tracking/odometry_adapted.pose.pose.orientation.z,-0.00201097836982164
23.777,1772609227.672000000,/visual_slam/tracking/odometry_adapted.pose.pose.orientation.z,-0.0019384296656186433
23.777,1772609227.672000000,/visual_slam/tracking/odometry_adapted.pose.pose.orientation.z,-0.0019483079244334137
23.777,1772609227.672000000,/visual_slam/tracking/odometry_adapted.pose.pose.orientation.z,-0.0019566946406539714
23.777,1772609227.672000000,/visual_slam/tracking/odometry_adapted.pose.pose.orientation.z,-0.0019441866709073324
23.777,1772609227.672000000,/visual_slam/tracking/odometry_adapted.pose.pose.orientation.z,-0.0019245834134806001
23.777,1772609227.672000000,/visual_slam/tracking/odometry_adapted.pose.pose.orientation.z,-0.0019024524424265
23.777,1772609227.672000000,/visual_slam/tracking/odometry_adapted.pose.pose.orientation.z,-0.001925716777607139
23.827,1772609227.722000000,/visual_slam/tracking/odometry_adapted.pose.pose.orientation.z,-0.0019110565746769913
23.827,1772609227.722000000,/visual_slam/tracking/odometry_adapted.pose.pose.orientation.z,-0.0020751565502720505
23.827,1772609227.722000000,/visual_slam/tracking/odometry_adapted.pose.pose.orientation.z,-0.002054773382574252
23.827,1772609227.722000000,/visual_slam/tracking/odometry_adapted.pose.pose.orientation.z,-0.0019857190169036117
23.827,1772609227.722000000,/visual_slam/tracking/odometry_adapted.pose.pose.orientation.z,-0.0020352935217395444
23.827,1772609227.722000000,/visual_slam/tracking/odometry_adapted.pose.pose.orientation.z,-0.002106312401148967
23.827,1772609227.722000000,/visual_slam/tracking/odometry_adapted.pose.pose.orientation.z,-0.0021212313319022907
23.827,1772609227.722000000,/visual_slam/tracking/odometry_adapted.pose.pose.orientation.z,-0.0021229935805751727
23.827,1772609227.722000000,/visual_slam/tracking/odometry_adapted.pose.pose.orientation.z,-0.0020280308794255035
23.827,1772609227.722000000,/visual_slam/tracking/odometry_adapted.pose.pose.orientation.z,-0.00204463644956718
23.827,1772609227.722000000,/visual_slam/tracking/odometry_adapted.pose.pose.orientation.z,-0.0020492283572604267
23.827,1772609227.722000000,/visual_slam/tracking/odometry_adapted.pose.pose.orientation.z,-0.0020196208324999806
23.828,1772609227.723000000,/visual_slam/tracking/odometry_adapted.pose.pose.orientation.z,-0.002107506569608695
23.828,1772609227.723000000,/visual_slam/tracking/odometry_adapted.pose.pose.orientation.z,-0.0020948971855912
23.828,1772609227.723000000,/visual_slam/tracking/odometry_adapted.pose.pose.orientation.z,-0.0020868710235109316
23.828,1772609227.723000000,/visual_slam/tracking/odometry_adapted.pose.pose.orientation.z,-0.0020799285629226234
23.828,1772609227.723000000,/visual_slam/tracking/odometry_adapted.pose.pose.orientation.z,-0.002094453661345682
23.828,1772609227.723000000,/visual_slam/tracking/odometry_adapted.pose.pose.orientation.z,-0.0020628797440492936
23.828,1772609227.723000000,/visual_slam/tracking/odometry_adapted.pose.pose.orientation.z,-0.002091666490818527
23.828,1772609227.723000000,/visual_slam/tracking/odometry_adapted.pose.pose.orientation.z,-0.001978435504676241
23.828,1772609227.723000000,/visual_slam/tracking/odometry_adapted.pose.pose.orientation.z,-0.001912776355707493
23.828,1772609227.723000000,/visual_slam/tracking/odometry_adapted.pose.pose.orientation.z,-0.001944173861811916
23.828,1772609227.723000000,/visual_slam/tracking/odometry_adapted.pose.pose.orientation.z,-0.0018847359385261693
23.828,1772609227.723000000,/visual_slam/tracking/odometry_adapted.pose.pose.orientation.z,-0.0016930406860780922
23.828,1772609227.723000000,/visual_slam/tracking/odometry_adapted.pose.pose.orientation.z,-0.001790596442766731
23.828,1772609227.723000000,/visual_slam/tracking/odometry_adapted.pose.pose.orientation.z,-0.001825230776951945
23.828,1772609227.723000000,/visual_slam/tracking/odometry_adapted.pose.pose.orientation.z,-0.0018588514976831897
23.828,1772609227.723000000,/visual_slam/tracking/odometry_adapted.pose.pose.orientation.z,-0.0018999652016115213
23.828,1772609227.723000000,/visual_slam/tracking/odometry_adapted.pose.pose.orientation.z,-0.0018998887858618088
23.828,1772609227.723000000,/visual_slam/tracking/odometry_adapted.pose.pose.orientation.z,-0.0018523700830259807
23.828,1772609227.723000000,/visual_slam/tracking/odometry_adapted.pose.pose.orientation.z,-0.0018797408794685598
23.828,1772609227.723000000,/visual_slam/tracking/odometry_adapted.pose.pose.orientation.z,-0.0018822326732960072
23.828,1772609227.723000000,/visual_slam/tracking/odometry_adapted.pose.pose.orientation.z,-0.001846284859053415
23.828,1772609227.723000000,/visual_slam/tracking/odometry_adapted.pose.pose.orientation.z,-0.001777630741752365
23.828,1772609227.723000000,/visual_slam/tracking/odometry_adapted.pose.pose.orientation.z,-0.0019108409428456087
23.828,1772609227.723000000,/visual_slam/tracking/odometry_adapted.pose.pose.orientation.z,-0.001931483670182971
23.828,1772609227.723000000,/visual_slam/tracking/odometry_adapted.pose.pose.orientation.z,-0.0019915418484053736
23.828,1772609227.723000000,/visual_slam/tracking/odometry_adapted.pose.pose.orientation.z,-0.0020553971584230425
23.828,1772609227.723000000,/visual_slam/tracking/odometry_adapted.pose.pose.orientation.z,-0.0019928431818019288
23.828,1772609227.723000000,/visual_slam/tracking/odometry_adapted.pose.pose.orientation.z,-0.002039764786922211
23.828,1772609227.723000000,/visual_slam/tracking/odometry_adapted.pose.pose.orientation.z,-0.002046884273904855
23.886,1772609227.781000000,/visual_slam/tracking/odometry_adapted.pose.pose.orientation.z,-0.002073609319142206
23.886,1772609227.781000000,/visual_slam/tracking/odometry_adapted.pose.pose.orientation.z,-0.002124838035015775
23.886,1772609227.781000000,/visual_slam/tracking/odometry_adapted.pose.pose.orientation.z,-0.002086921095292852
23.886,1772609227.781000000,/visual_slam/tracking/odometry_adapted.pose.pose.orientation.z,-0.0020703452388186783
23.886,1772609227.781000000,/visual_slam/tracking/odometry_adapted.pose.pose.orientation.z,-0.0020724380865159053
23.886,1772609227.781000000,/visual_slam/tracking/odometry_adapted.pose.pose.orientation.z,-0.0020270031882511064
23.886,1772609227.781000000,/visual_slam/tracking/odometry_adapted.pose.pose.orientation.z,-0.0020437780887098524
23.886,1772609227.781000000,/visual_slam/tracking/odometry_adapted.pose.pose.orientation.z,-0.0020584632113466775
23.886,1772609227.781000000,/visual_slam/tracking/odometry_adapted.pose.pose.orientation.z,-0.002033186777415922
23.886,1772609227.781000000,/visual_slam/tracking/odometry_adapted.pose.pose.orientation.z,-0.002007310161465421
23.886,1772609227.781000000,/visual_slam/tracking/odometry_adapted.pose.pose.orientation.z,-0.0019290174070013886
23.886,1772609227.781000000,/visual_slam/tracking/odometry_adapted.pose.pose.orientation.z,-0.0018975405940088216
23.886,1772609227.781000000,/visual_slam/tracking/odometry_adapted.pose.pose.orientation.z,-0.0018472527123473861
23.886,1772609227.781000000,/visual_slam/tracking/odometry_adapted.pose.pose.orientation.z,-0.0018356247112070226
23.886,1772609227.781000000,/visual_slam/tracking/odometry_adapted.pose.pose.orientation.z,-0.0018515924880621315
23.886,1772609227.781000000,/visual_slam/tracking/odometry_adapted.pose.pose.orientation.z,-0.001851592532488714
23.886,1772609227.781000000,/visual_slam/tracking/odometry_adapted.pose.pose.orientation.z,-0.0018175081879440397
23.886,1772609227.781000000,/visual_slam/tracking/odometry_adapted.pose.pose.orientation.z,-0.0018175205337146668
23.886,1772609227.781000000,/visual_slam/tracking/odometry_adapted.pose.pose.orientation.z,-0.0018260826474533656
23.886,1772609227.781000000,/visual_slam/tracking/odometry_adapted.pose.pose.orientation.z,-0.001879588953191997
23.886,1772609227.781000000,/visual_slam/tracking/odometry_adapted.pose.pose.orientation.z,-0.0019068647751419592
23.886,1772609227.781000000,/visual_slam/tracking/odometry_adapted.pose.pose.orientation.z,-0.0018845926216093493
23.887,1772609227.782000000,/visual_slam/tracking/odometry_adapted.pose.pose.orientation.z,-0.00182898454517194
23.887,1772609227.782000000,/visual_slam/tracking/odometry_adapted.pose.pose.orientation.z,-0.001811636392284599
23.887,1772609227.782000000,/visual_slam/tracking/odometry_adapted.pose.pose.orientation.z,-0.0018209045805759022
23.887,1772609227.782000000,/visual_slam/tracking/odometry_adapted.pose.pose.orientation.z,-0.0018367077338123138
23.887,1772609227.782000000,/visual_slam/tracking/odometry_adapted.pose.pose.orientation.z,-0.0018069213605130762
23.887,1772609227.782000000,/visual_slam/tracking/odometry_adapted.pose.pose.orientation.z,-0.001806921781629018
23.887,1772609227.782000000,/visual_slam/tracking/odometry_adapted.pose.pose.orientation.z,-0.0018054024540206126
23.887,1772609227.782000000,/visual_slam/tracking/odometry_adapted.pose.pose.orientation.z,-0.001789328846885487
23.887,1772609227.782000000,/visual_slam/tracking/odometry_adapted.pose.pose.orientation.z,-0.0018157503554433823
23.887,1772609227.782000000,/visual_slam/tracking/odometry_adapted.pose.pose.orientation.z,-0.0017849685229108449
24.051,1772609227.946000000,/visual_slam/tracking/odometry_adapted.pose.pose.orientation.z,-0.0017894508341770254
24.051,1772609227.946000000,/visual_slam/tracking/odometry_adapted.pose.pose.orientation.z,-0.0018106426803721405
24.051,1772609227.946000000,/visual_slam/tracking/odometry_adapted.pose.pose.orientation.z,-0.0018200586247892928
24.051,1772609227.946000000,/visual_slam/tracking/odometry_adapted.pose.pose.orientation.z,-0.0018404464925809595
24.145,1772609228.040000000,/visual_slam/tracking/odometry_adapted.pose.pose.orientation.z,-0.001835792533557219
24.254,1772609228.149000000,/visual_slam/tracking/odometry_adapted.pose.pose.orientation.z,-0.0017713376689691776
24.255,1772609228.150000000,/visual_slam/tracking/odometry_adapted.pose.pose.orientation.z,-0.0017602916621563274
24.365,1772609228.260000000,/visual_slam/tracking/odometry_adapted.pose.pose.orientation.z,-0.001751448390138898
24.365,1772609228.260000000,/visual_slam/tracking/odometry_adapted.pose.pose.orientation.z,-0.0018099476484123524
24.579,1772609228.474000000,/visual_slam/tracking/odometry_adapted.pose.pose.orientation.z,-0.0017484784219421248
24.579,1772609228.474000000,/visual_slam/tracking/odometry_adapted.pose.pose.orientation.z,-0.0017296220401051869
24.579,1772609228.474000000,/visual_slam/tracking/odometry_adapted.pose.pose.orientation.z,-0.001708322213550008
24.579,1772609228.474000000,/visual_slam/tracking/odometry_adapted.pose.pose.orientation.z,-0.0017357975586656347
24.659,1772609228.554000000,/visual_slam/tracking/odometry_adapted.pose.pose.orientation.z,-0.0017919272965232272
24.676,1772609228.571000000,/visual_slam/tracking/odometry_adapted.pose.pose.orientation.z,-0.0018101620890431367
24.74,1772609228.635000000,/visual_slam/tracking/odometry_adapted.pose.pose.orientation.z,-0.0018318554202642633
24.756,1772609228.651000000,/visual_slam/tracking/odometry_adapted.pose.pose.orientation.z,-0.0017764060562835006
24.834,1772609228.729000000,/visual_slam/tracking/odometry_adapted.pose.pose.orientation.z,-0.0018331999327035671
24.944,1772609228.839000000,/visual_slam/tracking/odometry_adapted.pose.pose.orientation.z,-0.001591861163100313
24.944,1772609228.839000000,/visual_slam/tracking/odometry_adapted.pose.pose.orientation.z,-0.0016230253952439115
25.016,1772609228.911000000,/visual_slam/tracking/odometry_adapted.pose.pose.orientation.z,-0.0015821525296311248
25.115,1772609229.010000000,/visual_slam/tracking/odometry_adapted.pose.pose.orientation.z,-0.001533085846152183
25.21,1772609229.105000000,/visual_slam/tracking/odometry_adapted.pose.pose.orientation.z,-0.0015347006572801708
25.341,1772609229.236000000,/visual_slam/tracking/odometry_adapted.pose.pose.orientation.z,-0.0015329213910415516
25.342,1772609229.237000000,/visual_slam/tracking/odometry_adapted.pose.pose.orientation.z,-0.0014974645415250717
25.443,1772609229.338000000,/visual_slam/tracking/odometry_adapted.pose.pose.orientation.z,-0.0016214635192333805
25.446,1772609229.341000000,/visual_slam/tracking/odometry_adapted.pose.pose.orientation.z,-0.0016545443795905124
25.479,1772609229.374000000,/visual_slam/tracking/odometry_adapted.pose.pose.orientation.z,-0.0016495513684384407
25.577,1772609229.472000000,/visual_slam/tracking/odometry_adapted.pose.pose.orientation.z,-0.001728130906568201
25.69,1772609229.585000000,/visual_slam/tracking/odometry_adapted.pose.pose.orientation.z,-0.0017118311584115495
25.69,1772609229.585000000,/visual_slam/tracking/odometry_adapted.pose.pose.orientation.z,-0.00169437091572509
25.69,1772609229.585000000,/visual_slam/tracking/odometry_adapted.pose.pose.orientation.z,-0.0016922030258483337
25.69,1772609229.585000000,/visual_slam/tracking/odometry_adapted.pose.pose.orientation.z,-0.0017084007177948434
25.69,1772609229.585000000,/visual_slam/tracking/odometry_adapted.pose.pose.orientation.z,-0.0017133778104632227
25.69,1772609229.585000000,/visual_slam/tracking/odometry_adapted.pose.pose.orientation.z,-0.0017389195339760207
25.69,1772609229.585000000,/visual_slam/tracking/odometry_adapted.pose.pose.orientation.z,-0.0017446374065242397
25.712,1772609229.607000000,/visual_slam/tracking/odometry_adapted.pose.pose.orientation.z,-0.0017600271794126965
25.712,1772609229.607000000,/visual_slam/tracking/odometry_adapted.pose.pose.orientation.z,-0.001785792025993324
25.712,1772609229.607000000,/visual_slam/tracking/odometry_adapted.pose.pose.orientation.z,-0.0017485964431464996
25.816,1772609229.711000000,/visual_slam/tracking/odometry_adapted.pose.pose.orientation.z,-0.0017679237306527287
25.841,1772609229.736000000,/visual_slam/tracking/odometry_adapted.pose.pose.orientation.z,-0.001787722934372432
25.916,1772609229.811000000,/visual_slam/tracking/odometry_adapted.pose.pose.orientation.z,-0.0017826814310682524
25.951,1772609229.846000000,/visual_slam/tracking/odometry_adapted.pose.pose.orientation.z,-0.0017727565207448408
25.951,1772609229.846000000,/visual_slam/tracking/odometry_adapted.pose.pose.orientation.z,-0.0017891968516548997
26.075,1772609229.970000000,/visual_slam/tracking/odometry_adapted.pose.pose.orientation.z,-0.0017903377341495304
26.109,1772609230.004000000,/visual_slam/tracking/odometry_adapted.pose.pose.orientation.z,-0.0017638528992113436
26.209,1772609230.104000000,/visual_slam/tracking/odometry_adapted.pose.pose.orientation.z,-0.0017944732779353284
26.315,1772609230.210000000,/visual_slam/tracking/odometry_adapted.pose.pose.orientation.z,-0.0018107675949793024
26.315,1772609230.210000000,/visual_slam/tracking/odometry_adapted.pose.pose.orientation.z,-0.0017891599721649334
26.468,1772609230.363000000,/visual_slam/tracking/odometry_adapted.pose.pose.orientation.z,-0.0018753141254624665
26.58,1772609230.475000000,/visual_slam/tracking/odometry_adapted.pose.pose.orientation.z,-0.001883959589728219
26.643,1772609230.538000000,/visual_slam/tracking/odometry_adapted.pose.pose.orientation.z,-0.0019655513672215776
26.687,1772609230.582000000,/visual_slam/tracking/odometry_adapted.pose.pose.orientation.z,-0.0020055524202144052
26.688,1772609230.583000000,/visual_slam/tracking/odometry_adapted.pose.pose.orientation.z,-0.001987293905014829
26.688,1772609230.583000000,/visual_slam/tracking/odometry_adapted.pose.pose.orientation.z,-0.0019383957712243657
26.688,1772609230.583000000,/visual_slam/tracking/odometry_adapted.pose.pose.orientation.z,-0.0019398758263971404
26.771,1772609230.666000000,/visual_slam/tracking/odometry_adapted.pose.pose.orientation.z,-0.0020285928604798294
26.771,1772609230.666000000,/visual_slam/tracking/odometry_adapted.pose.pose.orientation.z,-0.0020044536374804385
26.771,1772609230.666000000,/visual_slam/tracking/odometry_adapted.pose.pose.orientation.z,-0.0019438375447051476
26.771,1772609230.666000000,/visual_slam/tracking/odometry_adapted.pose.pose.orientation.z,-0.0019348294136303935
26.771,1772609230.666000000,/visual_slam/tracking/odometry_adapted.pose.pose.orientation.z,-0.0019793835755575486
26.771,1772609230.666000000,/visual_slam/tracking/odometry_adapted.pose.pose.orientation.z,-0.0019846916172612888
26.786,1772609230.681000000,/visual_slam/tracking/odometry_adapted.pose.pose.orientation.z,-0.0019431478722896354
33.416,1772609237.311000000,/visual_slam/tracking/odometry_adapted.pose.pose.orientation.z,-0.0019176779505220125
33.416,1772609237.311000000,/visual_slam/tracking/odometry_adapted.pose.pose.orientation.z,-0.0019152295315846418
33.416,1772609237.311000000,/visual_slam/tracking/odometry_adapted.pose.pose.orientation.z,-0.0018691397589882357
33.418,1772609237.313000000,/visual_slam/tracking/odometry_adapted.pose.pose.orientation.z,-0.0018788395705608527
33.422,1772609237.317000000,/visual_slam/tracking/odometry_adapted.pose.pose.orientation.z,-0.0018262008729992756
33.422,1772609237.317000000,/visual_slam/tracking/odometry_adapted.pose.pose.orientation.z,-0.0019743554673102284
33.422,1772609237.317000000,/visual_slam/tracking/odometry_adapted.pose.pose.orientation.z,-0.002028464744460819
33.422,1772609237.317000000,/visual_slam/tracking/odometry_adapted.pose.pose.orientation.z,-0.002012581633823434
33.422,1772609237.317000000,/visual_slam/tracking/odometry_adapted.pose.pose.orientation.z,-0.0019372460469769188
33.422,1772609237.317000000,/visual_slam/tracking/odometry_adapted.pose.pose.orientation.z,-0.002083651380187903
33.422,1772609237.317000000,/visual_slam/tracking/odometry_adapted.pose.pose.orientation.z,-0.002089420624603745
66.665,1772609270.560000000,/visual_slam/tracking/odometry_adapted.pose.pose.orientation.z,-0.002081033658325779
66.789,1772609270.684000000,/visual_slam/tracking/odometry_adapted.pose.pose.orientation.z,-0.08136071145620981
66.793,1772609270.688000000,/visual_slam/tracking/odometry_adapted.pose.pose.orientation.z,-0.08442011344409432
66.954,1772609270.849000000,/visual_slam/tracking/odometry_adapted.pose.pose.orientation.z,-0.10185260065305904
67.091,1772609270.986000000,/visual_slam/tracking/odometry_adapted.pose.pose.orientation.z,-0.11542782660295846
67.091,1772609270.986000000,/visual_slam/tracking/odometry_adapted.pose.pose.orientation.z,-0.11760376293217842
67.278,1772609271.173000000,/visual_slam/tracking/odometry_adapted.pose.pose.orientation.z,-0.12805016525348792
67.328,1772609271.223000000,/visual_slam/tracking/odometry_adapted.pose.pose.orientation.z,-0.1457957409848651
67.481,1772609271.376000000,/visual_slam/tracking/odometry_adapted.pose.pose.orientation.z,-0.1600512170103594
67.609,1772609271.504000000,/visual_slam/tracking/odometry_adapted.pose.pose.orientation.z,-0.17493149747492723
67.824,1772609271.719000000,/visual_slam/tracking/odometry_adapted.pose.pose.orientation.z,-0.184894768049637
67.876,1772609271.771000000,/visual_slam/tracking/odometry_adapted.pose.pose.orientation.z,-0.20541396877986218
67.986,1772609271.881000000,/visual_slam/tracking/odometry_adapted.pose.pose.orientation.z,-0.22072745682761308
68.128,1772609272.023000000,/visual_slam/tracking/odometry_adapted.pose.pose.orientation.z,-0.2299425806095713
68.197,1772609272.092000000,/visual_slam/tracking/odometry_adapted.pose.pose.orientation.z,-0.2308302483060088
68.198,1772609272.093000000,/visual_slam/tracking/odometry_adapted.pose.pose.orientation.z,-0.2317538562012173
68.296,1772609272.191000000,/visual_slam/tracking/odometry_adapted.pose.pose.orientation.z,-0.24014466606971943
68.45,1772609272.345000000,/visual_slam/tracking/odometry_adapted.pose.pose.orientation.z,-0.255202227889309
68.552,1772609272.447000000,/visual_slam/tracking/odometry_adapted.pose.pose.orientation.z,-0.2651493308498114
68.627,1772609272.522000000,/visual_slam/tracking/odometry_adapted.pose.pose.orientation.z,-0.26898398782916566
68.686,1772609272.581000000,/visual_slam/tracking/odometry_adapted.pose.pose.orientation.z,-0.2701100828235899
68.85,1772609272.745000000,/visual_slam/tracking/odometry_adapted.pose.pose.orientation.z,-0.27857338483480154
68.89,1772609272.785000000,/visual_slam/tracking/odometry_adapted.pose.pose.orientation.z,-0.2857633666828744
69.02,1772609272.915000000,/visual_slam/tracking/odometry_adapted.pose.pose.orientation.z,-0.29014702805405934
69.159,1772609273.054000000,/visual_slam/tracking/odometry_adapted.pose.pose.orientation.z,-0.2921058447054057
69.264,1772609273.159000000,/visual_slam/tracking/odometry_adapted.pose.pose.orientation.z,-0.29731452476956516
69.296,1772609273.191000000,/visual_slam/tracking/odometry_adapted.pose.pose.orientation.z,-0.29864214226707914
69.361,1772609273.256000000,/visual_slam/tracking/odometry_adapted.pose.pose.orientation.z,-0.30366401913374047
69.494,1772609273.389000000,/visual_slam/tracking/odometry_adapted.pose.pose.orientation.z,-0.30977854103087166
69.639,1772609273.534000000,/visual_slam/tracking/odometry_adapted.pose.pose.orientation.z,-0.31214203464831003
69.684,1772609273.579000000,/visual_slam/tracking/odometry_adapted.pose.pose.orientation.z,-0.3121421000079445
69.684,1772609273.579000000,/visual_slam/tracking/odometry_adapted.pose.pose.orientation.z,-0.3116196352503082
69.734,1772609273.629000000,/visual_slam/tracking/odometry_adapted.pose.pose.orientation.z,-0.31150075196290017
69.734,1772609273.629000000,/visual_slam/tracking/odometry_adapted.pose.pose.orientation.z,-0.31150075453646736
69.829,1772609273.724000000,/visual_slam/tracking/odometry_adapted.pose.pose.orientation.z,-0.30859217171541214
70.01,1772609273.905000000,/visual_slam/tracking/odometry_adapted.pose.pose.orientation.z,-0.29974815586652814
70.198,1772609274.093000000,/visual_slam/tracking/odometry_adapted.pose.pose.orientation.z,-0.2830661648781635
70.297,1772609274.192000000,/visual_slam/tracking/odometry_adapted.pose.pose.orientation.z,-0.26379691378374287
70.439,1772609274.334000000,/visual_slam/tracking/odometry_adapted.pose.pose.orientation.z,-0.2534946540820526
70.571,1772609274.466000000,/visual_slam/tracking/odometry_adapted.pose.pose.orientation.z,-0.24366540298518877
70.661,1772609274.556000000,/visual_slam/tracking/odometry_adapted.pose.pose.orientation.z,-0.22822978550071144
70.668,1772609274.563000000,/visual_slam/tracking/odometry_adapted.pose.pose.orientation.z,-0.22738873339286317
70.828,1772609274.723000000,/visual_slam/tracking/odometry_adapted.pose.pose.orientation.z,-0.21598035097487853
70.999,1772609274.894000000,/visual_slam/tracking/odometry_adapted.pose.pose.orientation.z,-0.1973325872690939
71.035,1772609274.930000000,/visual_slam/tracking/odometry_adapted.pose.pose.orientation.z,-0.19609507844861124
71.164,1772609275.059000000,/visual_slam/tracking/odometry_adapted.pose.pose.orientation.z,-0.18513407040396768
71.341,1772609275.236000000,/visual_slam/tracking/odometry_adapted.pose.pose.orientation.z,-0.18312036698541312
71.495,1772609275.390000000,/visual_slam/tracking/odometry_adapted.pose.pose.orientation.z,-0.1830562624861869
71.562,1772609275.457000000,/visual_slam/tracking/odometry_adapted.pose.pose.orientation.z,-0.1830503330505433
71.651,1772609275.546000000,/visual_slam/tracking/odometry_adapted.pose.pose.orientation.z,-0.18315080354559488
71.767,1772609275.662000000,/visual_slam/tracking/odometry_adapted.pose.pose.orientation.z,-0.18320770765520789
76.822,1772609280.717000000,/visual_slam/tracking/odometry_adapted.pose.pose.orientation.z,-0.1830443896031267
76.832,1772609280.727000000,/visual_slam/tracking/odometry_adapted.pose.pose.orientation.z,-0.1831566723085919
76.832,1772609280.727000000,/visual_slam/tracking/odometry_adapted.pose.pose.orientation.z,-0.18314760685392314
76.832,1772609280.727000000,/visual_slam/tracking/odometry_adapted.pose.pose.orientation.z,-0.1830620257086034
76.832,1772609280.727000000,/visual_slam/tracking/odometry_adapted.pose.pose.orientation.z,-0.18306875842904655
76.832,1772609280.727000000,/visual_slam/tracking/odometry_adapted.pose.pose.orientation.z,-0.18296647721131207
76.832,1772609280.727000000,/visual_slam/tracking/odometry_adapted.pose.pose.orientation.z,-0.18287849261190153
76.832,1772609280.727000000,/visual_slam/tracking/odometry_adapted.pose.pose.orientation.z,-0.1828372142625907
76.832,1772609280.727000000,/visual_slam/tracking/odometry_adapted.pose.pose.orientation.z,-0.18278148326920732
76.832,1772609280.727000000,/visual_slam/tracking/odometry_adapted.pose.pose.orientation.z,-0.18257773973235833
76.832,1772609280.727000000,/visual_slam/tracking/odometry_adapted.pose.pose.orientation.z,-0.1825308767060964
76.832,1772609280.727000000,/visual_slam/tracking/odometry_adapted.pose.pose.orientation.z,-0.182521582242363
76.832,1772609280.727000000,/visual_slam/tracking/odometry_adapted.pose.pose.orientation.z,-0.18252776532217246
76.832,1772609280.727000000,/visual_slam/tracking/odometry_adapted.pose.pose.orientation.z,-0.1828239246605639
76.832,1772609280.727000000,/visual_slam/tracking/odometry_adapted.pose.pose.orientation.z,-0.18279477582612694
76.832,1772609280.727000000,/visual_slam/tracking/odometry_adapted.pose.pose.orientation.z,-0.18275172255715896
76.832,1772609280.727000000,/visual_slam/tracking/odometry_adapted.pose.pose.orientation.z,-0.18265555143141446
76.832,1772609280.727000000,/visual_slam/tracking/odometry_adapted.pose.pose.orientation.z,-0.1826248865289414
76.832,1772609280.727000000,/visual_slam/tracking/odometry_adapted.pose.pose.orientation.z,-0.18259029297314722
76.832,1772609280.727000000,/visual_slam/tracking/odometry_adapted.pose.pose.orientation.z,-0.18259034430631876
76.832,1772609280.727000000,/visual_slam/tracking/odometry_adapted.pose.pose.orientation.z,-0.18261972162509288
76.832,1772609280.727000000,/visual_slam/tracking/odometry_adapted.pose.pose.orientation.z,-0.18265480683986712
76.873,1772609280.768000000,/visual_slam/tracking/odometry_adapted.pose.pose.orientation.z,-0.18258740167222903
76.873,1772609280.768000000,/visual_slam/tracking/odometry_adapted.pose.pose.orientation.z,-0.1825901046321281
76.873,1772609280.768000000,/visual_slam/tracking/odometry_adapted.pose.pose.orientation.z,-0.1825977428706458
76.873,1772609280.768000000,/visual_slam/tracking/odometry_adapted.pose.pose.orientation.z,-0.182550166064016
76.873,1772609280.768000000,/visual_slam/tracking/odometry_adapted.pose.pose.orientation.z,-0.18254779620924919
76.873,1772609280.768000000,/visual_slam/tracking/odometry_adapted.pose.pose.orientation.z,-0.18263638425612677
76.873,1772609280.768000000,/visual_slam/tracking/odometry_adapted.pose.pose.orientation.z,-0.1826215042049973
76.873,1772609280.768000000,/visual_slam/tracking/odometry_adapted.pose.pose.orientation.z,-0.182632720580305
76.873,1772609280.768000000,/visual_slam/tracking/odometry_adapted.pose.pose.orientation.z,-0.18256532661545816
76.873,1772609280.768000000,/visual_slam/tracking/odometry_adapted.pose.pose.orientation.z,-0.1824542903009184
76.873,1772609280.768000000,/visual_slam/tracking/odometry_adapted.pose.pose.orientation.z,-0.18245347587715224
77.025,1772609280.920000000,/visual_slam/tracking/odometry_adapted.pose.pose.orientation.z,-0.1823929575225234
77.101,1772609280.996000000,/visual_slam/tracking/odometry_adapted.pose.pose.orientation.z,-0.18245397547646314
77.257,1772609281.152000000,/visual_slam/tracking/odometry_adapted.pose.pose.orientation.z,-0.1823892485926768
77.257,1772609281.152000000,/visual_slam/tracking/odometry_adapted.pose.pose.orientation.z,-0.1823506793560297
77.289,1772609281.184000000,/visual_slam/tracking/odometry_adapted.pose.pose.orientation.z,-0.18233689233698028
77.398,1772609281.293000000,/visual_slam/tracking/odometry_adapted.pose.pose.orientation.z,-0.18234386086736154
77.541,1772609281.436000000,/visual_slam/tracking/odometry_adapted.pose.pose.orientation.z,-0.18228759250362747
77.602,1772609281.497000000,/visual_slam/tracking/odometry_adapted.pose.pose.orientation.z,-0.18230785322783963
77.696,1772609281.591000000,/visual_slam/tracking/odometry_adapted.pose.pose.orientation.z,-0.18220815902818957
77.798,1772609281.693000000,/visual_slam/tracking/odometry_adapted.pose.pose.orientation.z,-0.18221768315182446
77.806,1772609281.701000000,/visual_slam/tracking/odometry_adapted.pose.pose.orientation.z,-0.18231705613975224
77.864,1772609281.759000000,/visual_slam/tracking/odometry_adapted.pose.pose.orientation.z,-0.1823102833187577
77.904,1772609281.799000000,/visual_slam/tracking/odometry_adapted.pose.pose.orientation.z,-0.18197753910023598
77.938,1772609281.833000000,/visual_slam/tracking/odometry_adapted.pose.pose.orientation.z,-0.1820139222802221
79.804,1772609283.699000000,/visual_slam/tracking/odometry_adapted.pose.pose.orientation.z,-0.18200630597686757
79.837,1772609283.732000000,/visual_slam/tracking/odometry_adapted.pose.pose.orientation.z,-0.18200625150458563
79.907,1772609283.802000000,/visual_slam/tracking/odometry_adapted.pose.pose.orientation.z,-0.1818410741063526
79.941,1772609283.836000000,/visual_slam/tracking/odometry_adapted.pose.pose.orientation.z,-0.1818621008825992
80.005,1772609283.900000000,/visual_slam/tracking/odometry_adapted.pose.pose.orientation.z,-0.18187879676330948
80.038,1772609283.933000000,/visual_slam/tracking/odometry_adapted.pose.pose.orientation.z,-0.18195927360254527
80.177,1772609284.072000000,/visual_slam/tracking/odometry_adapted.pose.pose.orientation.z,-0.18183073830932608
80.303,1772609284.198000000,/visual_slam/tracking/odometry_adapted.pose.pose.orientation.z,-0.18184548927266872
80.371,1772609284.266000000,/visual_slam/tracking/odometry_adapted.pose.pose.orientation.z,-0.1818593329138409
80.465,1772609284.360000000,/visual_slam/tracking/odometry_adapted.pose.pose.orientation.z,-0.18202714561271158
80.59,1772609284.485000000,/visual_slam/tracking/odometry_adapted.pose.pose.orientation.z,-0.18214443930233096
80.709,1772609284.604000000,/visual_slam/tracking/odometry_adapted.pose.pose.orientation.z,-0.1821140286340525
80.803,1772609284.698000000,/visual_slam/tracking/odometry_adapted.pose.pose.orientation.z,-0.1820666264039979
80.915,1772609284.810000000,/visual_slam/tracking/odometry_adapted.pose.pose.orientation.z,-0.18205369408540398
83.857,1772609287.752000000,/visual_slam/tracking/odometry_adapted.pose.pose.orientation.z,-0.18196910310331857
84.05,1772609287.945000000,/visual_slam/tracking/odometry_adapted.pose.pose.orientation.z,-0.1817061657714498
84.091,1772609287.986000000,/visual_slam/tracking/odometry_adapted.pose.pose.orientation.z,-0.18164840148053557
84.21,1772609288.105000000,/visual_slam/tracking/odometry_adapted.pose.pose.orientation.z,-0.18146159350102464
84.37,1772609288.265000000,/visual_slam/tracking/odometry_adapted.pose.pose.orientation.z,-0.18138313650307958
84.533,1772609288.428000000,/visual_slam/tracking/odometry_adapted.pose.pose.orientation.z,-0.18129825697695634
84.673,1772609288.568000000,/visual_slam/tracking/odometry_adapted.pose.pose.orientation.z,-0.1812378604537134
84.774,1772609288.669000000,/visual_slam/tracking/odometry_adapted.pose.pose.orientation.z,-0.18127470915011754
85.048,1772609288.943000000,/visual_slam/tracking/odometry_adapted.pose.pose.orientation.z,-0.18118451481085793
85.146,1772609289.041000000,/visual_slam/tracking/odometry_adapted.pose.pose.orientation.z,-0.18112763500687737
85.16,1772609289.055000000,/visual_slam/tracking/odometry_adapted.pose.pose.orientation.z,-0.18107732895939416
85.178,1772609289.073000000,/visual_slam/tracking/odometry_adapted.pose.pose.orientation.z,-0.18103636629591904
85.243,1772609289.138000000,/visual_slam/tracking/odometry_adapted.pose.pose.orientation.z,-0.18092355611864402
85.295,1772609289.190000000,/visual_slam/tracking/odometry_adapted.pose.pose.orientation.z,-0.18094512747125654
85.295,1772609289.190000000,/visual_slam/tracking/odometry_adapted.pose.pose.orientation.z,-0.18099754978181654
88.907,1772609292.802000000,/visual_slam/tracking/odometry_adapted.pose.pose.orientation.z,-0.18096038243984602
88.95,1772609292.845000000,/visual_slam/tracking/odometry_adapted.pose.pose.orientation.z,-0.1811409257678022
89.079,1772609292.974000000,/visual_slam/tracking/odometry_adapted.pose.pose.orientation.z,-0.18119432199683047
89.142,1772609293.037000000,/visual_slam/tracking/odometry_adapted.pose.pose.orientation.z,-0.18116806086691317
89.179,1772609293.074000000,/visual_slam/tracking/odometry_adapted.pose.pose.orientation.z,-0.18120117047699658
89.262,1772609293.157000000,/visual_slam/tracking/odometry_adapted.pose.pose.orientation.z,-0.1811668380820266
89.451,1772609293.346000000,/visual_slam/tracking/odometry_adapted.pose.pose.orientation.z,-0.18117847687040023
89.488,1772609293.383000000,/visual_slam/tracking/odometry_adapted.pose.pose.orientation.z,-0.18116940025078992
89.708,1772609293.603000000,/visual_slam/tracking/odometry_adapted.pose.pose.orientation.z,-0.18117257124141703
89.781,1772609293.676000000,/visual_slam/tracking/odometry_adapted.pose.pose.orientation.z,-0.1810894627180285
90.058,1772609293.953000000,/visual_slam/tracking/odometry_adapted.pose.pose.orientation.z,-0.18118891991048847
90.157,1772609294.052000000,/visual_slam/tracking/odometry_adapted.pose.pose.orientation.z,-0.1811601397418471
90.264,1772609294.159000000,/visual_slam/tracking/odometry_adapted.pose.pose.orientation.z,-0.18151951663568347
90.456,1772609294.351000000,/visual_slam/tracking/odometry_adapted.pose.pose.orientation.z,-0.18149450557197597
92.923,1772609296.818000000,/visual_slam/tracking/odometry_adapted.pose.pose.orientation.z,-0.18153608346720232
93.017,1772609296.912000000,/visual_slam/tracking/odometry_adapted.pose.pose.orientation.z,-0.038889143538477985
93.212,1772609297.107000000,/visual_slam/tracking/odometry_adapted.pose.pose.orientation.z,-0.015204606335597358
93.213,1772609297.108000000,/visual_slam/tracking/odometry_adapted.pose.pose.orientation.z,-0.005673283621343263
93.216,1772609297.111000000,/visual_slam/tracking/odometry_adapted.pose.pose.orientation.z,-0.0032096526860438583
93.248,1772609297.143000000,/visual_slam/tracking/odometry_adapted.pose.pose.orientation.z,-0.0008144191079193008
93.378,1772609297.273000000,/visual_slam/tracking/odometry_adapted.pose.pose.orientation.z,0.023386266408221782
93.42,1772609297.315000000,/visual_slam/tracking/odometry_adapted.pose.pose.orientation.z,0.025750711330179515
93.59,1772609297.485000000,/visual_slam/tracking/odometry_adapted.pose.pose.orientation.z,0.061873130492545295
93.777,1772609297.672000000,/visual_slam/tracking/odometry_adapted.pose.pose.orientation.z,0.10872270642742556
93.947,1772609297.842000000,/visual_slam/tracking/odometry_adapted.pose.pose.orientation.z,0.1550999243421721
94.08,1772609297.975000000,/visual_slam/tracking/odometry_adapted.pose.pose.orientation.z,0.24523937639569682
94.178,1772609298.073000000,/visual_slam/tracking/odometry_adapted.pose.pose.orientation.z,0.3117588694952813
94.346,1772609298.241000000,/visual_slam/tracking/odometry_adapted.pose.pose.orientation.z,0.3767726235078617
94.493,1772609298.388000000,/visual_slam/tracking/odometry_adapted.pose.pose.orientation.z,0.4397275890807907
94.648,1772609298.543000000,/visual_slam/tracking/odometry_adapted.pose.pose.orientation.z,0.5014765177620789
94.843,1772609298.738000000,/visual_slam/tracking/odometry_adapted.pose.pose.orientation.z,0.539146622052766
113.799,1772609317.694000000,/visual_slam/tracking/odometry_adapted.pose.pose.orientation.z,0.5324070113839483
113.933,1772609317.828000000,/visual_slam/tracking/odometry_adapted.pose.pose.orientation.z,0.7315529732001236
114.033,1772609317.928000000,/visual_slam/tracking/odometry_adapted.pose.pose.orientation.z,0.7539354412796234
114.204,1772609318.099000000,/visual_slam/tracking/odometry_adapted.pose.pose.orientation.z,0.7706228987006591
114.345,1772609318.240000000,/visual_slam/tracking/odometry_adapted.pose.pose.orientation.z,0.7930706160386567
114.388,1772609318.283000000,/visual_slam/tracking/odometry_adapted.pose.pose.orientation.z,0.8138157347925049
114.503,1772609318.398000000,/visual_slam/tracking/odometry_adapted.pose.pose.orientation.z,0.8319056122481346
114.55,1772609318.445000000,/visual_slam/tracking/odometry_adapted.pose.pose.orientation.z,0.8336632944088718
114.609,1772609318.504000000,/visual_slam/tracking/odometry_adapted.pose.pose.orientation.z,0.8369217346038886
114.699,1772609318.594000000,/visual_slam/tracking/odometry_adapted.pose.pose.orientation.z,0.8526684528678689
114.711,1772609318.606000000,/visual_slam/tracking/odometry_adapted.pose.pose.orientation.z,0.8590653875232808
114.876,1772609318.771000000,/visual_slam/tracking/odometry_adapted.pose.pose.orientation.z,0.8758292015757377
114.971,1772609318.866000000,/visual_slam/tracking/odometry_adapted.pose.pose.orientation.z,0.8931789421145099
115.043,1772609318.938000000,/visual_slam/tracking/odometry_adapted.pose.pose.orientation.z,0.9053884060804758
115.23,1772609319.125000000,/visual_slam/tracking/odometry_adapted.pose.pose.orientation.z,0.9174305332271968
115.33,1772609319.225000000,/visual_slam/tracking/odometry_adapted.pose.pose.orientation.z,0.929275677933494
115.503,1772609319.398000000,/visual_slam/tracking/odometry_adapted.pose.pose.orientation.z,0.9413092551380933
115.533,1772609319.428000000,/visual_slam/tracking/odometry_adapted.pose.pose.orientation.z,0.9456655063891517
115.533,1772609319.428000000,/visual_slam/tracking/odometry_adapted.pose.pose.orientation.z,0.9465763455118535
115.645,1772609319.540000000,/visual_slam/tracking/odometry_adapted.pose.pose.orientation.z,0.9585419778437124
115.677,1772609319.572000000,/visual_slam/tracking/odometry_adapted.pose.pose.orientation.z,0.9601426132140094
115.678,1772609319.573000000,/visual_slam/tracking/odometry_adapted.pose.pose.orientation.z,0.9609665905030462
115.707,1772609319.602000000,/visual_slam/tracking/odometry_adapted.pose.pose.orientation.z,0.9617724319213904
115.841,1772609319.736000000,/visual_slam/tracking/odometry_adapted.pose.pose.orientation.z,0.9680765410621707
115.943,1772609319.838000000,/visual_slam/tracking/odometry_adapted.pose.pose.orientation.z,0.9817666965198466
116.125,1772609320.020000000,/visual_slam/tracking/odometry_adapted.pose.pose.orientation.z,0.990127437317416
116.177,1772609320.072000000,/visual_slam/tracking/odometry_adapted.pose.pose.orientation.z,0.9946735280308323
116.178,1772609320.073000000,/visual_slam/tracking/odometry_adapted.pose.pose.orientation.z,0.9949705710324167
116.178,1772609320.073000000,/visual_slam/tracking/odometry_adapted.pose.pose.orientation.z,0.9952452692294571
116.208,1772609320.103000000,/visual_slam/tracking/odometry_adapted.pose.pose.orientation.z,0.9955329138944291
116.208,1772609320.103000000,/visual_slam/tracking/odometry_adapted.pose.pose.orientation.z,0.9957402293855798
116.339,1772609320.234000000,/visual_slam/tracking/odometry_adapted.pose.pose.orientation.z,0.9967705091883269
116.539,1772609320.434000000,/visual_slam/tracking/odometry_adapted.pose.pose.orientation.z,0.9977713650671939
116.617,1772609320.512000000,/visual_slam/tracking/odometry_adapted.pose.pose.orientation.z,0.9981884492020874
116.802,1772609320.697000000,/visual_slam/tracking/odometry_adapted.pose.pose.orientation.z,0.9985624724664665
116.808,1772609320.703000000,/visual_slam/tracking/odometry_adapted.pose.pose.orientation.z,0.9985943765030962
116.902,1772609320.797000000,/visual_slam/tracking/odometry_adapted.pose.pose.orientation.z,0.99883574272894
117.006,1772609320.901000000,/visual_slam/tracking/odometry_adapted.pose.pose.orientation.z,0.9990228408707285
117.142,1772609321.037000000,/visual_slam/tracking/odometry_adapted.pose.pose.orientation.z,0.9991430321012013
117.142,1772609321.037000000,/visual_slam/tracking/odometry_adapted.pose.pose.orientation.z,0.9991378569499374
117.242,1772609321.137000000,/visual_slam/tracking/odometry_adapted.pose.pose.orientation.z,0.9991572673573972
117.413,1772609321.308000000,/visual_slam/tracking/odometry_adapted.pose.pose.orientation.z,0.999127566223686
117.535,1772609321.430000000,/visual_slam/tracking/odometry_adapted.pose.pose.orientation.z,0.9989468945129085
117.579,1772609321.474000000,/visual_slam/tracking/odometry_adapted.pose.pose.orientation.z,0.9989183506739152
117.638,1772609321.533000000,/visual_slam/tracking/odometry_adapted.pose.pose.orientation.z,0.9986527651146371
117.648,1772609321.543000000,/visual_slam/tracking/odometry_adapted.pose.pose.orientation.z,0.9986193260029769
117.777,1772609321.672000000,/visual_slam/tracking/odometry_adapted.pose.pose.orientation.z,0.9982977102143352
117.904,1772609321.799000000,/visual_slam/tracking/odometry_adapted.pose.pose.orientation.z,0.997898613355644
117.904,1772609321.799000000,/visual_slam/tracking/odometry_adapted.pose.pose.orientation.z,0.9978279500733472
118.038,1772609321.933000000,/visual_slam/tracking/odometry_adapted.pose.pose.orientation.z,0.9972557246683886
118.04,1772609321.935000000,/visual_slam/tracking/odometry_adapted.pose.pose.orientation.z,0.9972557171973053
118.072,1772609321.967000000,/visual_slam/tracking/odometry_adapted.pose.pose.orientation.z,0.997141926105672
118.142,1772609322.037000000,/visual_slam/tracking/odometry_adapted.pose.pose.orientation.z,0.9966831408303859
118.204,1772609322.099000000,/visual_slam/tracking/odometry_adapted.pose.pose.orientation.z,0.9966831408303859
118.304,1772609322.199000000,/visual_slam/tracking/odometry_adapted.pose.pose.orientation.z,0.9962262159042828
118.404,1772609322.299000000,/visual_slam/tracking/odometry_adapted.pose.pose.orientation.z,0.9955342310797268
118.548,1772609322.443000000,/visual_slam/tracking/odometry_adapted.pose.pose.orientation.z,0.9948163087732033
118.667,1772609322.562000000,/visual_slam/tracking/odometry_adapted.pose.pose.orientation.z,0.9939669474224013
118.78,1772609322.675000000,/visual_slam/tracking/odometry_adapted.pose.pose.orientation.z,0.9933555140928421
118.939,1772609322.834000000,/visual_slam/tracking/odometry_adapted.pose.pose.orientation.z,0.9922015572100282
118.939,1772609322.834000000,/visual_slam/tracking/odometry_adapted.pose.pose.orientation.z,0.992201549700888
118.976,1772609322.871000000,/visual_slam/tracking/odometry_adapted.pose.pose.orientation.z,0.9919651112670131
118.989,1772609322.884000000,/visual_slam/tracking/odometry_adapted.pose.pose.orientation.z,0.9918318058336658
119.04,1772609322.935000000,/visual_slam/tracking/odometry_adapted.pose.pose.orientation.z,0.9916951617519951
119.14,1772609323.035000000,/visual_slam/tracking/odometry_adapted.pose.pose.orientation.z,0.991145916389359
119.172,1772609323.067000000,/visual_slam/tracking/odometry_adapted.pose.pose.orientation.z,0.991145916389359
119.276,1772609323.171000000,/visual_slam/tracking/odometry_adapted.pose.pose.orientation.z,0.9906084682035832
119.279,1772609323.174000000,/visual_slam/tracking/odometry_adapted.pose.pose.orientation.z,0.9904576112018857
119.376,1772609323.271000000,/visual_slam/tracking/odometry_adapted.pose.pose.orientation.z,0.989853494140066
119.555,1772609323.450000000,/visual_slam/tracking/odometry_adapted.pose.pose.orientation.z,0.989494348172532
119.771,1772609323.666000000,/visual_slam/tracking/odometry_adapted.pose.pose.orientation.z,0.9895362951576838
119.846,1772609323.741000000,/visual_slam/tracking/odometry_adapted.pose.pose.orientation.z,0.9893901017241967
119.939,1772609323.834000000,/visual_slam/tracking/odometry_adapted.pose.pose.orientation.z,0.9894105166399905
120.043,1772609323.938000000,/visual_slam/tracking/odometry_adapted.pose.pose.orientation.z,0.9897426309699076
120.045,1772609323.940000000,/visual_slam/tracking/odometry_adapted.pose.pose.orientation.z,0.9897426159143154
120.205,1772609324.100000000,/visual_slam/tracking/odometry_adapted.pose.pose.orientation.z,0.9905320271326093
120.404,1772609324.299000000,/visual_slam/tracking/odometry_adapted.pose.pose.orientation.z,0.9916103817222792
120.439,1772609324.334000000,/visual_slam/tracking/odometry_adapted.pose.pose.orientation.z,0.9925285864443837
120.512,1772609324.407000000,/visual_slam/tracking/odometry_adapted.pose.pose.orientation.z,0.9926809675735114
120.672,1772609324.567000000,/visual_slam/tracking/odometry_adapted.pose.pose.orientation.z,0.9932972041395937
120.672,1772609324.567000000,/visual_slam/tracking/odometry_adapted.pose.pose.orientation.z,0.9932613944012896
133.417,1772609337.312000000,/visual_slam/tracking/odometry_adapted.pose.pose.orientation.z,0.9932423563566367
133.449,1772609337.344000000,/visual_slam/tracking/odometry_adapted.pose.pose.orientation.z,0.9932423563566367
133.621,1772609337.516000000,/visual_slam/tracking/odometry_adapted.pose.pose.orientation.z,0.9976132490409768
133.716,1772609337.611000000,/visual_slam/tracking/odometry_adapted.pose.pose.orientation.z,0.9980112655468228
133.799,1772609337.694000000,/visual_slam/tracking/odometry_adapted.pose.pose.orientation.z,0.9984121829839304
133.873,1772609337.768000000,/visual_slam/tracking/odometry_adapted.pose.pose.orientation.z,0.9985204569660353
133.92,1772609337.815000000,/visual_slam/tracking/odometry_adapted.pose.pose.orientation.z,0.9986271524371506
134.02,1772609337.915000000,/visual_slam/tracking/odometry_adapted.pose.pose.orientation.z,0.9993360371536117
134.023,1772609337.918000000,/visual_slam/tracking/odometry_adapted.pose.pose.orientation.z,0.9993545416097173
134.164,1772609338.059000000,/visual_slam/tracking/odometry_adapted.pose.pose.orientation.z,0.9993647629008964
134.191,1772609338.086000000,/visual_slam/tracking/odometry_adapted.pose.pose.orientation.z,0.9993630556319617
134.191,1772609338.086000000,/visual_slam/tracking/odometry_adapted.pose.pose.orientation.z,0.9993587911745453
134.26,1772609338.155000000,/visual_slam/tracking/odometry_adapted.pose.pose.orientation.z,0.9993515892698301
134.261,1772609338.156000000,/visual_slam/tracking/odometry_adapted.pose.pose.orientation.z,0.9991986968389691
134.322,1772609338.217000000,/visual_slam/tracking/odometry_adapted.pose.pose.orientation.z,0.9991792201260272
134.327,1772609338.222000000,/visual_slam/tracking/odometry_adapted.pose.pose.orientation.z,0.9991606154840558
134.333,1772609338.228000000,/visual_slam/tracking/odometry_adapted.pose.pose.orientation.z,0.9991253812949785
134.355,1772609338.250000000,/visual_slam/tracking/odometry_adapted.pose.pose.orientation.z,0.9990613152715002
134.356,1772609338.251000000,/visual_slam/tracking/odometry_adapted.pose.pose.orientation.z,0.9990102369940977
134.358,1772609338.253000000,/visual_slam/tracking/odometry_adapted.pose.pose.orientation.z,0.9989547332974597
134.358,1772609338.253000000,/visual_slam/tracking/odometry_adapted.pose.pose.orientation.z,0.998881041818696
134.388,1772609338.283000000,/visual_slam/tracking/odometry_adapted.pose.pose.orientation.z,0.9986606658924816
134.553,1772609338.448000000,/visual_slam/tracking/odometry_adapted.pose.pose.orientation.z,0.9973211094460207
134.587,1772609338.482000000,/visual_slam/tracking/odometry_adapted.pose.pose.orientation.z,0.9968155358854457
134.721,1772609338.616000000,/visual_slam/tracking/odometry_adapted.pose.pose.orientation.z,0.9943275051175255
134.785,1772609338.680000000,/visual_slam/tracking/odometry_adapted.pose.pose.orientation.z,0.990554614830753
134.921,1772609338.816000000,/visual_slam/tracking/odometry_adapted.pose.pose.orientation.z,0.9893235149952417
134.986,1772609338.881000000,/visual_slam/tracking/odometry_adapted.pose.pose.orientation.z,0.989164779219933
135.027,1772609338.922000000,/visual_slam/tracking/odometry_adapted.pose.pose.orientation.z,0.9891647867521265
135.056,1772609338.951000000,/visual_slam/tracking/odometry_adapted.pose.pose.orientation.z,0.9891251289582599
135.157,1772609339.052000000,/visual_slam/tracking/odometry_adapted.pose.pose.orientation.z,0.9890892585642053
135.158,1772609339.053000000,/visual_slam/tracking/odometry_adapted.pose.pose.orientation.z,0.9890892585642053
135.159,1772609339.054000000,/visual_slam/tracking/odometry_adapted.pose.pose.orientation.z,0.9890892585642053
135.2,1772609339.095000000,/visual_slam/tracking/odometry_adapted.pose.pose.orientation.z,0.9890892585642053
135.222,1772609339.117000000,/visual_slam/tracking/odometry_adapted.pose.pose.orientation.z,0.9890892585642053
135.222,1772609339.117000000,/visual_slam/tracking/odometry_adapted.pose.pose.orientation.z,0.9890892510314365
136.66,1772609340.555000000,/visual_slam/tracking/odometry_adapted.pose.pose.orientation.z,0.9890533416709723
136.766,1772609340.661000000,/visual_slam/tracking/odometry_adapted.pose.pose.orientation.z,0.9918581198089436
136.798,1772609340.693000000,/visual_slam/tracking/odometry_adapted.pose.pose.orientation.z,0.9917708145209445
136.799,1772609340.694000000,/visual_slam/tracking/odometry_adapted.pose.pose.orientation.z,0.9917708145209445
136.93,1772609340.825000000,/visual_slam/tracking/odometry_adapted.pose.pose.orientation.z,0.9916678967922392
137.023,1772609340.918000000,/visual_slam/tracking/odometry_adapted.pose.pose.orientation.z,0.9916537568844159
137.122,1772609341.017000000,/visual_slam/tracking/odometry_adapted.pose.pose.orientation.z,0.9913759667330867
137.232,1772609341.127000000,/visual_slam/tracking/odometry_adapted.pose.pose.orientation.z,0.9914820633827407
137.236,1772609341.131000000,/visual_slam/tracking/odometry_adapted.pose.pose.orientation.z,0.9914820633827407
137.261,1772609341.156000000,/visual_slam/tracking/odometry_adapted.pose.pose.orientation.z,0.9914820633827407
137.363,1772609341.258000000,/visual_slam/tracking/odometry_adapted.pose.pose.orientation.z,0.9914452111514798
137.396,1772609341.291000000,/visual_slam/tracking/odometry_adapted.pose.pose.orientation.z,0.9914452186663485
137.396,1772609341.291000000,/visual_slam/tracking/odometry_adapted.pose.pose.orientation.z,0.9914452186663485
137.507,1772609341.402000000,/visual_slam/tracking/odometry_adapted.pose.pose.orientation.z,0.9914393269918172
137.642,1772609341.537000000,/visual_slam/tracking/odometry_adapted.pose.pose.orientation.z,0.9913914408077469
137.689,1772609341.584000000,/visual_slam/tracking/odometry_adapted.pose.pose.orientation.z,0.99133139944727
137.756,1772609341.651000000,/visual_slam/tracking/odometry_adapted.pose.pose.orientation.z,0.9913357059520487
137.86,1772609341.755000000,/visual_slam/tracking/odometry_adapted.pose.pose.orientation.z,0.9913209074306141
137.987,1772609341.882000000,/visual_slam/tracking/odometry_adapted.pose.pose.orientation.z,0.9913086039716299
138.035,1772609341.930000000,/visual_slam/tracking/odometry_adapted.pose.pose.orientation.z,0.9913086114875341
138.088,1772609341.983000000,/visual_slam/tracking/odometry_adapted.pose.pose.orientation.z,0.9913086114875341
138.115,1772609342.010000000,/visual_slam/tracking/odometry_adapted.pose.pose.orientation.z,0.9912920989083894
138.115,1772609342.010000000,/visual_slam/tracking/odometry_adapted.pose.pose.orientation.z,0.9912543752388526
138.185,1772609342.080000000,/visual_slam/tracking/odometry_adapted.pose.pose.orientation.z,0.9912027368065357
