elapsed time,timestamp,topic,value
1.562,1776414512.908000000,/odom_rf2o_adapted.pose.pose.position.x,0.000349727757947612
1.565,1776414512.911000000,/odom_rf2o_adapted.pose.pose.position.x,0.00038232283730177397
1.613,1776414512.959000000,/odom_rf2o_adapted.pose.pose.position.x,0.0002459834450302019
1.734,1776414513.080000000,/odom_rf2o_adapted.pose.pose.position.x,0.0002468102953063246
1.811,1776414513.157000000,/odom_rf2o_adapted.pose.pose.position.x,0.00021120825567948892
1.887,1776414513.233000000,/odom_rf2o_adapted.pose.pose.position.x,0.00023768453673787826
1.957,1776414513.303000000,/odom_rf2o_adapted.pose.pose.position.x,0.0005219369853600268
2.058,1776414513.404000000,/odom_rf2o_adapted.pose.pose.position.x,0.0005685591488539775
2.19,1776414513.536000000,/odom_rf2o_adapted.pose.pose.position.x,0.0004427684430005664
2.2960000000000003,1776414513.642000000,/odom_rf2o_adapted.pose.pose.position.x,0.0005517114083520881
2.414,1776414513.760000000,/odom_rf2o_adapted.pose.pose.position.x,0.0004539755653112168
2.56,1776414513.906000000,/odom_rf2o_adapted.pose.pose.position.x,0.00041000244755428836
2.56,1776414513.906000000,/odom_rf2o_adapted.pose.pose.position.x,0.00047393498306953774
2.664,1776414514.010000000,/odom_rf2o_adapted.pose.pose.position.x,0.0005098845908924898
2.784,1776414514.130000000,/odom_rf2o_adapted.pose.pose.position.x,0.0002554487434985285
2.891,1776414514.237000000,/odom_rf2o_adapted.pose.pose.position.x,0.0001629434658533789
2.9610000000000003,1776414514.307000000,/odom_rf2o_adapted.pose.pose.position.x,0.00035829680269365907
3.085,1776414514.431000000,/odom_rf2o_adapted.pose.pose.position.x,0.00034490923671931517
3.162,1776414514.508000000,/odom_rf2o_adapted.pose.pose.position.x,0.0004525097654703922
3.31,1776414514.656000000,/odom_rf2o_adapted.pose.pose.position.x,0.0001503845238205563
3.365,1776414514.711000000,/odom_rf2o_adapted.pose.pose.position.x,0.0003085572943585177
3.459,1776414514.805000000,/odom_rf2o_adapted.pose.pose.position.x,0.00025767791578935884
3.559,1776414514.905000000,/odom_rf2o_adapted.pose.pose.position.x,0.00018090646586186448
3.6630000000000003,1776414515.009000000,/odom_rf2o_adapted.pose.pose.position.x,0.00013134555218471955
3.759,1776414515.105000000,/odom_rf2o_adapted.pose.pose.position.x,0.000053515462706550665
3.856,1776414515.202000000,/odom_rf2o_adapted.pose.pose.position.x,-0.0002457123480656513
3.959,1776414515.305000000,/odom_rf2o_adapted.pose.pose.position.x,-0.0003843376584178569
4.059,1776414515.405000000,/odom_rf2o_adapted.pose.pose.position.x,-0.0009475190799364021
4.161,1776414515.507000000,/odom_rf2o_adapted.pose.pose.position.x,-0.00041202536179604093
4.302,1776414515.648000000,/odom_rf2o_adapted.pose.pose.position.x,-0.0007159002608664762
4.372,1776414515.718000000,/odom_rf2o_adapted.pose.pose.position.x,-0.00038968683768386
4.491,1776414515.837000000,/odom_rf2o_adapted.pose.pose.position.x,-0.00032267457376728564
4.561,1776414515.907000000,/odom_rf2o_adapted.pose.pose.position.x,-0.0005631448426768049
4.661,1776414516.007000000,/odom_rf2o_adapted.pose.pose.position.x,-0.0006552743607197015
4.812,1776414516.158000000,/odom_rf2o_adapted.pose.pose.position.x,-0.0006447534216032051
4.859,1776414516.205000000,/odom_rf2o_adapted.pose.pose.position.x,-0.0007521720791144014
4.96,1776414516.306000000,/odom_rf2o_adapted.pose.pose.position.x,-0.0008128122896440271
5.055,1776414516.401000000,/odom_rf2o_adapted.pose.pose.position.x,-0.0009862576251339662
5.159,1776414516.505000000,/odom_rf2o_adapted.pose.pose.position.x,-0.0008970203874585116
5.259,1776414516.605000000,/odom_rf2o_adapted.pose.pose.position.x,-0.0007281071165840466
5.359,1776414516.705000000,/odom_rf2o_adapted.pose.pose.position.x,-0.0008973961233341293
5.457,1776414516.803000000,/odom_rf2o_adapted.pose.pose.position.x,-0.0008318198756705475
5.561,1776414516.907000000,/odom_rf2o_adapted.pose.pose.position.x,-0.001202171559477147
5.724,1776414517.070000000,/odom_rf2o_adapted.pose.pose.position.x,-0.0012271214718453834
5.784,1776414517.130000000,/odom_rf2o_adapted.pose.pose.position.x,-0.001048135787334474
5.9030000000000005,1776414517.249000000,/odom_rf2o_adapted.pose.pose.position.x,-0.0010317888950432084
5.96,1776414517.306000000,/odom_rf2o_adapted.pose.pose.position.x,-0.0009537002564780593
6.067,1776414517.413000000,/odom_rf2o_adapted.pose.pose.position.x,-0.0009262733271912446
6.159,1776414517.505000000,/odom_rf2o_adapted.pose.pose.position.x,-0.0011845426133192082
6.2620000000000005,1776414517.608000000,/odom_rf2o_adapted.pose.pose.position.x,-0.0008759160769252379
6.359,1776414517.705000000,/odom_rf2o_adapted.pose.pose.position.x,-0.0011251752514790311
6.459,1776414517.805000000,/odom_rf2o_adapted.pose.pose.position.x,-0.0010128352207448357
6.554,1776414517.900000000,/odom_rf2o_adapted.pose.pose.position.x,-0.0008995266375733182
6.66,1776414518.006000000,/odom_rf2o_adapted.pose.pose.position.x,-0.000791578131807455
6.759,1776414518.105000000,/odom_rf2o_adapted.pose.pose.position.x,-0.0007178110561521511
6.87,1776414518.216000000,/odom_rf2o_adapted.pose.pose.position.x,-0.0009431276274749455
6.962,1776414518.308000000,/odom_rf2o_adapted.pose.pose.position.x,-0.0006958503866555665
7.058,1776414518.404000000,/odom_rf2o_adapted.pose.pose.position.x,-0.0009729020918175582
7.159,1776414518.505000000,/odom_rf2o_adapted.pose.pose.position.x,-0.0013050198204034788
7.258,1776414518.604000000,/odom_rf2o_adapted.pose.pose.position.x,-0.0009053722892704771
7.358,1776414518.704000000,/odom_rf2o_adapted.pose.pose.position.x,-0.0008285506887429801
7.458,1776414518.804000000,/odom_rf2o_adapted.pose.pose.position.x,-0.0006919864642889184
7.558,1776414518.904000000,/odom_rf2o_adapted.pose.pose.position.x,-0.0008249981184428531
7.681,1776414519.027000000,/odom_rf2o_adapted.pose.pose.position.x,-0.0005330875657160415
7.772,1776414519.118000000,/odom_rf2o_adapted.pose.pose.position.x,-0.0005979813653887688
7.859,1776414519.205000000,/odom_rf2o_adapted.pose.pose.position.x,-0.0002159265595743816
7.995,1776414519.341000000,/odom_rf2o_adapted.pose.pose.position.x,-0.0006537848932498085
8.089,1776414519.435000000,/odom_rf2o_adapted.pose.pose.position.x,-0.000658456779134068
8.155,1776414519.501000000,/odom_rf2o_adapted.pose.pose.position.x,-0.0004651183227552466
8.26,1776414519.606000000,/odom_rf2o_adapted.pose.pose.position.x,-0.0004215684782125882
8.362,1776414519.708000000,/odom_rf2o_adapted.pose.pose.position.x,0.0003571379809929817
8.454,1776414519.800000000,/odom_rf2o_adapted.pose.pose.position.x,0.00016694181500018918
8.558,1776414519.904000000,/odom_rf2o_adapted.pose.pose.position.x,0.0004275028024173684
8.659,1776414520.005000000,/odom_rf2o_adapted.pose.pose.position.x,0.00047031563904211676
8.78,1776414520.126000000,/odom_rf2o_adapted.pose.pose.position.x,0.0004544638948118379
8.859,1776414520.205000000,/odom_rf2o_adapted.pose.pose.position.x,0.00031322144982632097
8.959,1776414520.305000000,/odom_rf2o_adapted.pose.pose.position.x,0.00025905200694154376
9.057,1776414520.403000000,/odom_rf2o_adapted.pose.pose.position.x,-0.00003356978962270815
9.162,1776414520.508000000,/odom_rf2o_adapted.pose.pose.position.x,0.00016779016845488992
9.28,1776414520.626000000,/odom_rf2o_adapted.pose.pose.position.x,0.00020659859894783111
9.36,1776414520.706000000,/odom_rf2o_adapted.pose.pose.position.x,0.002672944544953173
9.487,1776414520.833000000,/odom_rf2o_adapted.pose.pose.position.x,0.008621221345686981
9.556000000000001,1776414520.902000000,/odom_rf2o_adapted.pose.pose.position.x,0.015727153491216235
9.655,1776414521.001000000,/odom_rf2o_adapted.pose.pose.position.x,0.02501155236465087
9.757,1776414521.103000000,/odom_rf2o_adapted.pose.pose.position.x,0.03567676818219332
9.867,1776414521.213000000,/odom_rf2o_adapted.pose.pose.position.x,0.044617974637587196
9.961,1776414521.307000000,/odom_rf2o_adapted.pose.pose.position.x,0.054724560179474066
10.062,1776414521.408000000,/odom_rf2o_adapted.pose.pose.position.x,0.06522156129876722
10.183,1776414521.529000000,/odom_rf2o_adapted.pose.pose.position.x,0.07632380793049146
10.279,1776414521.625000000,/odom_rf2o_adapted.pose.pose.position.x,0.08635251348870694
10.383,1776414521.729000000,/odom_rf2o_adapted.pose.pose.position.x,0.09773516384211198
10.462,1776414521.808000000,/odom_rf2o_adapted.pose.pose.position.x,0.10881986228401723
10.562,1776414521.908000000,/odom_rf2o_adapted.pose.pose.position.x,0.11993384570522159
10.655,1776414522.001000000,/odom_rf2o_adapted.pose.pose.position.x,0.1325996726669102
10.756,1776414522.102000000,/odom_rf2o_adapted.pose.pose.position.x,0.14425308844033816
10.858,1776414522.204000000,/odom_rf2o_adapted.pose.pose.position.x,0.1566035284732865
10.957,1776414522.303000000,/odom_rf2o_adapted.pose.pose.position.x,0.1666507854116677
11.06,1776414522.406000000,/odom_rf2o_adapted.pose.pose.position.x,0.1703130944125729
11.183,1776414522.529000000,/odom_rf2o_adapted.pose.pose.position.x,0.17110577841923455
11.259,1776414522.605000000,/odom_rf2o_adapted.pose.pose.position.x,0.17135389544965565
11.359,1776414522.705000000,/odom_rf2o_adapted.pose.pose.position.x,0.17144456341152944
11.46,1776414522.806000000,/odom_rf2o_adapted.pose.pose.position.x,0.17132917651968801
11.559,1776414522.905000000,/odom_rf2o_adapted.pose.pose.position.x,0.17129671358347484
11.656,1776414523.002000000,/odom_rf2o_adapted.pose.pose.position.x,0.17092428467538007
11.756,1776414523.102000000,/odom_rf2o_adapted.pose.pose.position.x,0.16477468059736985
11.859,1776414523.205000000,/odom_rf2o_adapted.pose.pose.position.x,0.15014762455708192
11.959,1776414523.305000000,/odom_rf2o_adapted.pose.pose.position.x,0.13627652482145225
12.062,1776414523.408000000,/odom_rf2o_adapted.pose.pose.position.x,0.12213892208587993
12.154,1776414523.500000000,/odom_rf2o_adapted.pose.pose.position.x,0.11903434597566925
12.255,1776414523.601000000,/odom_rf2o_adapted.pose.pose.position.x,0.11837562283967656
12.358,1776414523.704000000,/odom_rf2o_adapted.pose.pose.position.x,0.11789230017134048
12.459,1776414523.805000000,/odom_rf2o_adapted.pose.pose.position.x,0.11766285165232043
12.849,1776414524.195000000,/odom_rf2o_adapted.pose.pose.position.x,0.11777662456872237
12.849,1776414524.195000000,/odom_rf2o_adapted.pose.pose.position.x,0.11780147519744028
12.849,1776414524.195000000,/odom_rf2o_adapted.pose.pose.position.x,0.11850123139427547
12.916,1776414524.262000000,/odom_rf2o_adapted.pose.pose.position.x,0.12975725763356902
12.959,1776414524.305000000,/odom_rf2o_adapted.pose.pose.position.x,0.14808625574774578
13.059,1776414524.405000000,/odom_rf2o_adapted.pose.pose.position.x,0.18067175533090962
13.163,1776414524.509000000,/odom_rf2o_adapted.pose.pose.position.x,0.21793805765247623
13.26,1776414524.606000000,/odom_rf2o_adapted.pose.pose.position.x,0.256325876940587
13.356,1776414524.702000000,/odom_rf2o_adapted.pose.pose.position.x,0.28222007178676983
13.481,1776414524.827000000,/odom_rf2o_adapted.pose.pose.position.x,0.2937593940388536
13.587,1776414524.933000000,/odom_rf2o_adapted.pose.pose.position.x,0.2942278651594258
13.659,1776414525.005000000,/odom_rf2o_adapted.pose.pose.position.x,0.3078636819161722
13.782,1776414525.128000000,/odom_rf2o_adapted.pose.pose.position.x,0.33832979969317295
13.859,1776414525.205000000,/odom_rf2o_adapted.pose.pose.position.x,0.37108661254021663
13.955,1776414525.301000000,/odom_rf2o_adapted.pose.pose.position.x,0.39311921414451967
14.06,1776414525.406000000,/odom_rf2o_adapted.pose.pose.position.x,0.405081686053727
14.16,1776414525.506000000,/odom_rf2o_adapted.pose.pose.position.x,0.4082041427979463
14.262,1776414525.608000000,/odom_rf2o_adapted.pose.pose.position.x,0.43579940295609415
14.361,1776414525.707000000,/odom_rf2o_adapted.pose.pose.position.x,0.46439500189006827
14.481,1776414525.827000000,/odom_rf2o_adapted.pose.pose.position.x,0.48494444028190636
14.583,1776414525.929000000,/odom_rf2o_adapted.pose.pose.position.x,0.4938851958484107
14.659,1776414526.005000000,/odom_rf2o_adapted.pose.pose.position.x,0.4936065942087113
14.786,1776414526.132000000,/odom_rf2o_adapted.pose.pose.position.x,0.49367320401760945
14.881,1776414526.227000000,/odom_rf2o_adapted.pose.pose.position.x,0.49364234760053727
14.959,1776414526.305000000,/odom_rf2o_adapted.pose.pose.position.x,0.4935512148004878
15.059,1776414526.405000000,/odom_rf2o_adapted.pose.pose.position.x,0.4937056967880234
15.194,1776414526.540000000,/odom_rf2o_adapted.pose.pose.position.x,0.4937059588250601
15.267,1776414526.613000000,/odom_rf2o_adapted.pose.pose.position.x,0.4937709088962684
15.362,1776414526.708000000,/odom_rf2o_adapted.pose.pose.position.x,0.49352048518523967
15.464,1776414526.810000000,/odom_rf2o_adapted.pose.pose.position.x,0.49389067189036673
15.557,1776414526.903000000,/odom_rf2o_adapted.pose.pose.position.x,0.49403764826964336
15.659,1776414527.005000000,/odom_rf2o_adapted.pose.pose.position.x,0.4938642435641118
15.759,1776414527.105000000,/odom_rf2o_adapted.pose.pose.position.x,0.4952856559400338
15.864,1776414527.210000000,/odom_rf2o_adapted.pose.pose.position.x,0.49499127846789953
15.959,1776414527.305000000,/odom_rf2o_adapted.pose.pose.position.x,0.4937584989517471
16.059,1776414527.405000000,/odom_rf2o_adapted.pose.pose.position.x,0.4948852754081641
16.161,1776414527.507000000,/odom_rf2o_adapted.pose.pose.position.x,0.4970092143298674
16.261,1776414527.607000000,/odom_rf2o_adapted.pose.pose.position.x,0.5004706181621167
16.363,1776414527.709000000,/odom_rf2o_adapted.pose.pose.position.x,0.49623600737220075
16.459,1776414527.805000000,/odom_rf2o_adapted.pose.pose.position.x,0.4944801434397381
16.559,1776414527.905000000,/odom_rf2o_adapted.pose.pose.position.x,0.49465217338820966
16.666,1776414528.012000000,/odom_rf2o_adapted.pose.pose.position.x,0.49204870237609927
16.759,1776414528.105000000,/odom_rf2o_adapted.pose.pose.position.x,0.4884138240897592
16.859,1776414528.205000000,/odom_rf2o_adapted.pose.pose.position.x,0.4882019259964192
16.961,1776414528.307000000,/odom_rf2o_adapted.pose.pose.position.x,0.49330923876128113
17.06,1776414528.406000000,/odom_rf2o_adapted.pose.pose.position.x,0.4931409606376418
17.161,1776414528.507000000,/odom_rf2o_adapted.pose.pose.position.x,0.4944376063919465
17.259,1776414528.605000000,/odom_rf2o_adapted.pose.pose.position.x,0.49531470687860285
17.359,1776414528.705000000,/odom_rf2o_adapted.pose.pose.position.x,0.49779190229219894
17.46,1776414528.806000000,/odom_rf2o_adapted.pose.pose.position.x,0.49982942304189043
17.561,1776414528.907000000,/odom_rf2o_adapted.pose.pose.position.x,0.5000700963635721
17.659,1776414529.005000000,/odom_rf2o_adapted.pose.pose.position.x,0.5007972488715101
17.763,1776414529.109000000,/odom_rf2o_adapted.pose.pose.position.x,0.5008300726620901
17.866,1776414529.212000000,/odom_rf2o_adapted.pose.pose.position.x,0.4966252508592246
17.964,1776414529.310000000,/odom_rf2o_adapted.pose.pose.position.x,0.496867424995677
18.056,1776414529.402000000,/odom_rf2o_adapted.pose.pose.position.x,0.49518012228850583
18.163,1776414529.509000000,/odom_rf2o_adapted.pose.pose.position.x,0.49129454341154327
18.26,1776414529.606000000,/odom_rf2o_adapted.pose.pose.position.x,0.488741254130437
18.391,1776414529.737000000,/odom_rf2o_adapted.pose.pose.position.x,0.4872416272845673
18.459,1776414529.805000000,/odom_rf2o_adapted.pose.pose.position.x,0.4848035324300818
18.556,1776414529.902000000,/odom_rf2o_adapted.pose.pose.position.x,0.4828166239107999
18.684,1776414530.030000000,/odom_rf2o_adapted.pose.pose.position.x,0.47982203584823585
18.791,1776414530.137000000,/odom_rf2o_adapted.pose.pose.position.x,0.47703561622829016
18.867,1776414530.213000000,/odom_rf2o_adapted.pose.pose.position.x,0.4731171182768052
18.959,1776414530.305000000,/odom_rf2o_adapted.pose.pose.position.x,0.46859226290056777
19.061,1776414530.407000000,/odom_rf2o_adapted.pose.pose.position.x,0.46335967375466974
19.16,1776414530.506000000,/odom_rf2o_adapted.pose.pose.position.x,0.4586341994765723
19.26,1776414530.606000000,/odom_rf2o_adapted.pose.pose.position.x,0.45627728924787264
19.359,1776414530.705000000,/odom_rf2o_adapted.pose.pose.position.x,0.45567265884205016
19.464,1776414530.810000000,/odom_rf2o_adapted.pose.pose.position.x,0.4553763471114771
19.566,1776414530.912000000,/odom_rf2o_adapted.pose.pose.position.x,0.4554544041706058
19.66,1776414531.006000000,/odom_rf2o_adapted.pose.pose.position.x,0.4554689008524343
19.763,1776414531.109000000,/odom_rf2o_adapted.pose.pose.position.x,0.45550548197554647
19.861,1776414531.207000000,/odom_rf2o_adapted.pose.pose.position.x,0.45545889001280504
19.96,1776414531.306000000,/odom_rf2o_adapted.pose.pose.position.x,0.4554428641610714
20.061,1776414531.407000000,/odom_rf2o_adapted.pose.pose.position.x,0.45531029291418573
20.157,1776414531.503000000,/odom_rf2o_adapted.pose.pose.position.x,0.4553705250388002
20.261,1776414531.607000000,/odom_rf2o_adapted.pose.pose.position.x,0.45550653729311824
20.36,1776414531.706000000,/odom_rf2o_adapted.pose.pose.position.x,0.4555551909386193
20.486,1776414531.832000000,/odom_rf2o_adapted.pose.pose.position.x,0.4554309548566384
20.583,1776414531.929000000,/odom_rf2o_adapted.pose.pose.position.x,0.4554879512456773
20.661,1776414532.007000000,/odom_rf2o_adapted.pose.pose.position.x,0.45542109873306064
20.756,1776414532.102000000,/odom_rf2o_adapted.pose.pose.position.x,0.45548696518185294
20.858,1776414532.204000000,/odom_rf2o_adapted.pose.pose.position.x,0.45539893806050413
20.961,1776414532.307000000,/odom_rf2o_adapted.pose.pose.position.x,0.455451870484817
21.062,1776414532.408000000,/odom_rf2o_adapted.pose.pose.position.x,0.4554639940584967
21.161,1776414532.507000000,/odom_rf2o_adapted.pose.pose.position.x,0.4553396546008708
21.259,1776414532.605000000,/odom_rf2o_adapted.pose.pose.position.x,0.45531272464671685
21.359,1776414532.705000000,/odom_rf2o_adapted.pose.pose.position.x,0.45550221210970016
21.455,1776414532.801000000,/odom_rf2o_adapted.pose.pose.position.x,0.45535779245787944
21.56,1776414532.906000000,/odom_rf2o_adapted.pose.pose.position.x,0.45553380581864117
21.661,1776414533.007000000,/odom_rf2o_adapted.pose.pose.position.x,0.4555875442613015
21.763,1776414533.109000000,/odom_rf2o_adapted.pose.pose.position.x,0.45570424165473933
21.86,1776414533.206000000,/odom_rf2o_adapted.pose.pose.position.x,0.45455660879964765
21.96,1776414533.306000000,/odom_rf2o_adapted.pose.pose.position.x,0.455825922760535
22.056,1776414533.402000000,/odom_rf2o_adapted.pose.pose.position.x,0.4560603899569265
22.158,1776414533.504000000,/odom_rf2o_adapted.pose.pose.position.x,0.4559103255493268
22.255,1776414533.601000000,/odom_rf2o_adapted.pose.pose.position.x,0.4561083057560872
22.389,1776414533.735000000,/odom_rf2o_adapted.pose.pose.position.x,0.45627365732378394
22.462,1776414533.808000000,/odom_rf2o_adapted.pose.pose.position.x,0.45622365348674
22.56,1776414533.906000000,/odom_rf2o_adapted.pose.pose.position.x,0.45636017950465974
22.663,1776414534.009000000,/odom_rf2o_adapted.pose.pose.position.x,0.4562759126968458
22.759,1776414534.105000000,/odom_rf2o_adapted.pose.pose.position.x,0.4562049392422914
22.861,1776414534.207000000,/odom_rf2o_adapted.pose.pose.position.x,0.4562820717458123
22.963,1776414534.309000000,/odom_rf2o_adapted.pose.pose.position.x,0.4563917199444985
23.066,1776414534.412000000,/odom_rf2o_adapted.pose.pose.position.x,0.45640719362172394
23.187,1776414534.533000000,/odom_rf2o_adapted.pose.pose.position.x,0.4562347428113167
23.287,1776414534.633000000,/odom_rf2o_adapted.pose.pose.position.x,0.45590609463385645
23.362,1776414534.708000000,/odom_rf2o_adapted.pose.pose.position.x,0.4560253887060312
23.459,1776414534.805000000,/odom_rf2o_adapted.pose.pose.position.x,0.4578348758613232
23.561,1776414534.907000000,/odom_rf2o_adapted.pose.pose.position.x,0.4603967122182053
23.663,1776414535.009000000,/odom_rf2o_adapted.pose.pose.position.x,0.4671045320619935
23.761,1776414535.107000000,/odom_rf2o_adapted.pose.pose.position.x,0.47198067904601543
23.859,1776414535.205000000,/odom_rf2o_adapted.pose.pose.position.x,0.4769055683808997
23.987000000000002,1776414535.333000000,/odom_rf2o_adapted.pose.pose.position.x,0.48114847697388147
24.09,1776414535.436000000,/odom_rf2o_adapted.pose.pose.position.x,0.48473292133744417
24.155,1776414535.501000000,/odom_rf2o_adapted.pose.pose.position.x,0.48884058605059044
24.261,1776414535.607000000,/odom_rf2o_adapted.pose.pose.position.x,0.4923926493681138
24.355,1776414535.701000000,/odom_rf2o_adapted.pose.pose.position.x,0.49553121133162
24.459,1776414535.805000000,/odom_rf2o_adapted.pose.pose.position.x,0.49999589938552047
24.59,1776414535.936000000,/odom_rf2o_adapted.pose.pose.position.x,0.5012291596393117
24.685,1776414536.031000000,/odom_rf2o_adapted.pose.pose.position.x,0.50037050467291
24.759,1776414536.105000000,/odom_rf2o_adapted.pose.pose.position.x,0.49994995689557786
24.858,1776414536.204000000,/odom_rf2o_adapted.pose.pose.position.x,0.49914475816165066
24.984,1776414536.330000000,/odom_rf2o_adapted.pose.pose.position.x,0.5027890091126253
25.057,1776414536.403000000,/odom_rf2o_adapted.pose.pose.position.x,0.5045362387584454
25.159,1776414536.505000000,/odom_rf2o_adapted.pose.pose.position.x,0.5005784759912608
25.259,1776414536.605000000,/odom_rf2o_adapted.pose.pose.position.x,0.4978503930473188
25.36,1776414536.706000000,/odom_rf2o_adapted.pose.pose.position.x,0.49404420213270595
25.46,1776414536.806000000,/odom_rf2o_adapted.pose.pose.position.x,0.49106596496551225
25.56,1776414536.906000000,/odom_rf2o_adapted.pose.pose.position.x,0.48801757657111317
25.662,1776414537.008000000,/odom_rf2o_adapted.pose.pose.position.x,0.48792159534089535
25.759,1776414537.105000000,/odom_rf2o_adapted.pose.pose.position.x,0.48802395790039343
25.859,1776414537.205000000,/odom_rf2o_adapted.pose.pose.position.x,0.48804404031913484
25.96,1776414537.306000000,/odom_rf2o_adapted.pose.pose.position.x,0.48791184804070387
26.087,1776414537.433000000,/odom_rf2o_adapted.pose.pose.position.x,0.48774140880212125
26.162,1776414537.508000000,/odom_rf2o_adapted.pose.pose.position.x,0.4879770867712293
26.262,1776414537.608000000,/odom_rf2o_adapted.pose.pose.position.x,0.4878611549777003
26.392,1776414537.738000000,/odom_rf2o_adapted.pose.pose.position.x,0.4877619161546192
26.46,1776414537.806000000,/odom_rf2o_adapted.pose.pose.position.x,0.4878651801080258
26.559,1776414537.905000000,/odom_rf2o_adapted.pose.pose.position.x,0.48674509965898743
26.66,1776414538.006000000,/odom_rf2o_adapted.pose.pose.position.x,0.48571946836932545
26.76,1776414538.106000000,/odom_rf2o_adapted.pose.pose.position.x,0.47975017750502597
26.859,1776414538.205000000,/odom_rf2o_adapted.pose.pose.position.x,0.46811788456366704
26.959,1776414538.305000000,/odom_rf2o_adapted.pose.pose.position.x,0.4634349010168973
27.087,1776414538.433000000,/odom_rf2o_adapted.pose.pose.position.x,0.46361500616046997
27.19,1776414538.536000000,/odom_rf2o_adapted.pose.pose.position.x,0.4638141174218512
27.284,1776414538.630000000,/odom_rf2o_adapted.pose.pose.position.x,0.46369804333554865
27.395,1776414538.741000000,/odom_rf2o_adapted.pose.pose.position.x,0.46378140879793256
27.494,1776414538.840000000,/odom_rf2o_adapted.pose.pose.position.x,0.46350213996712025
27.665,1776414539.011000000,/odom_rf2o_adapted.pose.pose.position.x,0.46351584932582196
27.665,1776414539.011000000,/odom_rf2o_adapted.pose.pose.position.x,0.46361527184959844
27.781,1776414539.127000000,/odom_rf2o_adapted.pose.pose.position.x,0.46394122085411327
27.86,1776414539.206000000,/odom_rf2o_adapted.pose.pose.position.x,0.4637930594217984
27.982,1776414539.328000000,/odom_rf2o_adapted.pose.pose.position.x,0.4639532156713592
28.062,1776414539.408000000,/odom_rf2o_adapted.pose.pose.position.x,0.4639154269447065
28.162,1776414539.508000000,/odom_rf2o_adapted.pose.pose.position.x,0.464032380425113
28.261,1776414539.607000000,/odom_rf2o_adapted.pose.pose.position.x,0.46412643337582976
28.358,1776414539.704000000,/odom_rf2o_adapted.pose.pose.position.x,0.46423299519380923
28.459,1776414539.805000000,/odom_rf2o_adapted.pose.pose.position.x,0.4643904892577643
28.559,1776414539.905000000,/odom_rf2o_adapted.pose.pose.position.x,0.464227459050111
28.682,1776414540.028000000,/odom_rf2o_adapted.pose.pose.position.x,0.4642892699815139
28.76,1776414540.106000000,/odom_rf2o_adapted.pose.pose.position.x,0.46409849385922086
28.859,1776414540.205000000,/odom_rf2o_adapted.pose.pose.position.x,0.4640838313408409
28.959,1776414540.305000000,/odom_rf2o_adapted.pose.pose.position.x,0.46412428411643103
29.06,1776414540.406000000,/odom_rf2o_adapted.pose.pose.position.x,0.4641222752568664
29.159,1776414540.505000000,/odom_rf2o_adapted.pose.pose.position.x,0.4642812995773988
29.26,1776414540.606000000,/odom_rf2o_adapted.pose.pose.position.x,0.46429955780728704
29.392,1776414540.738000000,/odom_rf2o_adapted.pose.pose.position.x,0.4642074164879161
29.464,1776414540.810000000,/odom_rf2o_adapted.pose.pose.position.x,0.46425835347103445
29.559,1776414540.905000000,/odom_rf2o_adapted.pose.pose.position.x,0.46428296585904133
29.659,1776414541.005000000,/odom_rf2o_adapted.pose.pose.position.x,0.4644298635781832
29.756,1776414541.102000000,/odom_rf2o_adapted.pose.pose.position.x,0.4646067434833908
29.861,1776414541.207000000,/odom_rf2o_adapted.pose.pose.position.x,0.4652848401663814
29.96,1776414541.306000000,/odom_rf2o_adapted.pose.pose.position.x,0.4665759392560003
30.059,1776414541.405000000,/odom_rf2o_adapted.pose.pose.position.x,0.47067967732146104
30.184,1776414541.530000000,/odom_rf2o_adapted.pose.pose.position.x,0.4771960173569958
30.259,1776414541.605000000,/odom_rf2o_adapted.pose.pose.position.x,0.4830416149817532
30.359,1776414541.705000000,/odom_rf2o_adapted.pose.pose.position.x,0.4910813241995793
30.46,1776414541.806000000,/odom_rf2o_adapted.pose.pose.position.x,0.49720363028335485
30.555,1776414541.901000000,/odom_rf2o_adapted.pose.pose.position.x,0.502572837693778
30.659,1776414542.005000000,/odom_rf2o_adapted.pose.pose.position.x,0.48773287169802776
30.759,1776414542.105000000,/odom_rf2o_adapted.pose.pose.position.x,0.477804547594463
30.86,1776414542.206000000,/odom_rf2o_adapted.pose.pose.position.x,0.47769920671122806
30.96,1776414542.306000000,/odom_rf2o_adapted.pose.pose.position.x,0.4775449230850759
31.062,1776414542.408000000,/odom_rf2o_adapted.pose.pose.position.x,0.4774533534809856
31.159,1776414542.505000000,/odom_rf2o_adapted.pose.pose.position.x,0.47841999246025213
31.261,1776414542.607000000,/odom_rf2o_adapted.pose.pose.position.x,0.48176653617787657
31.359,1776414542.705000000,/odom_rf2o_adapted.pose.pose.position.x,0.47912720293741357
31.481,1776414542.827000000,/odom_rf2o_adapted.pose.pose.position.x,0.47916471213164996
31.583,1776414542.929000000,/odom_rf2o_adapted.pose.pose.position.x,0.4801875945484414
31.683,1776414543.029000000,/odom_rf2o_adapted.pose.pose.position.x,0.4852406586921197
31.762,1776414543.108000000,/odom_rf2o_adapted.pose.pose.position.x,0.4801854407568075
31.861,1776414543.207000000,/odom_rf2o_adapted.pose.pose.position.x,0.4802057031971629
31.959,1776414543.305000000,/odom_rf2o_adapted.pose.pose.position.x,0.4801999055713552
32.059,1776414543.405000000,/odom_rf2o_adapted.pose.pose.position.x,0.4798620266376808
32.161,1776414543.507000000,/odom_rf2o_adapted.pose.pose.position.x,0.4800218401905268
32.261,1776414543.607000000,/odom_rf2o_adapted.pose.pose.position.x,0.4797499884009116
32.359,1776414543.705000000,/odom_rf2o_adapted.pose.pose.position.x,0.4799354316667294
32.46,1776414543.806000000,/odom_rf2o_adapted.pose.pose.position.x,0.4797787717878715
32.562,1776414543.908000000,/odom_rf2o_adapted.pose.pose.position.x,0.4798464101157722
32.659,1776414544.005000000,/odom_rf2o_adapted.pose.pose.position.x,0.4799763663974497
32.759,1776414544.105000000,/odom_rf2o_adapted.pose.pose.position.x,0.47978974531505847
32.857,1776414544.203000000,/odom_rf2o_adapted.pose.pose.position.x,0.47976993340689855
32.959,1776414544.305000000,/odom_rf2o_adapted.pose.pose.position.x,0.4797977056340248
33.059,1776414544.405000000,/odom_rf2o_adapted.pose.pose.position.x,0.4798258260850988
33.16,1776414544.506000000,/odom_rf2o_adapted.pose.pose.position.x,0.47984497905790047
33.259,1776414544.605000000,/odom_rf2o_adapted.pose.pose.position.x,0.47986421892928427
33.382,1776414544.728000000,/odom_rf2o_adapted.pose.pose.position.x,0.4799210899678829
33.462,1776414544.808000000,/odom_rf2o_adapted.pose.pose.position.x,0.47987059233390705
33.557,1776414544.903000000,/odom_rf2o_adapted.pose.pose.position.x,0.4797411469821388
33.66,1776414545.006000000,/odom_rf2o_adapted.pose.pose.position.x,0.4797153468893168
33.781,1776414545.127000000,/odom_rf2o_adapted.pose.pose.position.x,0.479692537021737
33.863,1776414545.209000000,/odom_rf2o_adapted.pose.pose.position.x,0.4793815000648491
33.96,1776414545.306000000,/odom_rf2o_adapted.pose.pose.position.x,0.4794207645868174
34.059,1776414545.405000000,/odom_rf2o_adapted.pose.pose.position.x,0.4791800395440739
34.161,1776414545.507000000,/odom_rf2o_adapted.pose.pose.position.x,0.480939847233981
34.26,1776414545.606000000,/odom_rf2o_adapted.pose.pose.position.x,0.48267634241676977
34.358,1776414545.704000000,/odom_rf2o_adapted.pose.pose.position.x,0.4837278480121305
34.462,1776414545.808000000,/odom_rf2o_adapted.pose.pose.position.x,0.48400044921410673
34.559,1776414545.905000000,/odom_rf2o_adapted.pose.pose.position.x,0.4840536459714215
34.66,1776414546.006000000,/odom_rf2o_adapted.pose.pose.position.x,0.48386882424286387
34.76,1776414546.106000000,/odom_rf2o_adapted.pose.pose.position.x,0.4840059113672101
34.863,1776414546.209000000,/odom_rf2o_adapted.pose.pose.position.x,0.4838176094409246
34.959,1776414546.305000000,/odom_rf2o_adapted.pose.pose.position.x,0.4842532735491034
35.06,1776414546.406000000,/odom_rf2o_adapted.pose.pose.position.x,0.484647442871261
35.159,1776414546.505000000,/odom_rf2o_adapted.pose.pose.position.x,0.48878910152735716
35.258,1776414546.604000000,/odom_rf2o_adapted.pose.pose.position.x,0.497393154851778
35.359,1776414546.705000000,/odom_rf2o_adapted.pose.pose.position.x,0.5072718624990253
35.46,1776414546.806000000,/odom_rf2o_adapted.pose.pose.position.x,0.517975610330183
35.56,1776414546.906000000,/odom_rf2o_adapted.pose.pose.position.x,0.5292350767848184
35.679,1776414547.025000000,/odom_rf2o_adapted.pose.pose.position.x,0.5413067850869998
35.781,1776414547.127000000,/odom_rf2o_adapted.pose.pose.position.x,0.5556651531977422
35.883,1776414547.229000000,/odom_rf2o_adapted.pose.pose.position.x,0.5680500508887628
35.983,1776414547.329000000,/odom_rf2o_adapted.pose.pose.position.x,0.5805872623701889
36.061,1776414547.407000000,/odom_rf2o_adapted.pose.pose.position.x,0.595763243327696
36.183,1776414547.529000000,/odom_rf2o_adapted.pose.pose.position.x,0.6096548425922663
36.26,1776414547.606000000,/odom_rf2o_adapted.pose.pose.position.x,0.6236056527977564
36.359,1776414547.705000000,/odom_rf2o_adapted.pose.pose.position.x,0.6372316498692305
36.459,1776414547.805000000,/odom_rf2o_adapted.pose.pose.position.x,0.6514939836284142
36.616,1776414547.962000000,/odom_rf2o_adapted.pose.pose.position.x,0.6647920214985059
36.671,1776414548.017000000,/odom_rf2o_adapted.pose.pose.position.x,0.6931707947396724
36.763,1776414548.109000000,/odom_rf2o_adapted.pose.pose.position.x,0.7167886093198091
36.873,1776414548.219000000,/odom_rf2o_adapted.pose.pose.position.x,0.726072323490336
36.959,1776414548.305000000,/odom_rf2o_adapted.pose.pose.position.x,0.7368046386580757
37.06,1776414548.406000000,/odom_rf2o_adapted.pose.pose.position.x,0.7520913800036245
37.159,1776414548.505000000,/odom_rf2o_adapted.pose.pose.position.x,0.7704776914666644
37.259,1776414548.605000000,/odom_rf2o_adapted.pose.pose.position.x,0.7896495048891579
37.36,1776414548.706000000,/odom_rf2o_adapted.pose.pose.position.x,0.8077392900671259
37.46,1776414548.806000000,/odom_rf2o_adapted.pose.pose.position.x,0.8262540821630432
37.56,1776414548.906000000,/odom_rf2o_adapted.pose.pose.position.x,0.8449389212820855
37.659,1776414549.005000000,/odom_rf2o_adapted.pose.pose.position.x,0.8624170712202097
37.759,1776414549.105000000,/odom_rf2o_adapted.pose.pose.position.x,0.8818337608580521
37.88,1776414549.226000000,/odom_rf2o_adapted.pose.pose.position.x,0.9009166803219961
37.963,1776414549.309000000,/odom_rf2o_adapted.pose.pose.position.x,0.9180666857976838
38.062,1776414549.408000000,/odom_rf2o_adapted.pose.pose.position.x,0.9378028491698311
38.159,1776414549.505000000,/odom_rf2o_adapted.pose.pose.position.x,0.9584637207216372
38.26,1776414549.606000000,/odom_rf2o_adapted.pose.pose.position.x,0.9784493925521877
38.359,1776414549.705000000,/odom_rf2o_adapted.pose.pose.position.x,0.9987966203052804
38.459,1776414549.805000000,/odom_rf2o_adapted.pose.pose.position.x,1.0172526853858637
38.562,1776414549.908000000,/odom_rf2o_adapted.pose.pose.position.x,1.0360367234398973
38.66,1776414550.006000000,/odom_rf2o_adapted.pose.pose.position.x,1.0564888834596688
38.761,1776414550.107000000,/odom_rf2o_adapted.pose.pose.position.x,1.0761582129545568
38.888,1776414550.234000000,/odom_rf2o_adapted.pose.pose.position.x,1.0974767366754037
38.962,1776414550.308000000,/odom_rf2o_adapted.pose.pose.position.x,1.1196659979061991
39.062,1776414550.408000000,/odom_rf2o_adapted.pose.pose.position.x,1.1441363302699108
39.159,1776414550.505000000,/odom_rf2o_adapted.pose.pose.position.x,1.1692693335806144
39.259,1776414550.605000000,/odom_rf2o_adapted.pose.pose.position.x,1.1917073358791976
39.359,1776414550.705000000,/odom_rf2o_adapted.pose.pose.position.x,1.2158783300420677
39.458,1776414550.804000000,/odom_rf2o_adapted.pose.pose.position.x,1.2387980604775983
39.561,1776414550.907000000,/odom_rf2o_adapted.pose.pose.position.x,1.262313765679121
39.659,1776414551.005000000,/odom_rf2o_adapted.pose.pose.position.x,1.2791768042267748
39.759,1776414551.105000000,/odom_rf2o_adapted.pose.pose.position.x,1.2844710577697516
39.873,1776414551.219000000,/odom_rf2o_adapted.pose.pose.position.x,1.2851830628647778
39.977,1776414551.323000000,/odom_rf2o_adapted.pose.pose.position.x,1.285591129951574
40.064,1776414551.410000000,/odom_rf2o_adapted.pose.pose.position.x,1.2856590272927635
40.157,1776414551.503000000,/odom_rf2o_adapted.pose.pose.position.x,1.285812596061512
40.259,1776414551.605000000,/odom_rf2o_adapted.pose.pose.position.x,1.2857709710960652
40.374,1776414551.720000000,/odom_rf2o_adapted.pose.pose.position.x,1.2857860611587038
40.459,1776414551.805000000,/odom_rf2o_adapted.pose.pose.position.x,1.2857636459249457
40.559,1776414551.905000000,/odom_rf2o_adapted.pose.pose.position.x,1.2859850436927724
40.66,1776414552.006000000,/odom_rf2o_adapted.pose.pose.position.x,1.2862241471000018
40.761,1776414552.107000000,/odom_rf2o_adapted.pose.pose.position.x,1.2860639851754039
40.88,1776414552.226000000,/odom_rf2o_adapted.pose.pose.position.x,1.2860707183935436
40.96,1776414552.306000000,/odom_rf2o_adapted.pose.pose.position.x,1.2860692635345072
41.061,1776414552.407000000,/odom_rf2o_adapted.pose.pose.position.x,1.2861523851517243
41.159,1776414552.505000000,/odom_rf2o_adapted.pose.pose.position.x,1.2860474639629362
41.258,1776414552.604000000,/odom_rf2o_adapted.pose.pose.position.x,1.2860676493675662
41.359,1776414552.705000000,/odom_rf2o_adapted.pose.pose.position.x,1.286105213868478
41.459,1776414552.805000000,/odom_rf2o_adapted.pose.pose.position.x,1.2860078627801488
41.56,1776414552.906000000,/odom_rf2o_adapted.pose.pose.position.x,1.2861628122063158
41.658,1776414553.004000000,/odom_rf2o_adapted.pose.pose.position.x,1.2861731602150803
41.76,1776414553.106000000,/odom_rf2o_adapted.pose.pose.position.x,1.2861804725732782
41.859,1776414553.205000000,/odom_rf2o_adapted.pose.pose.position.x,1.28615107378083
41.968,1776414553.314000000,/odom_rf2o_adapted.pose.pose.position.x,1.2861157084131154
42.075,1776414553.421000000,/odom_rf2o_adapted.pose.pose.position.x,1.2860999771682924
42.204,1776414553.550000000,/odom_rf2o_adapted.pose.pose.position.x,1.2862367921642048
42.258,1776414553.604000000,/odom_rf2o_adapted.pose.pose.position.x,1.2862801454357589
42.362,1776414553.708000000,/odom_rf2o_adapted.pose.pose.position.x,1.2862625990234298
42.493,1776414553.839000000,/odom_rf2o_adapted.pose.pose.position.x,1.2864352959975125
42.662,1776414554.008000000,/odom_rf2o_adapted.pose.pose.position.x,1.2864705608773968
42.662,1776414554.008000000,/odom_rf2o_adapted.pose.pose.position.x,1.286299207637946
42.765,1776414554.111000000,/odom_rf2o_adapted.pose.pose.position.x,1.2865153179504345
42.859,1776414554.205000000,/odom_rf2o_adapted.pose.pose.position.x,1.2863655741080429
42.96,1776414554.306000000,/odom_rf2o_adapted.pose.pose.position.x,1.2863007694151758
43.06,1776414554.406000000,/odom_rf2o_adapted.pose.pose.position.x,1.2863673935562656
43.159,1776414554.505000000,/odom_rf2o_adapted.pose.pose.position.x,1.286428910260774
43.285,1776414554.631000000,/odom_rf2o_adapted.pose.pose.position.x,1.2863318995788071
43.405,1776414554.751000000,/odom_rf2o_adapted.pose.pose.position.x,1.286362982912116
43.463,1776414554.809000000,/odom_rf2o_adapted.pose.pose.position.x,1.2864156130768216
43.562,1776414554.908000000,/odom_rf2o_adapted.pose.pose.position.x,1.2864545513724008
43.66,1776414555.006000000,/odom_rf2o_adapted.pose.pose.position.x,1.286523437312133
43.761,1776414555.107000000,/odom_rf2o_adapted.pose.pose.position.x,1.286535586533329
43.864,1776414555.210000000,/odom_rf2o_adapted.pose.pose.position.x,1.2868486069866032
43.961,1776414555.307000000,/odom_rf2o_adapted.pose.pose.position.x,1.2867774763519284
44.061,1776414555.407000000,/odom_rf2o_adapted.pose.pose.position.x,1.2840765426298808
44.185,1776414555.531000000,/odom_rf2o_adapted.pose.pose.position.x,1.2664289805955091
44.279,1776414555.625000000,/odom_rf2o_adapted.pose.pose.position.x,1.2347742594631914
44.383,1776414555.729000000,/odom_rf2o_adapted.pose.pose.position.x,1.1945595374660725
44.48,1776414555.826000000,/odom_rf2o_adapted.pose.pose.position.x,1.1524712228363774
44.56,1776414555.906000000,/odom_rf2o_adapted.pose.pose.position.x,1.110043777028204
44.692,1776414556.038000000,/odom_rf2o_adapted.pose.pose.position.x,1.0664622257015766
44.794,1776414556.140000000,/odom_rf2o_adapted.pose.pose.position.x,1.0391818223146345
44.901,1776414556.247000000,/odom_rf2o_adapted.pose.pose.position.x,1.0348930917630026
44.961,1776414556.307000000,/odom_rf2o_adapted.pose.pose.position.x,1.0330789009471566
45.11,1776414556.456000000,/odom_rf2o_adapted.pose.pose.position.x,1.0180425737224705
45.182,1776414556.528000000,/odom_rf2o_adapted.pose.pose.position.x,0.9934048042846706
45.262,1776414556.608000000,/odom_rf2o_adapted.pose.pose.position.x,0.9577732045176222
45.358,1776414556.704000000,/odom_rf2o_adapted.pose.pose.position.x,0.9175606646513501
45.461,1776414556.807000000,/odom_rf2o_adapted.pose.pose.position.x,0.8747777630529797
45.558,1776414556.904000000,/odom_rf2o_adapted.pose.pose.position.x,0.8345565209926615
45.66,1776414557.006000000,/odom_rf2o_adapted.pose.pose.position.x,0.7957272181602808
45.764,1776414557.110000000,/odom_rf2o_adapted.pose.pose.position.x,0.7592952444741107
45.86,1776414557.206000000,/odom_rf2o_adapted.pose.pose.position.x,0.7202187223821306
45.962,1776414557.308000000,/odom_rf2o_adapted.pose.pose.position.x,0.6846534278322325
46.059,1776414557.405000000,/odom_rf2o_adapted.pose.pose.position.x,0.6510000517024244
46.159,1776414557.505000000,/odom_rf2o_adapted.pose.pose.position.x,0.6147496458319063
46.258,1776414557.604000000,/odom_rf2o_adapted.pose.pose.position.x,0.5792441597138133
46.381,1776414557.727000000,/odom_rf2o_adapted.pose.pose.position.x,0.5447576206581286
46.465,1776414557.811000000,/odom_rf2o_adapted.pose.pose.position.x,0.5118024820750995
46.56,1776414557.906000000,/odom_rf2o_adapted.pose.pose.position.x,0.47758230562362425
46.66,1776414558.006000000,/odom_rf2o_adapted.pose.pose.position.x,0.4415188939322451
46.762,1776414558.108000000,/odom_rf2o_adapted.pose.pose.position.x,0.4083553364277116
46.86,1776414558.206000000,/odom_rf2o_adapted.pose.pose.position.x,0.37792539509016504
46.96,1776414558.306000000,/odom_rf2o_adapted.pose.pose.position.x,0.34769002450937375
47.06,1776414558.406000000,/odom_rf2o_adapted.pose.pose.position.x,0.31513565219252104
47.183,1776414558.529000000,/odom_rf2o_adapted.pose.pose.position.x,0.28058318913087155
47.264,1776414558.610000000,/odom_rf2o_adapted.pose.pose.position.x,0.25010601477529215
47.36,1776414558.706000000,/odom_rf2o_adapted.pose.pose.position.x,0.21978016926827046
47.461,1776414558.807000000,/odom_rf2o_adapted.pose.pose.position.x,0.2072624004773418
47.561,1776414558.907000000,/odom_rf2o_adapted.pose.pose.position.x,0.20508058793229508
47.662,1776414559.008000000,/odom_rf2o_adapted.pose.pose.position.x,0.20486005004209615
47.76,1776414559.106000000,/odom_rf2o_adapted.pose.pose.position.x,0.20530663742279034
47.879,1776414559.225000000,/odom_rf2o_adapted.pose.pose.position.x,0.2053000982451348
47.96,1776414559.306000000,/odom_rf2o_adapted.pose.pose.position.x,0.20528835954647867
48.06,1776414559.406000000,/odom_rf2o_adapted.pose.pose.position.x,0.2056532999461861
48.159,1776414559.505000000,/odom_rf2o_adapted.pose.pose.position.x,0.2053048505893523
48.262,1776414559.608000000,/odom_rf2o_adapted.pose.pose.position.x,0.20528661239992838
48.361,1776414559.707000000,/odom_rf2o_adapted.pose.pose.position.x,0.2055658994008969
48.461,1776414559.807000000,/odom_rf2o_adapted.pose.pose.position.x,0.2054705972867505
48.563,1776414559.909000000,/odom_rf2o_adapted.pose.pose.position.x,0.2052724590435112
48.684,1776414560.030000000,/odom_rf2o_adapted.pose.pose.position.x,0.2056324625972383
48.762,1776414560.108000000,/odom_rf2o_adapted.pose.pose.position.x,0.2051991148173939
48.881,1776414560.227000000,/odom_rf2o_adapted.pose.pose.position.x,0.20560304987020825
48.959,1776414560.305000000,/odom_rf2o_adapted.pose.pose.position.x,0.20590391180457193
49.065,1776414560.411000000,/odom_rf2o_adapted.pose.pose.position.x,0.20584543163213587
49.161,1776414560.507000000,/odom_rf2o_adapted.pose.pose.position.x,0.2058225375823145
49.26,1776414560.606000000,/odom_rf2o_adapted.pose.pose.position.x,0.20542911008119744
49.361,1776414560.707000000,/odom_rf2o_adapted.pose.pose.position.x,0.20569568348815315
49.46,1776414560.806000000,/odom_rf2o_adapted.pose.pose.position.x,0.20531660453191242
49.563,1776414560.909000000,/odom_rf2o_adapted.pose.pose.position.x,0.20509810755019192
49.664,1776414561.010000000,/odom_rf2o_adapted.pose.pose.position.x,0.20515579114935503
49.76,1776414561.106000000,/odom_rf2o_adapted.pose.pose.position.x,0.20515162187683514
49.86,1776414561.206000000,/odom_rf2o_adapted.pose.pose.position.x,0.20502571497103514
49.957,1776414561.303000000,/odom_rf2o_adapted.pose.pose.position.x,0.20490460990475104
50.083,1776414561.429000000,/odom_rf2o_adapted.pose.pose.position.x,0.20512852895137632
50.158,1776414561.504000000,/odom_rf2o_adapted.pose.pose.position.x,0.20579970913269474
50.262,1776414561.608000000,/odom_rf2o_adapted.pose.pose.position.x,0.22179080912021212
50.361,1776414561.707000000,/odom_rf2o_adapted.pose.pose.position.x,0.23848009210039317
50.46,1776414561.806000000,/odom_rf2o_adapted.pose.pose.position.x,0.21504179836099335
50.562,1776414561.908000000,/odom_rf2o_adapted.pose.pose.position.x,0.2155182335616238
50.66,1776414562.006000000,/odom_rf2o_adapted.pose.pose.position.x,0.21558058000649458
50.76,1776414562.106000000,/odom_rf2o_adapted.pose.pose.position.x,0.21672333050440498
50.88,1776414562.226000000,/odom_rf2o_adapted.pose.pose.position.x,0.23495254077752023
50.96,1776414562.306000000,/odom_rf2o_adapted.pose.pose.position.x,0.249972139251608
51.06,1776414562.406000000,/odom_rf2o_adapted.pose.pose.position.x,0.2233829402250343
51.159,1776414562.505000000,/odom_rf2o_adapted.pose.pose.position.x,0.22261099004781912
51.356,1776414562.702000000,/odom_rf2o_adapted.pose.pose.position.x,0.2250751865043151
51.458,1776414562.804000000,/odom_rf2o_adapted.pose.pose.position.x,0.2445637309958345
51.562,1776414562.908000000,/odom_rf2o_adapted.pose.pose.position.x,0.22723259716996544
51.661,1776414563.007000000,/odom_rf2o_adapted.pose.pose.position.x,0.22613815484022076
51.76,1776414563.106000000,/odom_rf2o_adapted.pose.pose.position.x,0.2258803386511989
51.864,1776414563.210000000,/odom_rf2o_adapted.pose.pose.position.x,0.22605639495467122
51.96,1776414563.306000000,/odom_rf2o_adapted.pose.pose.position.x,0.2257025841537761
52.061,1776414563.407000000,/odom_rf2o_adapted.pose.pose.position.x,0.2260426785115128
52.161,1776414563.507000000,/odom_rf2o_adapted.pose.pose.position.x,0.22593887501716642
52.26,1776414563.606000000,/odom_rf2o_adapted.pose.pose.position.x,0.22609438138199275
52.361,1776414563.707000000,/odom_rf2o_adapted.pose.pose.position.x,0.22592493691511473
52.46,1776414563.806000000,/odom_rf2o_adapted.pose.pose.position.x,0.22574789686460378
52.559,1776414563.905000000,/odom_rf2o_adapted.pose.pose.position.x,0.22591759774814657
52.683,1776414564.029000000,/odom_rf2o_adapted.pose.pose.position.x,0.22593666746052507
52.782,1776414564.128000000,/odom_rf2o_adapted.pose.pose.position.x,0.22598875216495093
52.864,1776414564.210000000,/odom_rf2o_adapted.pose.pose.position.x,0.22576044428463868
52.982,1776414564.328000000,/odom_rf2o_adapted.pose.pose.position.x,0.22615946294380176
53.06,1776414564.406000000,/odom_rf2o_adapted.pose.pose.position.x,0.2260429227512616
53.161,1776414564.507000000,/odom_rf2o_adapted.pose.pose.position.x,0.22606468910154462
53.259,1776414564.605000000,/odom_rf2o_adapted.pose.pose.position.x,0.22635141842380646
53.362,1776414564.708000000,/odom_rf2o_adapted.pose.pose.position.x,0.22633454196140526
53.464,1776414564.810000000,/odom_rf2o_adapted.pose.pose.position.x,0.2264816048983736
53.561,1776414564.907000000,/odom_rf2o_adapted.pose.pose.position.x,0.2261812636863115
53.696,1776414565.042000000,/odom_rf2o_adapted.pose.pose.position.x,0.22629502200276774
53.793,1776414565.139000000,/odom_rf2o_adapted.pose.pose.position.x,0.22604495916989537
53.899,1776414565.245000000,/odom_rf2o_adapted.pose.pose.position.x,0.22592156338519023
53.963,1776414565.309000000,/odom_rf2o_adapted.pose.pose.position.x,0.22585521439271825
54.06,1776414565.406000000,/odom_rf2o_adapted.pose.pose.position.x,0.22591844451527585
54.161,1776414565.507000000,/odom_rf2o_adapted.pose.pose.position.x,0.2260108677582464
54.297,1776414565.643000000,/odom_rf2o_adapted.pose.pose.position.x,0.2260912589587105
54.405,1776414565.751000000,/odom_rf2o_adapted.pose.pose.position.x,0.22611908751206233
54.513,1776414565.859000000,/odom_rf2o_adapted.pose.pose.position.x,0.22608986804385098
54.604,1776414565.950000000,/odom_rf2o_adapted.pose.pose.position.x,0.22628458378919217
54.697,1776414566.043000000,/odom_rf2o_adapted.pose.pose.position.x,0.22602745979090297
54.76,1776414566.106000000,/odom_rf2o_adapted.pose.pose.position.x,0.2260159166998138
54.859,1776414566.205000000,/odom_rf2o_adapted.pose.pose.position.x,0.22624431631321842
54.99,1776414566.336000000,/odom_rf2o_adapted.pose.pose.position.x,0.2259608663169877
55.059,1776414566.405000000,/odom_rf2o_adapted.pose.pose.position.x,0.22611705099020848
55.182,1776414566.528000000,/odom_rf2o_adapted.pose.pose.position.x,0.22593558751599688
55.261,1776414566.607000000,/odom_rf2o_adapted.pose.pose.position.x,0.22605073905788742
55.365,1776414566.711000000,/odom_rf2o_adapted.pose.pose.position.x,0.22608000126737904
55.466,1776414566.812000000,/odom_rf2o_adapted.pose.pose.position.x,0.2260117931787296
55.555,1776414566.901000000,/odom_rf2o_adapted.pose.pose.position.x,0.22599324520109101
55.66,1776414567.006000000,/odom_rf2o_adapted.pose.pose.position.x,0.22562796875794372
55.758,1776414567.104000000,/odom_rf2o_adapted.pose.pose.position.x,0.225874630405852
55.86,1776414567.206000000,/odom_rf2o_adapted.pose.pose.position.x,0.22560471972597199
55.96,1776414567.306000000,/odom_rf2o_adapted.pose.pose.position.x,0.22579871766163379
56.061,1776414567.407000000,/odom_rf2o_adapted.pose.pose.position.x,0.22554748938473287
56.156,1776414567.502000000,/odom_rf2o_adapted.pose.pose.position.x,0.22559650725325117
56.259,1776414567.605000000,/odom_rf2o_adapted.pose.pose.position.x,0.22589588610077044
56.359,1776414567.705000000,/odom_rf2o_adapted.pose.pose.position.x,0.2257743195765901
56.459,1776414567.805000000,/odom_rf2o_adapted.pose.pose.position.x,0.22574602504020236
56.559,1776414567.905000000,/odom_rf2o_adapted.pose.pose.position.x,0.22582920287649497
56.663,1776414568.009000000,/odom_rf2o_adapted.pose.pose.position.x,0.22569285296450545
56.756,1776414568.102000000,/odom_rf2o_adapted.pose.pose.position.x,0.22542416706638072
56.858,1776414568.204000000,/odom_rf2o_adapted.pose.pose.position.x,0.22536772326929383
56.959,1776414568.305000000,/odom_rf2o_adapted.pose.pose.position.x,0.2253280848064391
57.064,1776414568.410000000,/odom_rf2o_adapted.pose.pose.position.x,0.22555542377356874
57.165,1776414568.511000000,/odom_rf2o_adapted.pose.pose.position.x,0.22576620249508933
57.267,1776414568.613000000,/odom_rf2o_adapted.pose.pose.position.x,0.22575561428870963
57.36,1776414568.706000000,/odom_rf2o_adapted.pose.pose.position.x,0.22598579524078358
57.462,1776414568.808000000,/odom_rf2o_adapted.pose.pose.position.x,0.22584625229944386
57.56,1776414568.906000000,/odom_rf2o_adapted.pose.pose.position.x,0.22589954612158625
57.66,1776414569.006000000,/odom_rf2o_adapted.pose.pose.position.x,0.2262396164041645
57.759,1776414569.105000000,/odom_rf2o_adapted.pose.pose.position.x,0.22610128344516
57.861,1776414569.207000000,/odom_rf2o_adapted.pose.pose.position.x,0.22604532346564724
57.963,1776414569.309000000,/odom_rf2o_adapted.pose.pose.position.x,0.22590797039761049
58.061,1776414569.407000000,/odom_rf2o_adapted.pose.pose.position.x,0.2257005550667355
58.159,1776414569.505000000,/odom_rf2o_adapted.pose.pose.position.x,0.22576944572624522
58.259,1776414569.605000000,/odom_rf2o_adapted.pose.pose.position.x,0.22569187042946257
58.36,1776414569.706000000,/odom_rf2o_adapted.pose.pose.position.x,0.22529395494802307
58.604,1776414569.950000000,/odom_rf2o_adapted.pose.pose.position.x,0.2255481403498623
58.607,1776414569.953000000,/odom_rf2o_adapted.pose.pose.position.x,0.22539270796996175
58.659,1776414570.005000000,/odom_rf2o_adapted.pose.pose.position.x,0.22542787771561915
58.76,1776414570.106000000,/odom_rf2o_adapted.pose.pose.position.x,0.22585223519905917
58.861,1776414570.207000000,/odom_rf2o_adapted.pose.pose.position.x,0.2255393973271361
58.959,1776414570.305000000,/odom_rf2o_adapted.pose.pose.position.x,0.2254324632230052
59.058,1776414570.404000000,/odom_rf2o_adapted.pose.pose.position.x,0.22523188627321278
59.164,1776414570.510000000,/odom_rf2o_adapted.pose.pose.position.x,0.22546138017577746
59.26,1776414570.606000000,/odom_rf2o_adapted.pose.pose.position.x,0.2253695930014636
59.36,1776414570.706000000,/odom_rf2o_adapted.pose.pose.position.x,0.2253250819250859
59.46,1776414570.806000000,/odom_rf2o_adapted.pose.pose.position.x,0.22566959674913714
59.559,1776414570.905000000,/odom_rf2o_adapted.pose.pose.position.x,0.22532936422585673
59.659,1776414571.005000000,/odom_rf2o_adapted.pose.pose.position.x,0.22526371871185857
59.76,1776414571.106000000,/odom_rf2o_adapted.pose.pose.position.x,0.2252208178131302
59.86,1776414571.206000000,/odom_rf2o_adapted.pose.pose.position.x,0.22525718181605064
59.959,1776414571.305000000,/odom_rf2o_adapted.pose.pose.position.x,0.2249709429372152
60.06,1776414571.406000000,/odom_rf2o_adapted.pose.pose.position.x,0.22512805304101646
60.16,1776414571.506000000,/odom_rf2o_adapted.pose.pose.position.x,0.22506893537498174
60.259,1776414571.605000000,/odom_rf2o_adapted.pose.pose.position.x,0.2250624239757471
60.361,1776414571.707000000,/odom_rf2o_adapted.pose.pose.position.x,0.22516506410470277
60.461,1776414571.807000000,/odom_rf2o_adapted.pose.pose.position.x,0.22502121854359436
60.56,1776414571.906000000,/odom_rf2o_adapted.pose.pose.position.x,0.2252148992471341
1.561,1776414512.907000000,/odom_adapted.pose.pose.position.x,0
1.562,1776414512.908000000,/odom_adapted.pose.pose.position.x,0
1.5630000000000002,1776414512.909000000,/odom_adapted.pose.pose.position.x,0
1.564,1776414512.910000000,/odom_adapted.pose.pose.position.x,0
1.565,1776414512.911000000,/odom_adapted.pose.pose.position.x,0
1.565,1776414512.911000000,/odom_adapted.pose.pose.position.x,0
1.565,1776414512.911000000,/odom_adapted.pose.pose.position.x,0
1.565,1776414512.911000000,/odom_adapted.pose.pose.position.x,0
1.647,1776414512.993000000,/odom_adapted.pose.pose.position.x,0
1.6480000000000001,1776414512.994000000,/odom_adapted.pose.pose.position.x,0
1.6480000000000001,1776414512.994000000,/odom_adapted.pose.pose.position.x,0
1.69,1776414513.036000000,/odom_adapted.pose.pose.position.x,0
1.691,1776414513.037000000,/odom_adapted.pose.pose.position.x,0
1.734,1776414513.080000000,/odom_adapted.pose.pose.position.x,0
1.734,1776414513.080000000,/odom_adapted.pose.pose.position.x,0
1.774,1776414513.120000000,/odom_adapted.pose.pose.position.x,0
1.774,1776414513.120000000,/odom_adapted.pose.pose.position.x,0
1.811,1776414513.157000000,/odom_adapted.pose.pose.position.x,0
1.811,1776414513.157000000,/odom_adapted.pose.pose.position.x,0
1.847,1776414513.193000000,/odom_adapted.pose.pose.position.x,0
1.847,1776414513.193000000,/odom_adapted.pose.pose.position.x,0
1.8730000000000002,1776414513.219000000,/odom_adapted.pose.pose.position.x,0
1.8730000000000002,1776414513.219000000,/odom_adapted.pose.pose.position.x,0
1.887,1776414513.233000000,/odom_adapted.pose.pose.position.x,0
1.92,1776414513.266000000,/odom_adapted.pose.pose.position.x,0
1.921,1776414513.267000000,/odom_adapted.pose.pose.position.x,0
1.955,1776414513.301000000,/odom_adapted.pose.pose.position.x,0
1.956,1776414513.302000000,/odom_adapted.pose.pose.position.x,0
1.987,1776414513.333000000,/odom_adapted.pose.pose.position.x,0
1.989,1776414513.335000000,/odom_adapted.pose.pose.position.x,0
2.03,1776414513.376000000,/odom_adapted.pose.pose.position.x,0
2.033,1776414513.379000000,/odom_adapted.pose.pose.position.x,0
2.057,1776414513.403000000,/odom_adapted.pose.pose.position.x,0
2.095,1776414513.441000000,/odom_adapted.pose.pose.position.x,0
2.096,1776414513.442000000,/odom_adapted.pose.pose.position.x,0
2.128,1776414513.474000000,/odom_adapted.pose.pose.position.x,0
2.128,1776414513.474000000,/odom_adapted.pose.pose.position.x,0
2.19,1776414513.536000000,/odom_adapted.pose.pose.position.x,0
2.192,1776414513.538000000,/odom_adapted.pose.pose.position.x,0
2.193,1776414513.539000000,/odom_adapted.pose.pose.position.x,0
2.26,1776414513.606000000,/odom_adapted.pose.pose.position.x,0
2.26,1776414513.606000000,/odom_adapted.pose.pose.position.x,0
2.26,1776414513.606000000,/odom_adapted.pose.pose.position.x,0
2.318,1776414513.664000000,/odom_adapted.pose.pose.position.x,0
2.318,1776414513.664000000,/odom_adapted.pose.pose.position.x,0
2.367,1776414513.713000000,/odom_adapted.pose.pose.position.x,0
2.383,1776414513.729000000,/odom_adapted.pose.pose.position.x,0
2.408,1776414513.754000000,/odom_adapted.pose.pose.position.x,0
2.432,1776414513.778000000,/odom_adapted.pose.pose.position.x,0
2.432,1776414513.778000000,/odom_adapted.pose.pose.position.x,0
2.56,1776414513.906000000,/odom_adapted.pose.pose.position.x,0
2.596,1776414513.942000000,/odom_adapted.pose.pose.position.x,0
2.596,1776414513.942000000,/odom_adapted.pose.pose.position.x,0
2.621,1776414513.967000000,/odom_adapted.pose.pose.position.x,0
2.664,1776414514.010000000,/odom_adapted.pose.pose.position.x,0
2.685,1776414514.031000000,/odom_adapted.pose.pose.position.x,0
2.694,1776414514.040000000,/odom_adapted.pose.pose.position.x,0
2.729,1776414514.075000000,/odom_adapted.pose.pose.position.x,0
2.729,1776414514.075000000,/odom_adapted.pose.pose.position.x,0
2.761,1776414514.107000000,/odom_adapted.pose.pose.position.x,0
2.7640000000000002,1776414514.110000000,/odom_adapted.pose.pose.position.x,0
2.786,1776414514.132000000,/odom_adapted.pose.pose.position.x,0
2.823,1776414514.169000000,/odom_adapted.pose.pose.position.x,0
2.8280000000000003,1776414514.174000000,/odom_adapted.pose.pose.position.x,0
2.891,1776414514.237000000,/odom_adapted.pose.pose.position.x,0
2.891,1776414514.237000000,/odom_adapted.pose.pose.position.x,0
2.891,1776414514.237000000,/odom_adapted.pose.pose.position.x,0
2.949,1776414514.295000000,/odom_adapted.pose.pose.position.x,0
2.949,1776414514.295000000,/odom_adapted.pose.pose.position.x,0
2.952,1776414514.298000000,/odom_adapted.pose.pose.position.x,0
2.952,1776414514.298000000,/odom_adapted.pose.pose.position.x,0
3.014,1776414514.360000000,/odom_adapted.pose.pose.position.x,0
3.014,1776414514.360000000,/odom_adapted.pose.pose.position.x,0
3.017,1776414514.363000000,/odom_adapted.pose.pose.position.x,0
3.085,1776414514.431000000,/odom_adapted.pose.pose.position.x,0
3.085,1776414514.431000000,/odom_adapted.pose.pose.position.x,0
3.091,1776414514.437000000,/odom_adapted.pose.pose.position.x,0
3.135,1776414514.481000000,/odom_adapted.pose.pose.position.x,0
3.159,1776414514.505000000,/odom_adapted.pose.pose.position.x,0
3.161,1776414514.507000000,/odom_adapted.pose.pose.position.x,0
3.162,1776414514.508000000,/odom_adapted.pose.pose.position.x,0
3.199,1776414514.545000000,/odom_adapted.pose.pose.position.x,0
3.219,1776414514.565000000,/odom_adapted.pose.pose.position.x,0
3.221,1776414514.567000000,/odom_adapted.pose.pose.position.x,0
3.27,1776414514.616000000,/odom_adapted.pose.pose.position.x,0
3.31,1776414514.656000000,/odom_adapted.pose.pose.position.x,0
3.31,1776414514.656000000,/odom_adapted.pose.pose.position.x,0
3.339,1776414514.685000000,/odom_adapted.pose.pose.position.x,0
3.339,1776414514.685000000,/odom_adapted.pose.pose.position.x,0
3.356,1776414514.702000000,/odom_adapted.pose.pose.position.x,0
3.357,1776414514.703000000,/odom_adapted.pose.pose.position.x,0
3.386,1776414514.732000000,/odom_adapted.pose.pose.position.x,0
3.387,1776414514.733000000,/odom_adapted.pose.pose.position.x,0
3.42,1776414514.766000000,/odom_adapted.pose.pose.position.x,0
3.445,1776414514.791000000,/odom_adapted.pose.pose.position.x,0
3.451,1776414514.797000000,/odom_adapted.pose.pose.position.x,0
3.486,1776414514.832000000,/odom_adapted.pose.pose.position.x,0
3.489,1776414514.835000000,/odom_adapted.pose.pose.position.x,0
3.518,1776414514.864000000,/odom_adapted.pose.pose.position.x,0
3.548,1776414514.894000000,/odom_adapted.pose.pose.position.x,0
3.548,1776414514.894000000,/odom_adapted.pose.pose.position.x,0
3.588,1776414514.934000000,/odom_adapted.pose.pose.position.x,0
3.599,1776414514.945000000,/odom_adapted.pose.pose.position.x,0
3.615,1776414514.961000000,/odom_adapted.pose.pose.position.x,0
3.648,1776414514.994000000,/odom_adapted.pose.pose.position.x,0
3.654,1776414515.000000000,/odom_adapted.pose.pose.position.x,0
3.685,1776414515.031000000,/odom_adapted.pose.pose.position.x,0
3.714,1776414515.060000000,/odom_adapted.pose.pose.position.x,0
3.716,1776414515.062000000,/odom_adapted.pose.pose.position.x,0
3.751,1776414515.097000000,/odom_adapted.pose.pose.position.x,0
3.752,1776414515.098000000,/odom_adapted.pose.pose.position.x,0
3.791,1776414515.137000000,/odom_adapted.pose.pose.position.x,0
3.8,1776414515.146000000,/odom_adapted.pose.pose.position.x,0
3.822,1776414515.168000000,/odom_adapted.pose.pose.position.x,0
3.855,1776414515.201000000,/odom_adapted.pose.pose.position.x,0
3.856,1776414515.202000000,/odom_adapted.pose.pose.position.x,0
3.869,1776414515.215000000,/odom_adapted.pose.pose.position.x,0
3.896,1776414515.242000000,/odom_adapted.pose.pose.position.x,0
3.933,1776414515.279000000,/odom_adapted.pose.pose.position.x,0
3.958,1776414515.304000000,/odom_adapted.pose.pose.position.x,0
3.959,1776414515.305000000,/odom_adapted.pose.pose.position.x,0
3.9930000000000003,1776414515.339000000,/odom_adapted.pose.pose.position.x,0
4.002,1776414515.348000000,/odom_adapted.pose.pose.position.x,0
4.021,1776414515.367000000,/odom_adapted.pose.pose.position.x,0
4.03,1776414515.376000000,/odom_adapted.pose.pose.position.x,0
4.051,1776414515.397000000,/odom_adapted.pose.pose.position.x,0
4.083,1776414515.429000000,/odom_adapted.pose.pose.position.x,0
4.119,1776414515.465000000,/odom_adapted.pose.pose.position.x,0
4.13,1776414515.476000000,/odom_adapted.pose.pose.position.x,0
4.151,1776414515.497000000,/odom_adapted.pose.pose.position.x,0
4.164,1776414515.510000000,/odom_adapted.pose.pose.position.x,0
4.279,1776414515.625000000,/odom_adapted.pose.pose.position.x,0
4.279,1776414515.625000000,/odom_adapted.pose.pose.position.x,0
4.279,1776414515.625000000,/odom_adapted.pose.pose.position.x,0
4.301,1776414515.647000000,/odom_adapted.pose.pose.position.x,0
4.302,1776414515.648000000,/odom_adapted.pose.pose.position.x,0
4.308,1776414515.654000000,/odom_adapted.pose.pose.position.x,0
4.345,1776414515.691000000,/odom_adapted.pose.pose.position.x,0
4.366,1776414515.712000000,/odom_adapted.pose.pose.position.x,0
4.372,1776414515.718000000,/odom_adapted.pose.pose.position.x,0
4.4030000000000005,1776414515.749000000,/odom_adapted.pose.pose.position.x,0
4.404,1776414515.750000000,/odom_adapted.pose.pose.position.x,0
4.471,1776414515.817000000,/odom_adapted.pose.pose.position.x,0
4.471,1776414515.817000000,/odom_adapted.pose.pose.position.x,0
4.491,1776414515.837000000,/odom_adapted.pose.pose.position.x,0
4.491,1776414515.837000000,/odom_adapted.pose.pose.position.x,0
4.494,1776414515.840000000,/odom_adapted.pose.pose.position.x,0
4.5280000000000005,1776414515.874000000,/odom_adapted.pose.pose.position.x,0
4.552,1776414515.898000000,/odom_adapted.pose.pose.position.x,0
4.555,1776414515.901000000,/odom_adapted.pose.pose.position.x,0
4.593,1776414515.939000000,/odom_adapted.pose.pose.position.x,0
4.614,1776414515.960000000,/odom_adapted.pose.pose.position.x,0
4.618,1776414515.964000000,/odom_adapted.pose.pose.position.x,0
4.659,1776414516.005000000,/odom_adapted.pose.pose.position.x,0
4.661,1776414516.007000000,/odom_adapted.pose.pose.position.x,0
4.697,1776414516.043000000,/odom_adapted.pose.pose.position.x,0
4.734,1776414516.080000000,/odom_adapted.pose.pose.position.x,0
4.773,1776414516.119000000,/odom_adapted.pose.pose.position.x,0
4.775,1776414516.121000000,/odom_adapted.pose.pose.position.x,0
4.812,1776414516.158000000,/odom_adapted.pose.pose.position.x,0
4.812,1776414516.158000000,/odom_adapted.pose.pose.position.x,0
4.836,1776414516.182000000,/odom_adapted.pose.pose.position.x,0
4.839,1776414516.185000000,/odom_adapted.pose.pose.position.x,0
4.856,1776414516.202000000,/odom_adapted.pose.pose.position.x,0
4.859,1776414516.205000000,/odom_adapted.pose.pose.position.x,0
4.886,1776414516.232000000,/odom_adapted.pose.pose.position.x,0
4.915,1776414516.261000000,/odom_adapted.pose.pose.position.x,0
4.946,1776414516.292000000,/odom_adapted.pose.pose.position.x,0
4.947,1776414516.293000000,/odom_adapted.pose.pose.position.x,0
4.949,1776414516.295000000,/odom_adapted.pose.pose.position.x,0
4.982,1776414516.328000000,/odom_adapted.pose.pose.position.x,0
4.984,1776414516.330000000,/odom_adapted.pose.pose.position.x,0
5.02,1776414516.366000000,/odom_adapted.pose.pose.position.x,0
5.028,1776414516.374000000,/odom_adapted.pose.pose.position.x,0
5.05,1776414516.396000000,/odom_adapted.pose.pose.position.x,0
5.081,1776414516.427000000,/odom_adapted.pose.pose.position.x,0
5.088,1776414516.434000000,/odom_adapted.pose.pose.position.x,0
5.116,1776414516.462000000,/odom_adapted.pose.pose.position.x,0
5.128,1776414516.474000000,/odom_adapted.pose.pose.position.x,0
5.148,1776414516.494000000,/odom_adapted.pose.pose.position.x,0
5.18,1776414516.526000000,/odom_adapted.pose.pose.position.x,0
5.211,1776414516.557000000,/odom_adapted.pose.pose.position.x,0
5.221,1776414516.567000000,/odom_adapted.pose.pose.position.x,0
5.227,1776414516.573000000,/odom_adapted.pose.pose.position.x,0
5.247,1776414516.593000000,/odom_adapted.pose.pose.position.x,0
5.282,1776414516.628000000,/odom_adapted.pose.pose.position.x,0
5.314,1776414516.660000000,/odom_adapted.pose.pose.position.x,0
5.314,1776414516.660000000,/odom_adapted.pose.pose.position.x,0
5.346,1776414516.692000000,/odom_adapted.pose.pose.position.x,0
5.355,1776414516.701000000,/odom_adapted.pose.pose.position.x,0
5.381,1776414516.727000000,/odom_adapted.pose.pose.position.x,0
5.388,1776414516.734000000,/odom_adapted.pose.pose.position.x,0
5.414,1776414516.760000000,/odom_adapted.pose.pose.position.x,0
5.429,1776414516.775000000,/odom_adapted.pose.pose.position.x,0
5.452,1776414516.798000000,/odom_adapted.pose.pose.position.x,0
5.485,1776414516.831000000,/odom_adapted.pose.pose.position.x,0
5.488,1776414516.834000000,/odom_adapted.pose.pose.position.x,0
5.516,1776414516.862000000,/odom_adapted.pose.pose.position.x,0
5.5280000000000005,1776414516.874000000,/odom_adapted.pose.pose.position.x,0
5.551,1776414516.897000000,/odom_adapted.pose.pose.position.x,0
5.595,1776414516.941000000,/odom_adapted.pose.pose.position.x,0
5.595,1776414516.941000000,/odom_adapted.pose.pose.position.x,0
5.624,1776414516.970000000,/odom_adapted.pose.pose.position.x,0
5.655,1776414517.001000000,/odom_adapted.pose.pose.position.x,0
5.724,1776414517.070000000,/odom_adapted.pose.pose.position.x,0
5.724,1776414517.070000000,/odom_adapted.pose.pose.position.x,0
5.726,1776414517.072000000,/odom_adapted.pose.pose.position.x,0
5.726,1776414517.072000000,/odom_adapted.pose.pose.position.x,0
5.766,1776414517.112000000,/odom_adapted.pose.pose.position.x,0
5.784,1776414517.130000000,/odom_adapted.pose.pose.position.x,0
5.787,1776414517.133000000,/odom_adapted.pose.pose.position.x,0
5.793,1776414517.139000000,/odom_adapted.pose.pose.position.x,0
5.822,1776414517.168000000,/odom_adapted.pose.pose.position.x,0
5.828,1776414517.174000000,/odom_adapted.pose.pose.position.x,0
5.9030000000000005,1776414517.249000000,/odom_adapted.pose.pose.position.x,0
5.905,1776414517.251000000,/odom_adapted.pose.pose.position.x,0
5.923,1776414517.269000000,/odom_adapted.pose.pose.position.x,0
5.926,1776414517.272000000,/odom_adapted.pose.pose.position.x,0
5.953,1776414517.299000000,/odom_adapted.pose.pose.position.x,0
5.955,1776414517.301000000,/odom_adapted.pose.pose.position.x,0
5.979,1776414517.325000000,/odom_adapted.pose.pose.position.x,0
6.003,1776414517.349000000,/odom_adapted.pose.pose.position.x,0
6.022,1776414517.368000000,/odom_adapted.pose.pose.position.x,0
6.027,1776414517.373000000,/odom_adapted.pose.pose.position.x,0
6.051,1776414517.397000000,/odom_adapted.pose.pose.position.x,0
6.07,1776414517.416000000,/odom_adapted.pose.pose.position.x,0
6.093,1776414517.439000000,/odom_adapted.pose.pose.position.x,0
6.117,1776414517.463000000,/odom_adapted.pose.pose.position.x,0
6.127,1776414517.473000000,/odom_adapted.pose.pose.position.x,0
6.148,1776414517.494000000,/odom_adapted.pose.pose.position.x,0
6.182,1776414517.528000000,/odom_adapted.pose.pose.position.x,0
6.191,1776414517.537000000,/odom_adapted.pose.pose.position.x,0
6.207,1776414517.553000000,/odom_adapted.pose.pose.position.x,0
6.252,1776414517.598000000,/odom_adapted.pose.pose.position.x,0
6.254,1776414517.600000000,/odom_adapted.pose.pose.position.x,0
6.285,1776414517.631000000,/odom_adapted.pose.pose.position.x,0
6.287,1776414517.633000000,/odom_adapted.pose.pose.position.x,0
6.317,1776414517.663000000,/odom_adapted.pose.pose.position.x,0
6.328,1776414517.674000000,/odom_adapted.pose.pose.position.x,0
6.349,1776414517.695000000,/odom_adapted.pose.pose.position.x,0
6.381,1776414517.727000000,/odom_adapted.pose.pose.position.x,0
6.4190000000000005,1776414517.765000000,/odom_adapted.pose.pose.position.x,0
6.4190000000000005,1776414517.765000000,/odom_adapted.pose.pose.position.x,0
6.426,1776414517.772000000,/odom_adapted.pose.pose.position.x,0
6.451,1776414517.797000000,/odom_adapted.pose.pose.position.x,0
6.482,1776414517.828000000,/odom_adapted.pose.pose.position.x,0
6.485,1776414517.831000000,/odom_adapted.pose.pose.position.x,0
6.52,1776414517.866000000,/odom_adapted.pose.pose.position.x,0
6.55,1776414517.896000000,/odom_adapted.pose.pose.position.x,0
6.551,1776414517.897000000,/odom_adapted.pose.pose.position.x,0
6.583,1776414517.929000000,/odom_adapted.pose.pose.position.x,0
6.587,1776414517.933000000,/odom_adapted.pose.pose.position.x,0
6.617,1776414517.963000000,/odom_adapted.pose.pose.position.x,0
6.626,1776414517.972000000,/odom_adapted.pose.pose.position.x,0
6.648,1776414517.994000000,/odom_adapted.pose.pose.position.x,0
6.681,1776414518.027000000,/odom_adapted.pose.pose.position.x,0
6.684,1776414518.030000000,/odom_adapted.pose.pose.position.x,0
6.707,1776414518.053000000,/odom_adapted.pose.pose.position.x,0
6.727,1776414518.073000000,/odom_adapted.pose.pose.position.x,0
6.75,1776414518.096000000,/odom_adapted.pose.pose.position.x,0
6.79,1776414518.136000000,/odom_adapted.pose.pose.position.x,0
6.793,1776414518.139000000,/odom_adapted.pose.pose.position.x,0
6.814,1776414518.160000000,/odom_adapted.pose.pose.position.x,0
6.8260000000000005,1776414518.172000000,/odom_adapted.pose.pose.position.x,0
6.845,1776414518.191000000,/odom_adapted.pose.pose.position.x,0
6.883,1776414518.229000000,/odom_adapted.pose.pose.position.x,0
6.895,1776414518.241000000,/odom_adapted.pose.pose.position.x,0
6.917,1776414518.263000000,/odom_adapted.pose.pose.position.x,0
6.926,1776414518.272000000,/odom_adapted.pose.pose.position.x,0
6.948,1776414518.294000000,/odom_adapted.pose.pose.position.x,0
6.982,1776414518.328000000,/odom_adapted.pose.pose.position.x,0
6.993,1776414518.339000000,/odom_adapted.pose.pose.position.x,0
7.013,1776414518.359000000,/odom_adapted.pose.pose.position.x,0
7.026,1776414518.372000000,/odom_adapted.pose.pose.position.x,0
7.049,1776414518.395000000,/odom_adapted.pose.pose.position.x,0
7.085,1776414518.431000000,/odom_adapted.pose.pose.position.x,0
7.09,1776414518.436000000,/odom_adapted.pose.pose.position.x,0
7.114,1776414518.460000000,/odom_adapted.pose.pose.position.x,0
7.126,1776414518.472000000,/odom_adapted.pose.pose.position.x,0
7.149,1776414518.495000000,/odom_adapted.pose.pose.position.x,0
7.187,1776414518.533000000,/odom_adapted.pose.pose.position.x,0
7.194,1776414518.540000000,/odom_adapted.pose.pose.position.x,0
7.219,1776414518.565000000,/odom_adapted.pose.pose.position.x,0
7.252,1776414518.598000000,/odom_adapted.pose.pose.position.x,0
7.252,1776414518.598000000,/odom_adapted.pose.pose.position.x,0
7.279,1776414518.625000000,/odom_adapted.pose.pose.position.x,0
7.323,1776414518.669000000,/odom_adapted.pose.pose.position.x,0
7.325,1776414518.671000000,/odom_adapted.pose.pose.position.x,0
7.348,1776414518.694000000,/odom_adapted.pose.pose.position.x,0
7.349,1776414518.695000000,/odom_adapted.pose.pose.position.x,0
7.383,1776414518.729000000,/odom_adapted.pose.pose.position.x,0
7.413,1776414518.759000000,/odom_adapted.pose.pose.position.x,0
7.425,1776414518.771000000,/odom_adapted.pose.pose.position.x,0
7.428,1776414518.774000000,/odom_adapted.pose.pose.position.x,0
7.449,1776414518.795000000,/odom_adapted.pose.pose.position.x,0
7.514,1776414518.860000000,/odom_adapted.pose.pose.position.x,0
7.5280000000000005,1776414518.874000000,/odom_adapted.pose.pose.position.x,0
7.5280000000000005,1776414518.874000000,/odom_adapted.pose.pose.position.x,0
7.529,1776414518.875000000,/odom_adapted.pose.pose.position.x,0
7.555,1776414518.901000000,/odom_adapted.pose.pose.position.x,0
7.582,1776414518.928000000,/odom_adapted.pose.pose.position.x,0
7.585,1776414518.931000000,/odom_adapted.pose.pose.position.x,0
7.6129999999999995,1776414518.959000000,/odom_adapted.pose.pose.position.x,0
7.627,1776414518.973000000,/odom_adapted.pose.pose.position.x,0
7.649,1776414518.995000000,/odom_adapted.pose.pose.position.x,0
7.682,1776414519.028000000,/odom_adapted.pose.pose.position.x,0
7.69,1776414519.036000000,/odom_adapted.pose.pose.position.x,0
7.725,1776414519.071000000,/odom_adapted.pose.pose.position.x,0
7.73,1776414519.076000000,/odom_adapted.pose.pose.position.x,0
7.744,1776414519.090000000,/odom_adapted.pose.pose.position.x,0
7.7940000000000005,1776414519.140000000,/odom_adapted.pose.pose.position.x,0
7.795,1776414519.141000000,/odom_adapted.pose.pose.position.x,0
7.823,1776414519.169000000,/odom_adapted.pose.pose.position.x,0
7.852,1776414519.198000000,/odom_adapted.pose.pose.position.x,0
7.854,1776414519.200000000,/odom_adapted.pose.pose.position.x,0
7.888,1776414519.234000000,/odom_adapted.pose.pose.position.x,0
7.899,1776414519.245000000,/odom_adapted.pose.pose.position.x,0
7.91,1776414519.256000000,/odom_adapted.pose.pose.position.x,0
7.963,1776414519.309000000,/odom_adapted.pose.pose.position.x,0
7.995,1776414519.341000000,/odom_adapted.pose.pose.position.x,0
7.998,1776414519.344000000,/odom_adapted.pose.pose.position.x,0
8.001,1776414519.347000000,/odom_adapted.pose.pose.position.x,0
8.019,1776414519.365000000,/odom_adapted.pose.pose.position.x,0
8.047,1776414519.393000000,/odom_adapted.pose.pose.position.x,0
8.069,1776414519.415000000,/odom_adapted.pose.pose.position.x,0
8.089,1776414519.435000000,/odom_adapted.pose.pose.position.x,0
8.115,1776414519.461000000,/odom_adapted.pose.pose.position.x,0
8.122,1776414519.468000000,/odom_adapted.pose.pose.position.x,0
8.152,1776414519.498000000,/odom_adapted.pose.pose.position.x,0
8.154,1776414519.500000000,/odom_adapted.pose.pose.position.x,0
8.181,1776414519.527000000,/odom_adapted.pose.pose.position.x,0
8.19,1776414519.536000000,/odom_adapted.pose.pose.position.x,0
8.218,1776414519.564000000,/odom_adapted.pose.pose.position.x,-0.000337720317
8.26,1776414519.606000000,/odom_adapted.pose.pose.position.x,-0.0006771157868168613
8.26,1776414519.606000000,/odom_adapted.pose.pose.position.x,-0.0008989662335166955
8.304,1776414519.650000000,/odom_adapted.pose.pose.position.x,-0.0011194484051224442
8.326,1776414519.672000000,/odom_adapted.pose.pose.position.x,-0.0012182240770068924
8.329,1776414519.675000000,/odom_adapted.pose.pose.position.x,-0.0013185511265544315
8.329,1776414519.675000000,/odom_adapted.pose.pose.position.x,-0.0013185511265544315
8.351,1776414519.697000000,/odom_adapted.pose.pose.position.x,-0.0013185511265544315
8.379,1776414519.725000000,/odom_adapted.pose.pose.position.x,-0.0013185511265544315
8.39,1776414519.736000000,/odom_adapted.pose.pose.position.x,-0.0013185511265544315
8.418,1776414519.764000000,/odom_adapted.pose.pose.position.x,-0.0013185511265544315
8.448,1776414519.794000000,/odom_adapted.pose.pose.position.x,-0.0013185511265544315
8.45,1776414519.796000000,/odom_adapted.pose.pose.position.x,-0.0013185511265544315
8.481,1776414519.827000000,/odom_adapted.pose.pose.position.x,-0.0013185511265544315
8.487,1776414519.833000000,/odom_adapted.pose.pose.position.x,-0.0013185511265544315
8.514,1776414519.860000000,/odom_adapted.pose.pose.position.x,-0.0013185511265544315
8.527,1776414519.873000000,/odom_adapted.pose.pose.position.x,-0.0013185511265544315
8.548,1776414519.894000000,/odom_adapted.pose.pose.position.x,-0.0013185511265544315
8.579,1776414519.925000000,/odom_adapted.pose.pose.position.x,-0.0013185511265544315
8.615,1776414519.961000000,/odom_adapted.pose.pose.position.x,-0.0013185511265544315
8.647,1776414519.993000000,/odom_adapted.pose.pose.position.x,-0.0013185511265544315
8.648,1776414519.994000000,/odom_adapted.pose.pose.position.x,-0.0013185511265544315
8.648,1776414519.994000000,/odom_adapted.pose.pose.position.x,-0.0013185511265544315
8.679,1776414520.025000000,/odom_adapted.pose.pose.position.x,-0.0013185511265544315
8.713000000000001,1776414520.059000000,/odom_adapted.pose.pose.position.x,-0.0013185511265544315
8.748,1776414520.094000000,/odom_adapted.pose.pose.position.x,-0.0013185511265544315
8.748,1776414520.094000000,/odom_adapted.pose.pose.position.x,-0.0013185511265544315
8.748,1776414520.094000000,/odom_adapted.pose.pose.position.x,-0.0013185511265544315
8.78,1776414520.126000000,/odom_adapted.pose.pose.position.x,-0.0013185511265544315
8.79,1776414520.136000000,/odom_adapted.pose.pose.position.x,-0.0013185511265544315
8.813,1776414520.159000000,/odom_adapted.pose.pose.position.x,-0.0013185511265544315
8.847,1776414520.193000000,/odom_adapted.pose.pose.position.x,-0.0013185511265544315
8.847,1776414520.193000000,/odom_adapted.pose.pose.position.x,-0.0013185511265544315
8.885,1776414520.231000000,/odom_adapted.pose.pose.position.x,-0.0013185511265544315
8.891,1776414520.237000000,/odom_adapted.pose.pose.position.x,-0.0013185511265544315
8.916,1776414520.262000000,/odom_adapted.pose.pose.position.x,-0.0013185511265544315
8.945,1776414520.291000000,/odom_adapted.pose.pose.position.x,-0.0013185511265544315
8.945,1776414520.291000000,/odom_adapted.pose.pose.position.x,-0.0013185511265544315
8.98,1776414520.326000000,/odom_adapted.pose.pose.position.x,-0.0013185511265544315
9.011,1776414520.357000000,/odom_adapted.pose.pose.position.x,-0.0013185511265544315
9.019,1776414520.365000000,/odom_adapted.pose.pose.position.x,-0.0013185511265544315
9.048,1776414520.394000000,/odom_adapted.pose.pose.position.x,-0.0013185511265544315
9.048,1776414520.394000000,/odom_adapted.pose.pose.position.x,-0.0013185511265544315
9.081,1776414520.427000000,/odom_adapted.pose.pose.position.x,-0.0013185511265544315
9.088,1776414520.434000000,/odom_adapted.pose.pose.position.x,-0.0013185511265544315
9.118,1776414520.464000000,/odom_adapted.pose.pose.position.x,-0.0013185511265544315
9.144,1776414520.490000000,/odom_adapted.pose.pose.position.x,-0.0013185511265544315
9.147,1776414520.493000000,/odom_adapted.pose.pose.position.x,-0.0013185511265544315
9.177,1776414520.523000000,/odom_adapted.pose.pose.position.x,-0.0013185511265544315
9.187,1776414520.533000000,/odom_adapted.pose.pose.position.x,-0.0013185511265544315
9.213,1776414520.559000000,/odom_adapted.pose.pose.position.x,-0.0013185511265544315
9.227,1776414520.573000000,/odom_adapted.pose.pose.position.x,-0.0014115582399608648
9.25,1776414520.596000000,/odom_adapted.pose.pose.position.x,-0.0015115117002555052
9.281,1776414520.627000000,/odom_adapted.pose.pose.position.x,-0.0017330460779325816
9.289,1776414520.635000000,/odom_adapted.pose.pose.position.x,-0.0019516760124146844
9.319,1776414520.665000000,/odom_adapted.pose.pose.position.x,-0.0027451096522816
9.328,1776414520.674000000,/odom_adapted.pose.pose.position.x,-0.0035214625400830663
9.346,1776414520.692000000,/odom_adapted.pose.pose.position.x,-0.0046534851964427975
9.38,1776414520.726000000,/odom_adapted.pose.pose.position.x,-0.0057961529965958524
9.389,1776414520.735000000,/odom_adapted.pose.pose.position.x,-0.006816849219444193
9.417,1776414520.763000000,/odom_adapted.pose.pose.position.x,-0.00783696170857949
9.449,1776414520.795000000,/odom_adapted.pose.pose.position.x,-0.009197524551127977
9.451,1776414520.797000000,/odom_adapted.pose.pose.position.x,-0.010552414501964527
9.489,1776414520.835000000,/odom_adapted.pose.pose.position.x,-0.012320508389362144
9.495,1776414520.841000000,/odom_adapted.pose.pose.position.x,-0.013977197054094366
9.519,1776414520.865000000,/odom_adapted.pose.pose.position.x,-0.015438800394101981
9.528,1776414520.874000000,/odom_adapted.pose.pose.position.x,-0.016941337103639077
9.556000000000001,1776414520.902000000,/odom_adapted.pose.pose.position.x,-0.018407538163278225
9.599,1776414520.945000000,/odom_adapted.pose.pose.position.x,-0.0201869958465158
9.599,1776414520.945000000,/odom_adapted.pose.pose.position.x,-0.02180496385693387
9.607,1776414520.953000000,/odom_adapted.pose.pose.position.x,-0.023383707941953668
9.63,1776414520.976000000,/odom_adapted.pose.pose.position.x,-0.025206398798763827
9.651,1776414520.997000000,/odom_adapted.pose.pose.position.x,-0.027030577508021705
9.667,1776414521.013000000,/odom_adapted.pose.pose.position.x,-0.028738768374787647
9.686,1776414521.032000000,/odom_adapted.pose.pose.position.x,-0.030427530180156263
9.712,1776414521.058000000,/odom_adapted.pose.pose.position.x,-0.032252331699745174
9.748,1776414521.094000000,/odom_adapted.pose.pose.position.x,-0.03406910294142818
9.757,1776414521.103000000,/odom_adapted.pose.pose.position.x,-0.03577407358302029
9.768,1776414521.114000000,/odom_adapted.pose.pose.position.x,-0.03748214622736226
9.786,1776414521.132000000,/odom_adapted.pose.pose.position.x,-0.03951009528102526
9.83,1776414521.176000000,/odom_adapted.pose.pose.position.x,-0.041559527516922996
9.831,1776414521.177000000,/odom_adapted.pose.pose.position.x,-0.04324868358955175
9.846,1776414521.192000000,/odom_adapted.pose.pose.position.x,-0.044991448197405304
9.878,1776414521.224000000,/odom_adapted.pose.pose.position.x,-0.0468994165142185
9.902,1776414521.248000000,/odom_adapted.pose.pose.position.x,-0.04882884636325618
9.938,1776414521.284000000,/odom_adapted.pose.pose.position.x,-0.050532686557840455
9.94,1776414521.286000000,/odom_adapted.pose.pose.position.x,-0.05223218795686811
9.949,1776414521.295000000,/odom_adapted.pose.pose.position.x,-0.05394961466718713
9.981,1776414521.327000000,/odom_adapted.pose.pose.position.x,-0.055992653571574263
9.984,1776414521.330000000,/odom_adapted.pose.pose.position.x,-0.0580131792587471
10.006,1776414521.352000000,/odom_adapted.pose.pose.position.x,-0.059718914810254715
10.027,1776414521.373000000,/odom_adapted.pose.pose.position.x,-0.06141461128900202
10.049,1776414521.395000000,/odom_adapted.pose.pose.position.x,-0.06349519868415975
10.082,1776414521.428000000,/odom_adapted.pose.pose.position.x,-0.06550388646841557
10.087,1776414521.433000000,/odom_adapted.pose.pose.position.x,-0.06731810136603517
10.119,1776414521.465000000,/odom_adapted.pose.pose.position.x,-0.06914057678655543
10.152,1776414521.498000000,/odom_adapted.pose.pose.position.x,-0.07095646245290362
10.154,1776414521.500000000,/odom_adapted.pose.pose.position.x,-0.0727841392769033
10.184,1776414521.530000000,/odom_adapted.pose.pose.position.x,-0.07482024207572094
10.191,1776414521.537000000,/odom_adapted.pose.pose.position.x,-0.07684134050519585
10.215,1776414521.561000000,/odom_adapted.pose.pose.position.x,-0.07866568752504804
10.227,1776414521.573000000,/odom_adapted.pose.pose.position.x,-0.08047669195264677
10.252,1776414521.598000000,/odom_adapted.pose.pose.position.x,-0.08255471172302349
10.28,1776414521.626000000,/odom_adapted.pose.pose.position.x,-0.08458707568905995
10.29,1776414521.636000000,/odom_adapted.pose.pose.position.x,-0.08638596297310032
10.314,1776414521.660000000,/odom_adapted.pose.pose.position.x,-0.0882181368381735
10.328,1776414521.674000000,/odom_adapted.pose.pose.position.x,-0.09023453065723964
10.352,1776414521.698000000,/odom_adapted.pose.pose.position.x,-0.09231519961284307
10.383,1776414521.729000000,/odom_adapted.pose.pose.position.x,-0.0942448008919634
10.393,1776414521.739000000,/odom_adapted.pose.pose.position.x,-0.09616957180974184
10.416,1776414521.762000000,/odom_adapted.pose.pose.position.x,-0.09812120808019953
10.428,1776414521.774000000,/odom_adapted.pose.pose.position.x,-0.10025121046597527
10.453,1776414521.799000000,/odom_adapted.pose.pose.position.x,-0.10246613294642663
10.484,1776414521.830000000,/odom_adapted.pose.pose.position.x,-0.10457716646961435
10.495,1776414521.841000000,/odom_adapted.pose.pose.position.x,-0.10660337122853156
10.515,1776414521.861000000,/odom_adapted.pose.pose.position.x,-0.10864980359409322
10.528,1776414521.874000000,/odom_adapted.pose.pose.position.x,-0.11091214283654847
10.553,1776414521.899000000,/odom_adapted.pose.pose.position.x,-0.11345512040125487
10.583,1776414521.929000000,/odom_adapted.pose.pose.position.x,-0.11548963517588243
10.587,1776414521.933000000,/odom_adapted.pose.pose.position.x,-0.11775771746239048
10.615,1776414521.961000000,/odom_adapted.pose.pose.position.x,-0.11992243188165883
10.626,1776414521.972000000,/odom_adapted.pose.pose.position.x,-0.12208014061389225
10.649000000000001,1776414521.995000000,/odom_adapted.pose.pose.position.x,-0.1245301099310136
10.683,1776414522.029000000,/odom_adapted.pose.pose.position.x,-0.12666371678394575
10.689,1776414522.035000000,/odom_adapted.pose.pose.position.x,-0.12893280074331068
10.713000000000001,1776414522.059000000,/odom_adapted.pose.pose.position.x,-0.1311994490944121
10.727,1776414522.073000000,/odom_adapted.pose.pose.position.x,-0.13335433123042237
10.752,1776414522.098000000,/odom_adapted.pose.pose.position.x,-0.13568633758211787
10.783,1776414522.129000000,/odom_adapted.pose.pose.position.x,-0.13773709424428374
10.789,1776414522.135000000,/odom_adapted.pose.pose.position.x,-0.14037273028026315
10.818,1776414522.164000000,/odom_adapted.pose.pose.position.x,-0.1424576715063052
10.829,1776414522.175000000,/odom_adapted.pose.pose.position.x,-0.14487151923247765
10.848,1776414522.194000000,/odom_adapted.pose.pose.position.x,-0.1467807300196098
10.882,1776414522.228000000,/odom_adapted.pose.pose.position.x,-0.14906499005670684
10.887,1776414522.233000000,/odom_adapted.pose.pose.position.x,-0.1513269025040464
10.915,1776414522.261000000,/odom_adapted.pose.pose.position.x,-0.1524789667973181
10.928,1776414522.274000000,/odom_adapted.pose.pose.position.x,-0.15360387494185007
10.947,1776414522.293000000,/odom_adapted.pose.pose.position.x,-0.15405089522965293
10.983,1776414522.329000000,/odom_adapted.pose.pose.position.x,-0.15448589697552623
10.987,1776414522.333000000,/odom_adapted.pose.pose.position.x,-0.15448589697552623
11.015,1776414522.361000000,/odom_adapted.pose.pose.position.x,-0.15448589697552623
11.03,1776414522.376000000,/odom_adapted.pose.pose.position.x,-0.15448589697552623
11.049,1776414522.395000000,/odom_adapted.pose.pose.position.x,-0.15448589697552623
11.081,1776414522.427000000,/odom_adapted.pose.pose.position.x,-0.15448589697552623
11.116,1776414522.462000000,/odom_adapted.pose.pose.position.x,-0.15448589697552623
11.123,1776414522.469000000,/odom_adapted.pose.pose.position.x,-0.15448589697552623
11.147,1776414522.493000000,/odom_adapted.pose.pose.position.x,-0.15448589697552623
11.153,1776414522.499000000,/odom_adapted.pose.pose.position.x,-0.15448589697552623
11.183,1776414522.529000000,/odom_adapted.pose.pose.position.x,-0.15448589697552623
11.19,1776414522.536000000,/odom_adapted.pose.pose.position.x,-0.15448589697552623
11.217,1776414522.563000000,/odom_adapted.pose.pose.position.x,-0.15448589697552623
11.229,1776414522.575000000,/odom_adapted.pose.pose.position.x,-0.15448589697552623
11.254,1776414522.600000000,/odom_adapted.pose.pose.position.x,-0.15448589697552623
11.287,1776414522.633000000,/odom_adapted.pose.pose.position.x,-0.15448589697552623
11.296,1776414522.642000000,/odom_adapted.pose.pose.position.x,-0.15448589697552623
11.318,1776414522.664000000,/odom_adapted.pose.pose.position.x,-0.15448589697552623
11.327,1776414522.673000000,/odom_adapted.pose.pose.position.x,-0.15448589697552623
11.348,1776414522.694000000,/odom_adapted.pose.pose.position.x,-0.15448589697552623
11.382,1776414522.728000000,/odom_adapted.pose.pose.position.x,-0.15448589697552623
11.391,1776414522.737000000,/odom_adapted.pose.pose.position.x,-0.15448589697552623
11.414,1776414522.760000000,/odom_adapted.pose.pose.position.x,-0.15448589697552623
11.426,1776414522.772000000,/odom_adapted.pose.pose.position.x,-0.15448589697552623
11.448,1776414522.794000000,/odom_adapted.pose.pose.position.x,-0.15448589697552623
11.482,1776414522.828000000,/odom_adapted.pose.pose.position.x,-0.15448589697552623
11.516,1776414522.862000000,/odom_adapted.pose.pose.position.x,-0.15448589697552623
11.52,1776414522.866000000,/odom_adapted.pose.pose.position.x,-0.15448589697552623
11.548,1776414522.894000000,/odom_adapted.pose.pose.position.x,-0.15448589697552623
11.55,1776414522.896000000,/odom_adapted.pose.pose.position.x,-0.15448589697552623
11.582,1776414522.928000000,/odom_adapted.pose.pose.position.x,-0.15448589697552623
11.612,1776414522.958000000,/odom_adapted.pose.pose.position.x,-0.15448589697552623
11.62,1776414522.966000000,/odom_adapted.pose.pose.position.x,-0.15448589697552623
11.646,1776414522.992000000,/odom_adapted.pose.pose.position.x,-0.15448589697552623
11.655,1776414523.001000000,/odom_adapted.pose.pose.position.x,-0.1540385047395781
11.681000000000001,1776414523.027000000,/odom_adapted.pose.pose.position.x,-0.152897996651465
11.688,1776414523.034000000,/odom_adapted.pose.pose.position.x,-0.15175747374602036
11.716,1776414523.062000000,/odom_adapted.pose.pose.position.x,-0.1505979888291699
11.746,1776414523.092000000,/odom_adapted.pose.pose.position.x,-0.1489082275069519
11.747,1776414523.093000000,/odom_adapted.pose.pose.position.x,-0.14720113058281856
11.786,1776414523.132000000,/odom_adapted.pose.pose.position.x,-0.14502962066578742
11.788,1776414523.134000000,/odom_adapted.pose.pose.position.x,-0.142889530037019
11.815,1776414523.161000000,/odom_adapted.pose.pose.position.x,-0.1405091604448191
11.828,1776414523.174000000,/odom_adapted.pose.pose.position.x,-0.13813859642854104
11.853,1776414523.199000000,/odom_adapted.pose.pose.position.x,-0.13540012011812194
11.88,1776414523.226000000,/odom_adapted.pose.pose.position.x,-0.13264026475144386
11.914,1776414523.260000000,/odom_adapted.pose.pose.position.x,-0.1299176628021939
11.914,1776414523.260000000,/odom_adapted.pose.pose.position.x,-0.127143423298696
11.928,1776414523.274000000,/odom_adapted.pose.pose.position.x,-0.12444880527285608
11.953,1776414523.299000000,/odom_adapted.pose.pose.position.x,-0.12121337646260005
11.983,1776414523.329000000,/odom_adapted.pose.pose.position.x,-0.11886881393054766
12.012,1776414523.358000000,/odom_adapted.pose.pose.position.x,-0.11586756919972153
12.013,1776414523.359000000,/odom_adapted.pose.pose.position.x,-0.11334408027008995
12.05,1776414523.396000000,/odom_adapted.pose.pose.position.x,-0.1105304133978078
12.05,1776414523.396000000,/odom_adapted.pose.pose.position.x,-0.10923125080182501
12.067,1776414523.413000000,/odom_adapted.pose.pose.position.x,-0.10806096391314371
12.105,1776414523.451000000,/odom_adapted.pose.pose.position.x,-0.10761962169831638
12.111,1776414523.457000000,/odom_adapted.pose.pose.position.x,-0.10718157534639586
12.13,1776414523.476000000,/odom_adapted.pose.pose.position.x,-0.10674499997068419
12.146,1776414523.492000000,/odom_adapted.pose.pose.position.x,-0.10674499997068419
12.181,1776414523.527000000,/odom_adapted.pose.pose.position.x,-0.10674499997068419
12.19,1776414523.536000000,/odom_adapted.pose.pose.position.x,-0.10674499997068419
12.218,1776414523.564000000,/odom_adapted.pose.pose.position.x,-0.10674499997068419
12.226,1776414523.572000000,/odom_adapted.pose.pose.position.x,-0.10674499997068419
12.248,1776414523.594000000,/odom_adapted.pose.pose.position.x,-0.10674499997068419
12.282,1776414523.628000000,/odom_adapted.pose.pose.position.x,-0.10674499997068419
12.289,1776414523.635000000,/odom_adapted.pose.pose.position.x,-0.10674499997068419
12.319,1776414523.665000000,/odom_adapted.pose.pose.position.x,-0.10674499997068419
12.357,1776414523.703000000,/odom_adapted.pose.pose.position.x,-0.10674499997068419
12.357,1776414523.703000000,/odom_adapted.pose.pose.position.x,-0.10674499997068419
12.391,1776414523.737000000,/odom_adapted.pose.pose.position.x,-0.10674499997068419
12.423,1776414523.769000000,/odom_adapted.pose.pose.position.x,-0.10674499997068419
12.424,1776414523.770000000,/odom_adapted.pose.pose.position.x,-0.10674499997068419
12.452,1776414523.798000000,/odom_adapted.pose.pose.position.x,-0.10674499997068419
12.456,1776414523.802000000,/odom_adapted.pose.pose.position.x,-0.10674499997068419
12.485,1776414523.831000000,/odom_adapted.pose.pose.position.x,-0.10674499997068419
12.492,1776414523.838000000,/odom_adapted.pose.pose.position.x,-0.10674499997068419
12.849,1776414524.195000000,/odom_adapted.pose.pose.position.x,-0.10674499997068419
12.849,1776414524.195000000,/odom_adapted.pose.pose.position.x,-0.10674499997068419
12.849,1776414524.195000000,/odom_adapted.pose.pose.position.x,-0.10674499997068419
12.849,1776414524.195000000,/odom_adapted.pose.pose.position.x,-0.10674499997068419
12.849,1776414524.195000000,/odom_adapted.pose.pose.position.x,-0.10674499997068419
12.849,1776414524.195000000,/odom_adapted.pose.pose.position.x,-0.10674499997068419
12.849,1776414524.195000000,/odom_adapted.pose.pose.position.x,-0.10674499997068419
12.849,1776414524.195000000,/odom_adapted.pose.pose.position.x,-0.10674499997068419
12.849,1776414524.195000000,/odom_adapted.pose.pose.position.x,-0.10674499997068419
12.849,1776414524.195000000,/odom_adapted.pose.pose.position.x,-0.10674499997068419
12.849,1776414524.195000000,/odom_adapted.pose.pose.position.x,-0.10674499997068419
12.849,1776414524.195000000,/odom_adapted.pose.pose.position.x,-0.10674499997068419
12.849,1776414524.195000000,/odom_adapted.pose.pose.position.x,-0.10806051525819924
12.849,1776414524.195000000,/odom_adapted.pose.pose.position.x,-0.10933919321763587
12.849,1776414524.195000000,/odom_adapted.pose.pose.position.x,-0.11245292728870909
12.849,1776414524.195000000,/odom_adapted.pose.pose.position.x,-0.1151493658551306
12.849,1776414524.195000000,/odom_adapted.pose.pose.position.x,-0.11829103246045976
12.852,1776414524.198000000,/odom_adapted.pose.pose.position.x,-0.12178959972721567
12.917,1776414524.263000000,/odom_adapted.pose.pose.position.x,-0.1262854886274476
12.917,1776414524.263000000,/odom_adapted.pose.pose.position.x,-0.1305886440168352
12.917,1776414524.263000000,/odom_adapted.pose.pose.position.x,-0.13549306655484447
12.929,1776414524.275000000,/odom_adapted.pose.pose.position.x,-0.1404083048720127
12.949,1776414524.295000000,/odom_adapted.pose.pose.position.x,-0.1458308778740058
12.98,1776414524.326000000,/odom_adapted.pose.pose.position.x,-0.1513069878250836
13.012,1776414524.358000000,/odom_adapted.pose.pose.position.x,-0.1572886305686331
13.03,1776414524.376000000,/odom_adapted.pose.pose.position.x,-0.16338748027929154
13.047,1776414524.393000000,/odom_adapted.pose.pose.position.x,-0.16936909042662282
13.047,1776414524.393000000,/odom_adapted.pose.pose.position.x,-0.17568905766686393
13.08,1776414524.426000000,/odom_adapted.pose.pose.position.x,-0.1819892549739904
13.111,1776414524.457000000,/odom_adapted.pose.pose.position.x,-0.18833548192861574
13.125,1776414524.471000000,/odom_adapted.pose.pose.position.x,-0.19479418595688458
13.149000000000001,1776414524.495000000,/odom_adapted.pose.pose.position.x,-0.2012967459048586
13.155,1776414524.501000000,/odom_adapted.pose.pose.position.x,-0.2088247306176908
13.19,1776414524.536000000,/odom_adapted.pose.pose.position.x,-0.21433539409435448
13.191,1776414524.537000000,/odom_adapted.pose.pose.position.x,-0.2209065285557885
13.217,1776414524.563000000,/odom_adapted.pose.pose.position.x,-0.2274357599906978
13.25,1776414524.596000000,/odom_adapted.pose.pose.position.x,-0.2340770328352797
13.251,1776414524.597000000,/odom_adapted.pose.pose.position.x,-0.24035834817264462
13.283,1776414524.629000000,/odom_adapted.pose.pose.position.x,-0.24660570559600123
13.318,1776414524.664000000,/odom_adapted.pose.pose.position.x,-0.2511755190006746
13.324,1776414524.670000000,/odom_adapted.pose.pose.position.x,-0.2557085916701141
13.327,1776414524.673000000,/odom_adapted.pose.pose.position.x,-0.2581943396874045
13.347,1776414524.693000000,/odom_adapted.pose.pose.position.x,-0.2606764212221429
13.386,1776414524.732000000,/odom_adapted.pose.pose.position.x,-0.2621599328787428
13.389,1776414524.735000000,/odom_adapted.pose.pose.position.x,-0.26362482565957873
13.415,1776414524.761000000,/odom_adapted.pose.pose.position.x,-0.2641807841476911
13.429,1776414524.775000000,/odom_adapted.pose.pose.position.x,-0.2647380257188211
13.45,1776414524.796000000,/odom_adapted.pose.pose.position.x,-0.2647380257188211
13.482,1776414524.828000000,/odom_adapted.pose.pose.position.x,-0.2647380257188211
13.49,1776414524.836000000,/odom_adapted.pose.pose.position.x,-0.2647380257188211
13.516,1776414524.862000000,/odom_adapted.pose.pose.position.x,-0.2647380257188211
13.549,1776414524.895000000,/odom_adapted.pose.pose.position.x,-0.26484096879017976
13.55,1776414524.896000000,/odom_adapted.pose.pose.position.x,-0.26494417687446115
13.587,1776414524.933000000,/odom_adapted.pose.pose.position.x,-0.2672603624666821
13.587,1776414524.933000000,/odom_adapted.pose.pose.position.x,-0.2695372621712204
13.615,1776414524.961000000,/odom_adapted.pose.pose.position.x,-0.274469800801863
13.627,1776414524.973000000,/odom_adapted.pose.pose.position.x,-0.2793419374947978
13.649000000000001,1776414524.995000000,/odom_adapted.pose.pose.position.x,-0.2871826099029212
13.683,1776414525.029000000,/odom_adapted.pose.pose.position.x,-0.2949630200623063
13.689,1776414525.035000000,/odom_adapted.pose.pose.position.x,-0.3041814104487953
13.719,1776414525.065000000,/odom_adapted.pose.pose.position.x,-0.3145147271844232
13.73,1776414525.076000000,/odom_adapted.pose.pose.position.x,-0.3233514285133748
13.752,1776414525.098000000,/odom_adapted.pose.pose.position.x,-0.33325267293521815
13.783,1776414525.129000000,/odom_adapted.pose.pose.position.x,-0.3423728958995005
13.79,1776414525.136000000,/odom_adapted.pose.pose.position.x,-0.3514274936532796
13.817,1776414525.163000000,/odom_adapted.pose.pose.position.x,-0.35549411606057146
13.829,1776414525.175000000,/odom_adapted.pose.pose.position.x,-0.3595398379221583
13.854,1776414525.200000000,/odom_adapted.pose.pose.position.x,-0.36170863235675366
13.892,1776414525.238000000,/odom_adapted.pose.pose.position.x,-0.363862756425909
13.895,1776414525.241000000,/odom_adapted.pose.pose.position.x,-0.3659781513805589
13.925,1776414525.271000000,/odom_adapted.pose.pose.position.x,-0.3675762618100057
13.951,1776414525.297000000,/odom_adapted.pose.pose.position.x,-0.3691294093378509
13.954,1776414525.300000000,/odom_adapted.pose.pose.position.x,-0.370033427987925
13.98,1776414525.326000000,/odom_adapted.pose.pose.position.x,-0.370933478094496
13.994,1776414525.340000000,/odom_adapted.pose.pose.position.x,-0.37160416911628347
14.015,1776414525.361000000,/odom_adapted.pose.pose.position.x,-0.3722852039284405
14.027,1776414525.373000000,/odom_adapted.pose.pose.position.x,-0.37250382562635714
14.055,1776414525.401000000,/odom_adapted.pose.pose.position.x,-0.3727234984846186
14.085,1776414525.431000000,/odom_adapted.pose.pose.position.x,-0.3727234984846186
14.116,1776414525.462000000,/odom_adapted.pose.pose.position.x,-0.3727234984846186
14.127,1776414525.473000000,/odom_adapted.pose.pose.position.x,-0.3735099317657408
14.148,1776414525.494000000,/odom_adapted.pose.pose.position.x,-0.3742952675098246
14.15,1776414525.496000000,/odom_adapted.pose.pose.position.x,-0.37743163057989515
14.181,1776414525.527000000,/odom_adapted.pose.pose.position.x,-0.3805814261560045
14.213,1776414525.559000000,/odom_adapted.pose.pose.position.x,-0.38653857089148624
14.224,1776414525.570000000,/odom_adapted.pose.pose.position.x,-0.39242235260734815
14.228,1776414525.574000000,/odom_adapted.pose.pose.position.x,-0.40096248447259814
14.262,1776414525.608000000,/odom_adapted.pose.pose.position.x,-0.40955981829985216
14.284,1776414525.630000000,/odom_adapted.pose.pose.position.x,-0.41899945678509337
14.319,1776414525.665000000,/odom_adapted.pose.pose.position.x,-0.4238360088913268
14.32,1776414525.666000000,/odom_adapted.pose.pose.position.x,-0.4286808308957209
14.349,1776414525.695000000,/odom_adapted.pose.pose.position.x,-0.43351717008856727
14.35,1776414525.696000000,/odom_adapted.pose.pose.position.x,-0.43623192060350396
14.383,1776414525.729000000,/odom_adapted.pose.pose.position.x,-0.43894850126334223
14.416,1776414525.762000000,/odom_adapted.pose.pose.position.x,-0.4406190618958682
14.422,1776414525.768000000,/odom_adapted.pose.pose.position.x,-0.44230196030177754
14.428,1776414525.774000000,/odom_adapted.pose.pose.position.x,-0.4434365971709456
14.481,1776414525.827000000,/odom_adapted.pose.pose.position.x,-0.444576905564526
14.482,1776414525.828000000,/odom_adapted.pose.pose.position.x,-0.4452558101955111
14.49,1776414525.836000000,/odom_adapted.pose.pose.position.x,-0.4459796366588766
14.518,1776414525.864000000,/odom_adapted.pose.pose.position.x,-0.44606323491205013
14.549,1776414525.895000000,/odom_adapted.pose.pose.position.x,-0.446153110030955
14.561,1776414525.907000000,/odom_adapted.pose.pose.position.x,-0.446153110030955
14.584,1776414525.930000000,/odom_adapted.pose.pose.position.x,-0.446153110030955
14.592,1776414525.938000000,/odom_adapted.pose.pose.position.x,-0.446153110030955
14.613,1776414525.959000000,/odom_adapted.pose.pose.position.x,-0.446153110030955
14.651,1776414525.997000000,/odom_adapted.pose.pose.position.x,-0.446153110030955
14.653,1776414525.999000000,/odom_adapted.pose.pose.position.x,-0.446153110030955
14.685,1776414526.031000000,/odom_adapted.pose.pose.position.x,-0.446153110030955
14.691,1776414526.037000000,/odom_adapted.pose.pose.position.x,-0.446153110030955
14.718,1776414526.064000000,/odom_adapted.pose.pose.position.x,-0.446153110030955
14.727,1776414526.073000000,/odom_adapted.pose.pose.position.x,-0.446153110030955
14.756,1776414526.102000000,/odom_adapted.pose.pose.position.x,-0.446153110030955
14.788,1776414526.134000000,/odom_adapted.pose.pose.position.x,-0.446153110030955
14.818,1776414526.164000000,/odom_adapted.pose.pose.position.x,-0.446153110030955
14.822,1776414526.168000000,/odom_adapted.pose.pose.position.x,-0.446153110030955
14.851,1776414526.197000000,/odom_adapted.pose.pose.position.x,-0.446153110030955
14.881,1776414526.227000000,/odom_adapted.pose.pose.position.x,-0.446153110030955
14.882,1776414526.228000000,/odom_adapted.pose.pose.position.x,-0.446153110030955
14.916,1776414526.262000000,/odom_adapted.pose.pose.position.x,-0.446153110030955
14.916,1776414526.262000000,/odom_adapted.pose.pose.position.x,-0.446153110030955
14.927,1776414526.273000000,/odom_adapted.pose.pose.position.x,-0.446153110030955
14.948,1776414526.294000000,/odom_adapted.pose.pose.position.x,-0.446153110030955
14.981,1776414526.327000000,/odom_adapted.pose.pose.position.x,-0.446153110030955
15.013,1776414526.359000000,/odom_adapted.pose.pose.position.x,-0.446153110030955
15.025,1776414526.371000000,/odom_adapted.pose.pose.position.x,-0.446153110030955
15.047,1776414526.393000000,/odom_adapted.pose.pose.position.x,-0.446153110030955
15.049,1776414526.395000000,/odom_adapted.pose.pose.position.x,-0.446153110030955
15.083,1776414526.429000000,/odom_adapted.pose.pose.position.x,-0.446153110030955
15.111,1776414526.457000000,/odom_adapted.pose.pose.position.x,-0.446153110030955
15.128,1776414526.474000000,/odom_adapted.pose.pose.position.x,-0.446153110030955
15.163,1776414526.509000000,/odom_adapted.pose.pose.position.x,-0.446153110030955
15.194,1776414526.540000000,/odom_adapted.pose.pose.position.x,-0.446153110030955
15.213,1776414526.559000000,/odom_adapted.pose.pose.position.x,-0.446153110030955
15.213,1776414526.559000000,/odom_adapted.pose.pose.position.x,-0.446153110030955
15.239,1776414526.585000000,/odom_adapted.pose.pose.position.x,-0.446153110030955
15.255,1776414526.601000000,/odom_adapted.pose.pose.position.x,-0.446153110030955
15.257,1776414526.603000000,/odom_adapted.pose.pose.position.x,-0.446153110030955
15.291,1776414526.637000000,/odom_adapted.pose.pose.position.x,-0.446153110030955
15.293,1776414526.639000000,/odom_adapted.pose.pose.position.x,-0.446153110030955
15.327,1776414526.673000000,/odom_adapted.pose.pose.position.x,-0.446153110030955
15.332,1776414526.678000000,/odom_adapted.pose.pose.position.x,-0.446153110030955
15.362,1776414526.708000000,/odom_adapted.pose.pose.position.x,-0.446153110030955
15.364,1776414526.710000000,/odom_adapted.pose.pose.position.x,-0.446153110030955
15.398,1776414526.744000000,/odom_adapted.pose.pose.position.x,-0.446153110030955
15.42,1776414526.766000000,/odom_adapted.pose.pose.position.x,-0.446153110030955
15.427,1776414526.773000000,/odom_adapted.pose.pose.position.x,-0.446153110030955
15.45,1776414526.796000000,/odom_adapted.pose.pose.position.x,-0.446153110030955
15.485,1776414526.831000000,/odom_adapted.pose.pose.position.x,-0.446153110030955
15.495,1776414526.841000000,/odom_adapted.pose.pose.position.x,-0.446153110030955
15.517,1776414526.863000000,/odom_adapted.pose.pose.position.x,-0.446153110030955
15.527,1776414526.873000000,/odom_adapted.pose.pose.position.x,-0.446153110030955
15.556000000000001,1776414526.902000000,/odom_adapted.pose.pose.position.x,-0.446153110030955
15.581,1776414526.927000000,/odom_adapted.pose.pose.position.x,-0.446153110030955
15.592,1776414526.938000000,/odom_adapted.pose.pose.position.x,-0.446153110030955
15.616,1776414526.962000000,/odom_adapted.pose.pose.position.x,-0.446153110030955
15.627,1776414526.973000000,/odom_adapted.pose.pose.position.x,-0.446153110030955
15.654,1776414527.000000000,/odom_adapted.pose.pose.position.x,-0.446153110030955
15.683,1776414527.029000000,/odom_adapted.pose.pose.position.x,-0.446153110030955
15.693,1776414527.039000000,/odom_adapted.pose.pose.position.x,-0.446153110030955
15.717,1776414527.063000000,/odom_adapted.pose.pose.position.x,-0.446153110030955
15.746,1776414527.092000000,/odom_adapted.pose.pose.position.x,-0.446153110030955
15.75,1776414527.096000000,/odom_adapted.pose.pose.position.x,-0.44591346761239903
15.782,1776414527.128000000,/odom_adapted.pose.pose.position.x,-0.44567337889130815
15.784,1776414527.130000000,/odom_adapted.pose.pose.position.x,-0.4455654304542027
15.818,1776414527.164000000,/odom_adapted.pose.pose.position.x,-0.44545767541788994
15.854,1776414527.200000000,/odom_adapted.pose.pose.position.x,-0.4453462838692977
15.855,1776414527.201000000,/odom_adapted.pose.pose.position.x,-0.44524014217612146
15.869,1776414527.215000000,/odom_adapted.pose.pose.position.x,-0.44524014217612146
15.901,1776414527.247000000,/odom_adapted.pose.pose.position.x,-0.44524014217612146
15.923,1776414527.269000000,/odom_adapted.pose.pose.position.x,-0.44524014217612146
15.925,1776414527.271000000,/odom_adapted.pose.pose.position.x,-0.44524014217612146
15.952,1776414527.298000000,/odom_adapted.pose.pose.position.x,-0.44524014217612146
15.982,1776414527.328000000,/odom_adapted.pose.pose.position.x,-0.44524014217612146
15.999,1776414527.345000000,/odom_adapted.pose.pose.position.x,-0.44524014217612146
16.02,1776414527.366000000,/odom_adapted.pose.pose.position.x,-0.44524014217612146
16.052,1776414527.398000000,/odom_adapted.pose.pose.position.x,-0.44524014217612146
16.053,1776414527.399000000,/odom_adapted.pose.pose.position.x,-0.44524014217612146
16.086,1776414527.432000000,/odom_adapted.pose.pose.position.x,-0.44524014217612146
16.088,1776414527.434000000,/odom_adapted.pose.pose.position.x,-0.44524014217612146
16.116,1776414527.462000000,/odom_adapted.pose.pose.position.x,-0.44524014217612146
16.127,1776414527.473000000,/odom_adapted.pose.pose.position.x,-0.4453322478040247
16.151,1776414527.497000000,/odom_adapted.pose.pose.position.x,-0.44542228757928165
16.165,1776414527.511000000,/odom_adapted.pose.pose.position.x,-0.44540471200696374
16.188,1776414527.534000000,/odom_adapted.pose.pose.position.x,-0.4453877230495628
16.225,1776414527.571000000,/odom_adapted.pose.pose.position.x,-0.4453714314222423
16.235,1776414527.581000000,/odom_adapted.pose.pose.position.x,-0.44511885781468963
16.257,1776414527.603000000,/odom_adapted.pose.pose.position.x,-0.4448718098019685
16.266,1776414527.612000000,/odom_adapted.pose.pose.position.x,-0.4445100867551229
16.299,1776414527.645000000,/odom_adapted.pose.pose.position.x,-0.44414997258508604
16.326,1776414527.672000000,/odom_adapted.pose.pose.position.x,-0.44379481451229374
16.352,1776414527.698000000,/odom_adapted.pose.pose.position.x,-0.443438399634338
16.358,1776414527.704000000,/odom_adapted.pose.pose.position.x,-0.4432070117425223
16.385,1776414527.731000000,/odom_adapted.pose.pose.position.x,-0.4429762336021562
16.414,1776414527.760000000,/odom_adapted.pose.pose.position.x,-0.44274799017901073
16.415,1776414527.761000000,/odom_adapted.pose.pose.position.x,-0.4425191275230875
16.426,1776414527.772000000,/odom_adapted.pose.pose.position.x,-0.44229164508478375
16.447,1776414527.793000000,/odom_adapted.pose.pose.position.x,-0.442062555420603
16.484,1776414527.830000000,/odom_adapted.pose.pose.position.x,-0.4416062453006398
16.517,1776414527.863000000,/odom_adapted.pose.pose.position.x,-0.44115012316161106
16.518,1776414527.864000000,/odom_adapted.pose.pose.position.x,-0.44069526108453544
16.547,1776414527.893000000,/odom_adapted.pose.pose.position.x,-0.4402551641174981
16.548000000000002,1776414527.894000000,/odom_adapted.pose.pose.position.x,-0.4398088775142384
16.582,1776414527.928000000,/odom_adapted.pose.pose.position.x,-0.439462713064694
16.599,1776414527.945000000,/odom_adapted.pose.pose.position.x,-0.43912389323231704
16.62,1776414527.966000000,/odom_adapted.pose.pose.position.x,-0.4387825681133394
16.637,1776414527.983000000,/odom_adapted.pose.pose.position.x,-0.4384450746119219
16.665,1776414528.011000000,/odom_adapted.pose.pose.position.x,-0.43810106869006493
16.668,1776414528.014000000,/odom_adapted.pose.pose.position.x,-0.4377602707202668
16.691,1776414528.037000000,/odom_adapted.pose.pose.position.x,-0.4374312214947862
16.722,1776414528.068000000,/odom_adapted.pose.pose.position.x,-0.4370957563295424
16.731,1776414528.077000000,/odom_adapted.pose.pose.position.x,-0.4368804094708694
16.757,1776414528.103000000,/odom_adapted.pose.pose.position.x,-0.43666194259981794
16.79,1776414528.136000000,/odom_adapted.pose.pose.position.x,-0.4366671543687649
16.791,1776414528.137000000,/odom_adapted.pose.pose.position.x,-0.436672869425922
16.823,1776414528.169000000,/odom_adapted.pose.pose.position.x,-0.4365821420862646
16.854,1776414528.200000000,/odom_adapted.pose.pose.position.x,-0.4364934421375107
16.854,1776414528.200000000,/odom_adapted.pose.pose.position.x,-0.4366060295116267
16.892,1776414528.238000000,/odom_adapted.pose.pose.position.x,-0.4367195597081566
16.895,1776414528.241000000,/odom_adapted.pose.pose.position.x,-0.4367383145529752
16.924,1776414528.270000000,/odom_adapted.pose.pose.position.x,-0.4367595913474071
16.928,1776414528.274000000,/odom_adapted.pose.pose.position.x,-0.4368877172655426
16.961,1776414528.307000000,/odom_adapted.pose.pose.position.x,-0.4370215768034951
16.992,1776414528.338000000,/odom_adapted.pose.pose.position.x,-0.43715702762595277
16.993,1776414528.339000000,/odom_adapted.pose.pose.position.x,-0.4374231339575957
17.023,1776414528.369000000,/odom_adapted.pose.pose.position.x,-0.4377001743505287
17.031,1776414528.377000000,/odom_adapted.pose.pose.position.x,-0.4378471024958189
17.059,1776414528.405000000,/odom_adapted.pose.pose.position.x,-0.4381122701818439
17.069,1776414528.415000000,/odom_adapted.pose.pose.position.x,-0.4383649890894032
17.094,1776414528.440000000,/odom_adapted.pose.pose.position.x,-0.43884596751134824
17.125,1776414528.471000000,/odom_adapted.pose.pose.position.x,-0.439327543304433
17.13,1776414528.476000000,/odom_adapted.pose.pose.position.x,-0.43972649600209085
17.161,1776414528.507000000,/odom_adapted.pose.pose.position.x,-0.44013067291180935
17.186,1776414528.532000000,/odom_adapted.pose.pose.position.x,-0.4405367840137236
17.221,1776414528.567000000,/odom_adapted.pose.pose.position.x,-0.4409513369439569
17.222,1776414528.568000000,/odom_adapted.pose.pose.position.x,-0.4414428813008212
17.229,1776414528.575000000,/odom_adapted.pose.pose.position.x,-0.4419325251259269
17.256,1776414528.602000000,/odom_adapted.pose.pose.position.x,-0.4423505645219864
17.289,1776414528.635000000,/odom_adapted.pose.pose.position.x,-0.4427747047623865
17.299,1776414528.645000000,/odom_adapted.pose.pose.position.x,-0.44319209687343997
17.304,1776414528.650000000,/odom_adapted.pose.pose.position.x,-0.4435205254571317
17.331,1776414528.677000000,/odom_adapted.pose.pose.position.x,-0.4438509401054066
17.358,1776414528.704000000,/odom_adapted.pose.pose.position.x,-0.4441890677497815
17.387,1776414528.733000000,/odom_adapted.pose.pose.position.x,-0.444533529285367
17.388,1776414528.734000000,/odom_adapted.pose.pose.position.x,-0.4448798262237637
17.428,1776414528.774000000,/odom_adapted.pose.pose.position.x,-0.44522443436853304
17.433,1776414528.779000000,/odom_adapted.pose.pose.position.x,-0.4455774028352395
17.46,1776414528.806000000,/odom_adapted.pose.pose.position.x,-0.4459360749865575
17.492,1776414528.838000000,/odom_adapted.pose.pose.position.x,-0.4462995001172602
17.493,1776414528.839000000,/odom_adapted.pose.pose.position.x,-0.4466938874792606
17.527,1776414528.873000000,/odom_adapted.pose.pose.position.x,-0.447035827116812
17.558,1776414528.904000000,/odom_adapted.pose.pose.position.x,-0.4474107445884343
17.561,1776414528.907000000,/odom_adapted.pose.pose.position.x,-0.44770409173162967
17.593,1776414528.939000000,/odom_adapted.pose.pose.position.x,-0.4480035493659597
17.599,1776414528.945000000,/odom_adapted.pose.pose.position.x,-0.4482614235552715
17.624,1776414528.970000000,/odom_adapted.pose.pose.position.x,-0.4484853696020365
17.651,1776414528.997000000,/odom_adapted.pose.pose.position.x,-0.4487287523497035
17.652,1776414528.998000000,/odom_adapted.pose.pose.position.x,-0.44898960633851787
17.684,1776414529.030000000,/odom_adapted.pose.pose.position.x,-0.4495526840476339
17.718,1776414529.064000000,/odom_adapted.pose.pose.position.x,-0.45013686270962155
17.72,1776414529.066000000,/odom_adapted.pose.pose.position.x,-0.4505388866983953
17.756,1776414529.102000000,/odom_adapted.pose.pose.position.x,-0.45096248930758925
17.757,1776414529.103000000,/odom_adapted.pose.pose.position.x,-0.451209358820253
17.787,1776414529.133000000,/odom_adapted.pose.pose.position.x,-0.4514695461834873
17.799,1776414529.145000000,/odom_adapted.pose.pose.position.x,-0.4518367909942303
17.823,1776414529.169000000,/odom_adapted.pose.pose.position.x,-0.4522133556623573
17.826,1776414529.172000000,/odom_adapted.pose.pose.position.x,-0.45259472684599894
17.857,1776414529.203000000,/odom_adapted.pose.pose.position.x,-0.4532100504603265
17.868,1776414529.214000000,/odom_adapted.pose.pose.position.x,-0.4538258133005499
17.892,1776414529.238000000,/odom_adapted.pose.pose.position.x,-0.4543161045894437
17.921,1776414529.267000000,/odom_adapted.pose.pose.position.x,-0.4548211590049459
17.959,1776414529.305000000,/odom_adapted.pose.pose.position.x,-0.4551944054310074
17.962,1776414529.308000000,/odom_adapted.pose.pose.position.x,-0.4555770231997012
17.987000000000002,1776414529.333000000,/odom_adapted.pose.pose.position.x,-0.4559685711600965
17.988,1776414529.334000000,/odom_adapted.pose.pose.position.x,-0.45649283652359596
18.019,1776414529.365000000,/odom_adapted.pose.pose.position.x,-0.45698033144100214
18.032,1776414529.378000000,/odom_adapted.pose.pose.position.x,-0.4573105534426395
18.051,1776414529.397000000,/odom_adapted.pose.pose.position.x,-0.4576598097923068
18.087,1776414529.433000000,/odom_adapted.pose.pose.position.x,-0.4580633632707645
18.089,1776414529.435000000,/odom_adapted.pose.pose.position.x,-0.45850337793902685
18.12,1776414529.466000000,/odom_adapted.pose.pose.position.x,-0.45890103590017495
18.129,1776414529.475000000,/odom_adapted.pose.pose.position.x,-0.4595470062626746
18.157,1776414529.503000000,/odom_adapted.pose.pose.position.x,-0.46020610535120793
18.165,1776414529.511000000,/odom_adapted.pose.pose.position.x,-0.46083142728448095
18.188,1776414529.534000000,/odom_adapted.pose.pose.position.x,-0.4614646455629177
18.222,1776414529.568000000,/odom_adapted.pose.pose.position.x,-0.46195164780889664
18.233,1776414529.579000000,/odom_adapted.pose.pose.position.x,-0.46294732344943934
18.258,1776414529.604000000,/odom_adapted.pose.pose.position.x,-0.46395711834564796
18.287,1776414529.633000000,/odom_adapted.pose.pose.position.x,-0.46497472018474467
18.299,1776414529.645000000,/odom_adapted.pose.pose.position.x,-0.4656740988357865
18.322,1776414529.668000000,/odom_adapted.pose.pose.position.x,-0.4663892801914138
18.332,1776414529.678000000,/odom_adapted.pose.pose.position.x,-0.46707800333223315
18.356,1776414529.702000000,/odom_adapted.pose.pose.position.x,-0.46777953834492325
18.393,1776414529.739000000,/odom_adapted.pose.pose.position.x,-0.46865301488869743
18.393,1776414529.739000000,/odom_adapted.pose.pose.position.x,-0.4695330980810454
18.417,1776414529.763000000,/odom_adapted.pose.pose.position.x,-0.4702674218625661
18.454,1776414529.800000000,/odom_adapted.pose.pose.position.x,-0.47099151609783024
18.459,1776414529.805000000,/odom_adapted.pose.pose.position.x,-0.4719012635078167
18.49,1776414529.836000000,/odom_adapted.pose.pose.position.x,-0.47284199284455786
18.493,1776414529.839000000,/odom_adapted.pose.pose.position.x,-0.47375377182437267
18.525,1776414529.871000000,/odom_adapted.pose.pose.position.x,-0.47468302760157627
18.534,1776414529.880000000,/odom_adapted.pose.pose.position.x,-0.4756115328602124
18.555,1776414529.901000000,/odom_adapted.pose.pose.position.x,-0.4765415456006002
18.567,1776414529.913000000,/odom_adapted.pose.pose.position.x,-0.47767334316222676
18.596,1776414529.942000000,/odom_adapted.pose.pose.position.x,-0.4787795755876114
18.627,1776414529.973000000,/odom_adapted.pose.pose.position.x,-0.4796274048682702
18.629,1776414529.975000000,/odom_adapted.pose.pose.position.x,-0.4804353009820039
18.684,1776414530.030000000,/odom_adapted.pose.pose.position.x,-0.48128730929520114
18.685,1776414530.031000000,/odom_adapted.pose.pose.position.x,-0.4821533572126611
18.687,1776414530.033000000,/odom_adapted.pose.pose.position.x,-0.4830137566402482
18.721,1776414530.067000000,/odom_adapted.pose.pose.position.x,-0.4840424133573241
18.728,1776414530.074000000,/odom_adapted.pose.pose.position.x,-0.4850595183657814
18.759,1776414530.105000000,/odom_adapted.pose.pose.position.x,-0.4858131379572485
18.792,1776414530.138000000,/odom_adapted.pose.pose.position.x,-0.4865944485874153
18.792,1776414530.138000000,/odom_adapted.pose.pose.position.x,-0.48749779466277177
18.827,1776414530.173000000,/odom_adapted.pose.pose.position.x,-0.48855170725998176
18.829,1776414530.175000000,/odom_adapted.pose.pose.position.x,-0.4896127835357065
18.86,1776414530.206000000,/odom_adapted.pose.pose.position.x,-0.49060574298139303
18.89,1776414530.236000000,/odom_adapted.pose.pose.position.x,-0.491607465274261
18.895,1776414530.241000000,/odom_adapted.pose.pose.position.x,-0.49273645212511274
18.919,1776414530.265000000,/odom_adapted.pose.pose.position.x,-0.4938852367666592
18.936,1776414530.282000000,/odom_adapted.pose.pose.position.x,-0.4950413862859249
18.955,1776414530.301000000,/odom_adapted.pose.pose.position.x,-0.49591046956293916
18.97,1776414530.316000000,/odom_adapted.pose.pose.position.x,-0.4967856473245406
18.994,1776414530.340000000,/odom_adapted.pose.pose.position.x,-0.4978508530471332
19.02,1776414530.366000000,/odom_adapted.pose.pose.position.x,-0.49894231908640746
19.029,1776414530.375000000,/odom_adapted.pose.pose.position.x,-0.5001436583383205
19.055,1776414530.401000000,/odom_adapted.pose.pose.position.x,-0.5013578700214234
19.088,1776414530.434000000,/odom_adapted.pose.pose.position.x,-0.502323179392213
19.093,1776414530.439000000,/odom_adapted.pose.pose.position.x,-0.503293306973512
19.126,1776414530.472000000,/odom_adapted.pose.pose.position.x,-0.5043364931033478
19.134,1776414530.480000000,/odom_adapted.pose.pose.position.x,-0.5053825587186747
19.159,1776414530.505000000,/odom_adapted.pose.pose.position.x,-0.5056674422679526
19.19,1776414530.536000000,/odom_adapted.pose.pose.position.x,-0.5059577269212935
19.217,1776414530.563000000,/odom_adapted.pose.pose.position.x,-0.5059577269212935
19.218,1776414530.564000000,/odom_adapted.pose.pose.position.x,-0.5059577269212935
19.231,1776414530.577000000,/odom_adapted.pose.pose.position.x,-0.5059577269212935
19.259,1776414530.605000000,/odom_adapted.pose.pose.position.x,-0.5059577269212935
19.293,1776414530.639000000,/odom_adapted.pose.pose.position.x,-0.5059577269212935
19.295,1776414530.641000000,/odom_adapted.pose.pose.position.x,-0.5059577269212935
19.356,1776414530.702000000,/odom_adapted.pose.pose.position.x,-0.5059577269212935
19.356,1776414530.702000000,/odom_adapted.pose.pose.position.x,-0.5059577269212935
19.359,1776414530.705000000,/odom_adapted.pose.pose.position.x,-0.5059577269212935
19.401,1776414530.747000000,/odom_adapted.pose.pose.position.x,-0.5059577269212935
19.419,1776414530.765000000,/odom_adapted.pose.pose.position.x,-0.5059577269212935
19.421,1776414530.767000000,/odom_adapted.pose.pose.position.x,-0.5059577269212935
19.431,1776414530.777000000,/odom_adapted.pose.pose.position.x,-0.5059577269212935
19.464,1776414530.810000000,/odom_adapted.pose.pose.position.x,-0.5059577269212935
19.491,1776414530.837000000,/odom_adapted.pose.pose.position.x,-0.5059577269212935
19.493,1776414530.839000000,/odom_adapted.pose.pose.position.x,-0.5059577269212935
19.517,1776414530.863000000,/odom_adapted.pose.pose.position.x,-0.5059577269212935
19.556,1776414530.902000000,/odom_adapted.pose.pose.position.x,-0.5059577269212935
19.566,1776414530.912000000,/odom_adapted.pose.pose.position.x,-0.5059577269212935
19.622,1776414530.968000000,/odom_adapted.pose.pose.position.x,-0.5059577269212935
19.623,1776414530.969000000,/odom_adapted.pose.pose.position.x,-0.5059577269212935
19.623,1776414530.969000000,/odom_adapted.pose.pose.position.x,-0.5059577269212935
19.624,1776414530.970000000,/odom_adapted.pose.pose.position.x,-0.5059577269212935
19.653,1776414530.999000000,/odom_adapted.pose.pose.position.x,-0.5059577269212935
19.693,1776414531.039000000,/odom_adapted.pose.pose.position.x,-0.5059577269212935
19.696,1776414531.042000000,/odom_adapted.pose.pose.position.x,-0.5059577269212935
19.722,1776414531.068000000,/odom_adapted.pose.pose.position.x,-0.5059577269212935
19.753,1776414531.099000000,/odom_adapted.pose.pose.position.x,-0.5059577269212935
19.754,1776414531.100000000,/odom_adapted.pose.pose.position.x,-0.5059577269212935
19.765,1776414531.111000000,/odom_adapted.pose.pose.position.x,-0.5059577269212935
19.794,1776414531.140000000,/odom_adapted.pose.pose.position.x,-0.5059577269212935
19.821,1776414531.167000000,/odom_adapted.pose.pose.position.x,-0.5059577269212935
19.855,1776414531.201000000,/odom_adapted.pose.pose.position.x,-0.5059577269212935
19.856,1776414531.202000000,/odom_adapted.pose.pose.position.x,-0.5059577269212935
19.892,1776414531.238000000,/odom_adapted.pose.pose.position.x,-0.5059577269212935
19.895,1776414531.241000000,/odom_adapted.pose.pose.position.x,-0.5059577269212935
19.923000000000002,1776414531.269000000,/odom_adapted.pose.pose.position.x,-0.5059577269212935
19.929,1776414531.275000000,/odom_adapted.pose.pose.position.x,-0.5059577269212935
19.957,1776414531.303000000,/odom_adapted.pose.pose.position.x,-0.5059577269212935
19.994,1776414531.340000000,/odom_adapted.pose.pose.position.x,-0.5059577269212935
20.025,1776414531.371000000,/odom_adapted.pose.pose.position.x,-0.5059577269212935
20.026,1776414531.372000000,/odom_adapted.pose.pose.position.x,-0.5059577269212935
20.027,1776414531.373000000,/odom_adapted.pose.pose.position.x,-0.5059577269212935
20.058,1776414531.404000000,/odom_adapted.pose.pose.position.x,-0.5059577269212935
20.07,1776414531.416000000,/odom_adapted.pose.pose.position.x,-0.5059577269212935
20.101,1776414531.447000000,/odom_adapted.pose.pose.position.x,-0.5059577269212935
20.124,1776414531.470000000,/odom_adapted.pose.pose.position.x,-0.5059577269212935
20.156,1776414531.502000000,/odom_adapted.pose.pose.position.x,-0.5059577269212935
20.157,1776414531.503000000,/odom_adapted.pose.pose.position.x,-0.5059577269212935
20.195,1776414531.541000000,/odom_adapted.pose.pose.position.x,-0.5059577269212935
20.195,1776414531.541000000,/odom_adapted.pose.pose.position.x,-0.5059577269212935
20.252,1776414531.598000000,/odom_adapted.pose.pose.position.x,-0.5059577269212935
20.252,1776414531.598000000,/odom_adapted.pose.pose.position.x,-0.5059577269212935
20.256,1776414531.602000000,/odom_adapted.pose.pose.position.x,-0.5059577269212935
20.292,1776414531.638000000,/odom_adapted.pose.pose.position.x,-0.5059577269212935
20.292,1776414531.638000000,/odom_adapted.pose.pose.position.x,-0.5059577269212935
20.321,1776414531.667000000,/odom_adapted.pose.pose.position.x,-0.5059577269212935
20.326,1776414531.672000000,/odom_adapted.pose.pose.position.x,-0.5059577269212935
20.351,1776414531.697000000,/odom_adapted.pose.pose.position.x,-0.5059577269212935
20.385,1776414531.731000000,/odom_adapted.pose.pose.position.x,-0.5059577269212935
20.387,1776414531.733000000,/odom_adapted.pose.pose.position.x,-0.5059577269212935
20.425,1776414531.771000000,/odom_adapted.pose.pose.position.x,-0.5059577269212935
20.426,1776414531.772000000,/odom_adapted.pose.pose.position.x,-0.5059577269212935
20.453,1776414531.799000000,/odom_adapted.pose.pose.position.x,-0.5059577269212935
20.486,1776414531.832000000,/odom_adapted.pose.pose.position.x,-0.5059577269212935
20.488,1776414531.834000000,/odom_adapted.pose.pose.position.x,-0.5059577269212935
20.517,1776414531.863000000,/odom_adapted.pose.pose.position.x,-0.5059577269212935
20.53,1776414531.876000000,/odom_adapted.pose.pose.position.x,-0.5059577269212935
20.55,1776414531.896000000,/odom_adapted.pose.pose.position.x,-0.5059577269212935
20.584,1776414531.930000000,/odom_adapted.pose.pose.position.x,-0.5059577269212935
20.59,1776414531.936000000,/odom_adapted.pose.pose.position.x,-0.5059577269212935
20.625,1776414531.971000000,/odom_adapted.pose.pose.position.x,-0.5059577269212935
20.657,1776414532.003000000,/odom_adapted.pose.pose.position.x,-0.5059577269212935
20.658,1776414532.004000000,/odom_adapted.pose.pose.position.x,-0.5059577269212935
20.689,1776414532.035000000,/odom_adapted.pose.pose.position.x,-0.5059577269212935
20.692,1776414532.038000000,/odom_adapted.pose.pose.position.x,-0.5059577269212935
20.721,1776414532.067000000,/odom_adapted.pose.pose.position.x,-0.5059577269212935
20.753,1776414532.099000000,/odom_adapted.pose.pose.position.x,-0.5059577269212935
20.755,1776414532.101000000,/odom_adapted.pose.pose.position.x,-0.5059577269212935
20.789,1776414532.135000000,/odom_adapted.pose.pose.position.x,-0.5059577269212935
20.818,1776414532.164000000,/odom_adapted.pose.pose.position.x,-0.5059577269212935
20.819,1776414532.165000000,/odom_adapted.pose.pose.position.x,-0.5059577269212935
20.851,1776414532.197000000,/odom_adapted.pose.pose.position.x,-0.5059577269212935
20.852,1776414532.198000000,/odom_adapted.pose.pose.position.x,-0.5059577269212935
20.882,1776414532.228000000,/odom_adapted.pose.pose.position.x,-0.5059577269212935
20.916,1776414532.262000000,/odom_adapted.pose.pose.position.x,-0.5059577269212935
20.92,1776414532.266000000,/odom_adapted.pose.pose.position.x,-0.5059577269212935
20.929,1776414532.275000000,/odom_adapted.pose.pose.position.x,-0.5059577269212935
20.952,1776414532.298000000,/odom_adapted.pose.pose.position.x,-0.5059577269212935
20.984,1776414532.330000000,/odom_adapted.pose.pose.position.x,-0.5059577269212935
20.986,1776414532.332000000,/odom_adapted.pose.pose.position.x,-0.5059577269212935
21.021,1776414532.367000000,/odom_adapted.pose.pose.position.x,-0.5059577269212935
21.028,1776414532.374000000,/odom_adapted.pose.pose.position.x,-0.5059577269212935
21.05,1776414532.396000000,/odom_adapted.pose.pose.position.x,-0.5059577269212935
21.084,1776414532.430000000,/odom_adapted.pose.pose.position.x,-0.5059577269212935
21.088,1776414532.434000000,/odom_adapted.pose.pose.position.x,-0.5059577269212935
21.128,1776414532.474000000,/odom_adapted.pose.pose.position.x,-0.5059577269212935
21.153,1776414532.499000000,/odom_adapted.pose.pose.position.x,-0.5059577269212935
21.155,1776414532.501000000,/odom_adapted.pose.pose.position.x,-0.5059577269212935
21.184,1776414532.530000000,/odom_adapted.pose.pose.position.x,-0.5059577269212935
21.22,1776414532.566000000,/odom_adapted.pose.pose.position.x,-0.5059577269212935
21.221,1776414532.567000000,/odom_adapted.pose.pose.position.x,-0.5059577269212935
21.257,1776414532.603000000,/odom_adapted.pose.pose.position.x,-0.5059577269212935
21.257,1776414532.603000000,/odom_adapted.pose.pose.position.x,-0.5059577269212935
21.291,1776414532.637000000,/odom_adapted.pose.pose.position.x,-0.5059577269212935
21.291,1776414532.637000000,/odom_adapted.pose.pose.position.x,-0.5059577269212935
21.323,1776414532.669000000,/odom_adapted.pose.pose.position.x,-0.5059577269212935
21.329,1776414532.675000000,/odom_adapted.pose.pose.position.x,-0.5059577269212935
21.358,1776414532.704000000,/odom_adapted.pose.pose.position.x,-0.5059577269212935
21.385,1776414532.731000000,/odom_adapted.pose.pose.position.x,-0.5059577269212935
21.388,1776414532.734000000,/odom_adapted.pose.pose.position.x,-0.5059577269212935
21.419,1776414532.765000000,/odom_adapted.pose.pose.position.x,-0.5059577269212935
21.45,1776414532.796000000,/odom_adapted.pose.pose.position.x,-0.5059577269212935
21.452,1776414532.798000000,/odom_adapted.pose.pose.position.x,-0.5059577269212935
21.481,1776414532.827000000,/odom_adapted.pose.pose.position.x,-0.5059577269212935
21.49,1776414532.836000000,/odom_adapted.pose.pose.position.x,-0.5059577269212935
21.514,1776414532.860000000,/odom_adapted.pose.pose.position.x,-0.5059577269212935
21.552,1776414532.898000000,/odom_adapted.pose.pose.position.x,-0.5059577269212935
21.552,1776414532.898000000,/odom_adapted.pose.pose.position.x,-0.5059577269212935
21.59,1776414532.936000000,/odom_adapted.pose.pose.position.x,-0.5059577269212935
21.593,1776414532.939000000,/odom_adapted.pose.pose.position.x,-0.5059577269212935
21.622,1776414532.968000000,/odom_adapted.pose.pose.position.x,-0.5059577269212935
21.655,1776414533.001000000,/odom_adapted.pose.pose.position.x,-0.5059577269212935
21.655,1776414533.001000000,/odom_adapted.pose.pose.position.x,-0.5059577269212935
21.695,1776414533.041000000,/odom_adapted.pose.pose.position.x,-0.5059577269212935
21.721,1776414533.067000000,/odom_adapted.pose.pose.position.x,-0.5059577269212935
21.725,1776414533.071000000,/odom_adapted.pose.pose.position.x,-0.5059577269212935
21.727,1776414533.073000000,/odom_adapted.pose.pose.position.x,-0.5059577269212935
21.756,1776414533.102000000,/odom_adapted.pose.pose.position.x,-0.5059577269212935
21.785,1776414533.131000000,/odom_adapted.pose.pose.position.x,-0.5057522462972833
21.796,1776414533.142000000,/odom_adapted.pose.pose.position.x,-0.5055515523241462
21.816,1776414533.162000000,/odom_adapted.pose.pose.position.x,-0.5053515151485701
21.852,1776414533.198000000,/odom_adapted.pose.pose.position.x,-0.5051482795074732
21.853,1776414533.199000000,/odom_adapted.pose.pose.position.x,-0.5049471960243421
21.886,1776414533.232000000,/odom_adapted.pose.pose.position.x,-0.5048957296222316
21.887,1776414533.233000000,/odom_adapted.pose.pose.position.x,-0.5048957296222316
21.917,1776414533.263000000,/odom_adapted.pose.pose.position.x,-0.5048957296222316
21.929,1776414533.275000000,/odom_adapted.pose.pose.position.x,-0.5048957296222316
21.95,1776414533.296000000,/odom_adapted.pose.pose.position.x,-0.5048957296222316
21.983,1776414533.329000000,/odom_adapted.pose.pose.position.x,-0.5048957296222316
22.014,1776414533.360000000,/odom_adapted.pose.pose.position.x,-0.5048957296222316
22.021,1776414533.367000000,/odom_adapted.pose.pose.position.x,-0.5048957296222316
22.047,1776414533.393000000,/odom_adapted.pose.pose.position.x,-0.5048957296222316
22.048,1776414533.394000000,/odom_adapted.pose.pose.position.x,-0.5048957296222316
22.084,1776414533.430000000,/odom_adapted.pose.pose.position.x,-0.5048957296222316
22.115,1776414533.461000000,/odom_adapted.pose.pose.position.x,-0.5048957296222316
22.119,1776414533.465000000,/odom_adapted.pose.pose.position.x,-0.5048957296222316
22.149,1776414533.495000000,/odom_adapted.pose.pose.position.x,-0.5048957296222316
22.156,1776414533.502000000,/odom_adapted.pose.pose.position.x,-0.5048957296222316
22.187,1776414533.533000000,/odom_adapted.pose.pose.position.x,-0.5048957296222316
22.188,1776414533.534000000,/odom_adapted.pose.pose.position.x,-0.5048957296222316
22.224,1776414533.570000000,/odom_adapted.pose.pose.position.x,-0.5048957296222316
22.251,1776414533.597000000,/odom_adapted.pose.pose.position.x,-0.5048957296222316
22.253,1776414533.599000000,/odom_adapted.pose.pose.position.x,-0.5048957296222316
22.285,1776414533.631000000,/odom_adapted.pose.pose.position.x,-0.5048957296222316
22.29,1776414533.636000000,/odom_adapted.pose.pose.position.x,-0.5048957296222316
22.315,1776414533.661000000,/odom_adapted.pose.pose.position.x,-0.5048957296222316
22.389,1776414533.735000000,/odom_adapted.pose.pose.position.x,-0.5048957296222316
22.389,1776414533.735000000,/odom_adapted.pose.pose.position.x,-0.5048957296222316
22.407,1776414533.753000000,/odom_adapted.pose.pose.position.x,-0.5048957296222316
22.407,1776414533.753000000,/odom_adapted.pose.pose.position.x,-0.5048957296222316
22.447,1776414533.793000000,/odom_adapted.pose.pose.position.x,-0.5048957296222316
22.447,1776414533.793000000,/odom_adapted.pose.pose.position.x,-0.5048957296222316
22.462,1776414533.808000000,/odom_adapted.pose.pose.position.x,-0.5048957296222316
22.486,1776414533.832000000,/odom_adapted.pose.pose.position.x,-0.5048957296222316
22.5,1776414533.846000000,/odom_adapted.pose.pose.position.x,-0.5048957296222316
22.525,1776414533.871000000,/odom_adapted.pose.pose.position.x,-0.5048957296222316
22.559,1776414533.905000000,/odom_adapted.pose.pose.position.x,-0.5048957296222316
22.56,1776414533.906000000,/odom_adapted.pose.pose.position.x,-0.5048957296222316
22.565,1776414533.911000000,/odom_adapted.pose.pose.position.x,-0.5048957296222316
22.589,1776414533.935000000,/odom_adapted.pose.pose.position.x,-0.5048957296222316
22.607,1776414533.953000000,/odom_adapted.pose.pose.position.x,-0.5048957296222316
22.662,1776414534.008000000,/odom_adapted.pose.pose.position.x,-0.5048957296222316
22.663,1776414534.009000000,/odom_adapted.pose.pose.position.x,-0.5048957296222316
22.692,1776414534.038000000,/odom_adapted.pose.pose.position.x,-0.5048957296222316
22.701,1776414534.047000000,/odom_adapted.pose.pose.position.x,-0.5048957296222316
22.745,1776414534.091000000,/odom_adapted.pose.pose.position.x,-0.5048957296222316
22.746,1776414534.092000000,/odom_adapted.pose.pose.position.x,-0.5048957296222316
22.748,1776414534.094000000,/odom_adapted.pose.pose.position.x,-0.5048957296222316
22.784,1776414534.130000000,/odom_adapted.pose.pose.position.x,-0.5048957296222316
22.816,1776414534.162000000,/odom_adapted.pose.pose.position.x,-0.5048957296222316
22.848,1776414534.194000000,/odom_adapted.pose.pose.position.x,-0.5048957296222316
22.85,1776414534.196000000,/odom_adapted.pose.pose.position.x,-0.5048957296222316
22.85,1776414534.196000000,/odom_adapted.pose.pose.position.x,-0.5048957296222316
22.884,1776414534.230000000,/odom_adapted.pose.pose.position.x,-0.5048957296222316
22.915,1776414534.261000000,/odom_adapted.pose.pose.position.x,-0.5048957296222316
22.916,1776414534.262000000,/odom_adapted.pose.pose.position.x,-0.5048957296222316
22.929,1776414534.275000000,/odom_adapted.pose.pose.position.x,-0.5048957296222316
22.947,1776414534.293000000,/odom_adapted.pose.pose.position.x,-0.5048957296222316
22.984,1776414534.330000000,/odom_adapted.pose.pose.position.x,-0.5048957296222316
22.989,1776414534.335000000,/odom_adapted.pose.pose.position.x,-0.5048957296222316
23.015,1776414534.361000000,/odom_adapted.pose.pose.position.x,-0.5048957296222316
23.052,1776414534.398000000,/odom_adapted.pose.pose.position.x,-0.5048957296222316
23.052,1776414534.398000000,/odom_adapted.pose.pose.position.x,-0.5048957296222316
23.069,1776414534.415000000,/odom_adapted.pose.pose.position.x,-0.5048957296222316
23.119,1776414534.465000000,/odom_adapted.pose.pose.position.x,-0.5048957296222316
23.121,1776414534.467000000,/odom_adapted.pose.pose.position.x,-0.5048957296222316
23.154,1776414534.500000000,/odom_adapted.pose.pose.position.x,-0.5047832700771544
23.156,1776414534.502000000,/odom_adapted.pose.pose.position.x,-0.504671713090456
23.189,1776414534.535000000,/odom_adapted.pose.pose.position.x,-0.5044967224817087
23.191,1776414534.537000000,/odom_adapted.pose.pose.position.x,-0.5043293908900818
23.219,1776414534.565000000,/odom_adapted.pose.pose.position.x,-0.504110644246535
23.227,1776414534.573000000,/odom_adapted.pose.pose.position.x,-0.5038963225844216
23.262,1776414534.608000000,/odom_adapted.pose.pose.position.x,-0.5033743763953031
23.288,1776414534.634000000,/odom_adapted.pose.pose.position.x,-0.5028488383035059
23.293,1776414534.639000000,/odom_adapted.pose.pose.position.x,-0.5022434494278556
23.322,1776414534.668000000,/odom_adapted.pose.pose.position.x,-0.5016326734765806
23.328,1776414534.674000000,/odom_adapted.pose.pose.position.x,-0.5007341754768558
23.353,1776414534.699000000,/odom_adapted.pose.pose.position.x,-0.4998306878741163
23.381,1776414534.727000000,/odom_adapted.pose.pose.position.x,-0.4987700523140359
23.394,1776414534.740000000,/odom_adapted.pose.pose.position.x,-0.4977342251099489
23.416,1776414534.762000000,/odom_adapted.pose.pose.position.x,-0.4966010861781304
23.427,1776414534.773000000,/odom_adapted.pose.pose.position.x,-0.49548506033661704
23.451,1776414534.797000000,/odom_adapted.pose.pose.position.x,-0.49420659632896724
23.485,1776414534.831000000,/odom_adapted.pose.pose.position.x,-0.49292928153747007
23.489,1776414534.835000000,/odom_adapted.pose.pose.position.x,-0.4919032791729854
23.522,1776414534.868000000,/odom_adapted.pose.pose.position.x,-0.4908808008657804
23.528,1776414534.874000000,/odom_adapted.pose.pose.position.x,-0.4898853320776946
23.556,1776414534.902000000,/odom_adapted.pose.pose.position.x,-0.48861312450683553
23.581,1776414534.927000000,/odom_adapted.pose.pose.position.x,-0.4873487319586044
23.588,1776414534.934000000,/odom_adapted.pose.pose.position.x,-0.48622824742503795
23.615,1776414534.961000000,/odom_adapted.pose.pose.position.x,-0.48528407394062995
23.651,1776414534.997000000,/odom_adapted.pose.pose.position.x,-0.4843568441827808
23.651,1776414534.997000000,/odom_adapted.pose.pose.position.x,-0.48345978751427887
23.685,1776414535.031000000,/odom_adapted.pose.pose.position.x,-0.4825711313294249
23.689,1776414535.035000000,/odom_adapted.pose.pose.position.x,-0.4818555224645842
23.716,1776414535.062000000,/odom_adapted.pose.pose.position.x,-0.4811552293204468
23.728,1776414535.074000000,/odom_adapted.pose.pose.position.x,-0.48015321171143366
23.754,1776414535.100000000,/odom_adapted.pose.pose.position.x,-0.47915606944875644
23.787,1776414535.133000000,/odom_adapted.pose.pose.position.x,-0.4783265305419809
23.789,1776414535.135000000,/odom_adapted.pose.pose.position.x,-0.4775210488329116
23.819,1776414535.165000000,/odom_adapted.pose.pose.position.x,-0.47672365974954756
23.85,1776414535.196000000,/odom_adapted.pose.pose.position.x,-0.47594128173332817
23.85,1776414535.196000000,/odom_adapted.pose.pose.position.x,-0.4751636506751364
23.888,1776414535.234000000,/odom_adapted.pose.pose.position.x,-0.47424389015100593
23.889,1776414535.235000000,/odom_adapted.pose.pose.position.x,-0.4733511893865873
23.928,1776414535.274000000,/odom_adapted.pose.pose.position.x,-0.4724662781388148
23.957,1776414535.303000000,/odom_adapted.pose.pose.position.x,-0.47159723535117704
23.957,1776414535.303000000,/odom_adapted.pose.pose.position.x,-0.47073825637117017
23.991,1776414535.337000000,/odom_adapted.pose.pose.position.x,-0.4698877560454663
23.992,1776414535.338000000,/odom_adapted.pose.pose.position.x,-0.46906120834882803
24.023,1776414535.369000000,/odom_adapted.pose.pose.position.x,-0.46823550393277324
24.057,1776414535.403000000,/odom_adapted.pose.pose.position.x,-0.46759312531213876
24.059,1776414535.405000000,/odom_adapted.pose.pose.position.x,-0.46696049117636584
24.092,1776414535.438000000,/odom_adapted.pose.pose.position.x,-0.46617333431560093
24.092,1776414535.438000000,/odom_adapted.pose.pose.position.x,-0.4654084395333366
24.116,1776414535.462000000,/odom_adapted.pose.pose.position.x,-0.46481604719465025
24.151,1776414535.497000000,/odom_adapted.pose.pose.position.x,-0.4642443664566657
24.153,1776414535.499000000,/odom_adapted.pose.pose.position.x,-0.46353527142100187
24.18,1776414535.526000000,/odom_adapted.pose.pose.position.x,-0.4628378136544683
24.197,1776414535.543000000,/odom_adapted.pose.pose.position.x,-0.4621972680551514
24.225,1776414535.571000000,/odom_adapted.pose.pose.position.x,-0.4615566333914919
24.227,1776414535.573000000,/odom_adapted.pose.pose.position.x,-0.4612772816573188
24.261,1776414535.607000000,/odom_adapted.pose.pose.position.x,-0.46101919164523786
24.285,1776414535.631000000,/odom_adapted.pose.pose.position.x,-0.4606628237874391
24.294,1776414535.640000000,/odom_adapted.pose.pose.position.x,-0.46032068363333384
24.319,1776414535.665000000,/odom_adapted.pose.pose.position.x,-0.4599695171942161
24.35,1776414535.696000000,/odom_adapted.pose.pose.position.x,-0.4596217482583165
24.355,1776414535.701000000,/odom_adapted.pose.pose.position.x,-0.45935815446897477
24.383,1776414535.729000000,/odom_adapted.pose.pose.position.x,-0.4591155721662683
24.396,1776414535.742000000,/odom_adapted.pose.pose.position.x,-0.45887885755569263
24.415,1776414535.761000000,/odom_adapted.pose.pose.position.x,-0.4587049773466429
24.427,1776414535.773000000,/odom_adapted.pose.pose.position.x,-0.4585347775484686
24.451,1776414535.797000000,/odom_adapted.pose.pose.position.x,-0.4582418388822742
24.481,1776414535.827000000,/odom_adapted.pose.pose.position.x,-0.4579684999667844
24.514,1776414535.860000000,/odom_adapted.pose.pose.position.x,-0.4577986900457491
24.514,1776414535.860000000,/odom_adapted.pose.pose.position.x,-0.4575527498453112
24.527,1776414535.873000000,/odom_adapted.pose.pose.position.x,-0.45731378384967875
24.59,1776414535.936000000,/odom_adapted.pose.pose.position.x,-0.457107252971809
24.591,1776414535.937000000,/odom_adapted.pose.pose.position.x,-0.4569342203378015
24.592,1776414535.938000000,/odom_adapted.pose.pose.position.x,-0.4567987673290831
24.622,1776414535.968000000,/odom_adapted.pose.pose.position.x,-0.4567002103888134
24.627,1776414535.973000000,/odom_adapted.pose.pose.position.x,-0.45660137587059824
24.649,1776414535.995000000,/odom_adapted.pose.pose.position.x,-0.4565467107498865
24.685,1776414536.031000000,/odom_adapted.pose.pose.position.x,-0.4565364416762642
24.687,1776414536.033000000,/odom_adapted.pose.pose.position.x,-0.45657073839263185
24.719,1776414536.065000000,/odom_adapted.pose.pose.position.x,-0.4566495013202494
24.728,1776414536.074000000,/odom_adapted.pose.pose.position.x,-0.45677210170010124
24.755,1776414536.101000000,/odom_adapted.pose.pose.position.x,-0.4569407024274653
24.784,1776414536.130000000,/odom_adapted.pose.pose.position.x,-0.45703151961229194
24.817,1776414536.163000000,/odom_adapted.pose.pose.position.x,-0.45729028056569
24.818,1776414536.164000000,/odom_adapted.pose.pose.position.x,-0.4575908930563143
24.854,1776414536.200000000,/odom_adapted.pose.pose.position.x,-0.4579349986110701
24.855,1776414536.201000000,/odom_adapted.pose.pose.position.x,-0.45821753471498317
24.885,1776414536.231000000,/odom_adapted.pose.pose.position.x,-0.45854562133034654
24.895,1776414536.241000000,/odom_adapted.pose.pose.position.x,-0.45889344058296805
24.914,1776414536.260000000,/odom_adapted.pose.pose.position.x,-0.459280700952074
24.93,1776414536.276000000,/odom_adapted.pose.pose.position.x,-0.4595896189078447
24.959,1776414536.305000000,/odom_adapted.pose.pose.position.x,-0.4599318243812962
24.985,1776414536.331000000,/odom_adapted.pose.pose.position.x,-0.4604358767926036
24.987000000000002,1776414536.333000000,/odom_adapted.pose.pose.position.x,-0.4609984107177448
25.023,1776414536.369000000,/odom_adapted.pose.pose.position.x,-0.4614884748316109
25.049,1776414536.395000000,/odom_adapted.pose.pose.position.x,-0.4620304112604096
25.055,1776414536.401000000,/odom_adapted.pose.pose.position.x,-0.46267455860662193
25.085,1776414536.431000000,/odom_adapted.pose.pose.position.x,-0.4633606733237645
25.095,1776414536.441000000,/odom_adapted.pose.pose.position.x,-0.46393942737416677
25.124,1776414536.470000000,/odom_adapted.pose.pose.position.x,-0.4645569072341062
25.152,1776414536.498000000,/odom_adapted.pose.pose.position.x,-0.4653422659449285
25.155,1776414536.501000000,/odom_adapted.pose.pose.position.x,-0.46638888237423304
25.183,1776414536.529000000,/odom_adapted.pose.pose.position.x,-0.4668935118990931
25.221,1776414536.567000000,/odom_adapted.pose.pose.position.x,-0.4676078850016557
25.222,1776414536.568000000,/odom_adapted.pose.pose.position.x,-0.46834729953695253
25.256,1776414536.602000000,/odom_adapted.pose.pose.position.x,-0.4691287476295259
25.257,1776414536.603000000,/odom_adapted.pose.pose.position.x,-0.4699487913188791
25.282,1776414536.628000000,/odom_adapted.pose.pose.position.x,-0.47084085078632215
25.314,1776414536.660000000,/odom_adapted.pose.pose.position.x,-0.4717632654399623
25.32,1776414536.666000000,/odom_adapted.pose.pose.position.x,-0.4726833122322425
25.33,1776414536.676000000,/odom_adapted.pose.pose.position.x,-0.4736370441530846
25.35,1776414536.696000000,/odom_adapted.pose.pose.position.x,-0.47446206819268716
25.384,1776414536.730000000,/odom_adapted.pose.pose.position.x,-0.4753491713541174
25.416,1776414536.762000000,/odom_adapted.pose.pose.position.x,-0.47637468209933853
25.425,1776414536.771000000,/odom_adapted.pose.pose.position.x,-0.4770376569090509
25.428,1776414536.774000000,/odom_adapted.pose.pose.position.x,-0.4778055466372346
25.449,1776414536.795000000,/odom_adapted.pose.pose.position.x,-0.4786087293877378
25.495,1776414536.841000000,/odom_adapted.pose.pose.position.x,-0.47918868417293525
25.514,1776414536.860000000,/odom_adapted.pose.pose.position.x,-0.47976604419933744
25.516,1776414536.862000000,/odom_adapted.pose.pose.position.x,-0.47976604419933744
25.528,1776414536.874000000,/odom_adapted.pose.pose.position.x,-0.47976604419933744
25.552,1776414536.898000000,/odom_adapted.pose.pose.position.x,-0.47976604419933744
25.584,1776414536.930000000,/odom_adapted.pose.pose.position.x,-0.47976604419933744
25.617,1776414536.963000000,/odom_adapted.pose.pose.position.x,-0.47976604419933744
25.618,1776414536.964000000,/odom_adapted.pose.pose.position.x,-0.47976604419933744
25.648,1776414536.994000000,/odom_adapted.pose.pose.position.x,-0.47976604419933744
25.65,1776414536.996000000,/odom_adapted.pose.pose.position.x,-0.47976604419933744
25.681,1776414537.027000000,/odom_adapted.pose.pose.position.x,-0.47976604419933744
25.717,1776414537.063000000,/odom_adapted.pose.pose.position.x,-0.47976604419933744
25.723,1776414537.069000000,/odom_adapted.pose.pose.position.x,-0.47976604419933744
25.749,1776414537.095000000,/odom_adapted.pose.pose.position.x,-0.47976604419933744
25.75,1776414537.096000000,/odom_adapted.pose.pose.position.x,-0.47976604419933744
25.781,1776414537.127000000,/odom_adapted.pose.pose.position.x,-0.47976604419933744
25.816,1776414537.162000000,/odom_adapted.pose.pose.position.x,-0.47976604419933744
25.821,1776414537.167000000,/odom_adapted.pose.pose.position.x,-0.47976604419933744
25.847,1776414537.193000000,/odom_adapted.pose.pose.position.x,-0.47976604419933744
25.852,1776414537.198000000,/odom_adapted.pose.pose.position.x,-0.47976604419933744
25.883,1776414537.229000000,/odom_adapted.pose.pose.position.x,-0.47976604419933744
25.885,1776414537.231000000,/odom_adapted.pose.pose.position.x,-0.47976604419933744
25.917,1776414537.263000000,/odom_adapted.pose.pose.position.x,-0.47976604419933744
25.952,1776414537.298000000,/odom_adapted.pose.pose.position.x,-0.47976604419933744
25.952,1776414537.298000000,/odom_adapted.pose.pose.position.x,-0.47976604419933744
25.984,1776414537.330000000,/odom_adapted.pose.pose.position.x,-0.47976604419933744
26.015,1776414537.361000000,/odom_adapted.pose.pose.position.x,-0.47976604419933744
26.021,1776414537.367000000,/odom_adapted.pose.pose.position.x,-0.47976604419933744
26.05,1776414537.396000000,/odom_adapted.pose.pose.position.x,-0.47976604419933744
26.059,1776414537.405000000,/odom_adapted.pose.pose.position.x,-0.47976604419933744
26.088,1776414537.434000000,/odom_adapted.pose.pose.position.x,-0.47976604419933744
26.114,1776414537.460000000,/odom_adapted.pose.pose.position.x,-0.47976604419933744
26.12,1776414537.466000000,/odom_adapted.pose.pose.position.x,-0.47976604419933744
26.127,1776414537.473000000,/odom_adapted.pose.pose.position.x,-0.47976604419933744
26.154,1776414537.500000000,/odom_adapted.pose.pose.position.x,-0.47976604419933744
26.184,1776414537.530000000,/odom_adapted.pose.pose.position.x,-0.47976604419933744
26.218,1776414537.564000000,/odom_adapted.pose.pose.position.x,-0.47976604419933744
26.218,1776414537.564000000,/odom_adapted.pose.pose.position.x,-0.47976604419933744
26.226,1776414537.572000000,/odom_adapted.pose.pose.position.x,-0.47976604419933744
26.259,1776414537.605000000,/odom_adapted.pose.pose.position.x,-0.47976604419933744
26.288,1776414537.634000000,/odom_adapted.pose.pose.position.x,-0.47976604419933744
26.29,1776414537.636000000,/odom_adapted.pose.pose.position.x,-0.47976604419933744
26.322,1776414537.668000000,/odom_adapted.pose.pose.position.x,-0.47976604419933744
26.326,1776414537.672000000,/odom_adapted.pose.pose.position.x,-0.47976604419933744
26.364,1776414537.710000000,/odom_adapted.pose.pose.position.x,-0.47976604419933744
26.393,1776414537.739000000,/odom_adapted.pose.pose.position.x,-0.47976604419933744
26.393,1776414537.739000000,/odom_adapted.pose.pose.position.x,-0.47976604419933744
26.425,1776414537.771000000,/odom_adapted.pose.pose.position.x,-0.47976604419933744
26.429,1776414537.775000000,/odom_adapted.pose.pose.position.x,-0.47976604419933744
26.46,1776414537.806000000,/odom_adapted.pose.pose.position.x,-0.47976604419933744
26.493,1776414537.839000000,/odom_adapted.pose.pose.position.x,-0.47976604419933744
26.518,1776414537.864000000,/odom_adapted.pose.pose.position.x,-0.47991064271362416
26.52,1776414537.866000000,/odom_adapted.pose.pose.position.x,-0.4800547986877644
26.527,1776414537.873000000,/odom_adapted.pose.pose.position.x,-0.48065033393691514
26.556,1776414537.902000000,/odom_adapted.pose.pose.position.x,-0.48124923628135247
26.593,1776414537.939000000,/odom_adapted.pose.pose.position.x,-0.4826405771895158
26.616,1776414537.962000000,/odom_adapted.pose.pose.position.x,-0.48404083182163904
26.619,1776414537.965000000,/odom_adapted.pose.pose.position.x,-0.4856329183905664
26.624,1776414537.970000000,/odom_adapted.pose.pose.position.x,-0.487269346574242
26.657,1776414538.003000000,/odom_adapted.pose.pose.position.x,-0.48924505686740033
26.689,1776414538.035000000,/odom_adapted.pose.pose.position.x,-0.4913239382518264
26.718,1776414538.064000000,/odom_adapted.pose.pose.position.x,-0.4937196757506079
26.722,1776414538.068000000,/odom_adapted.pose.pose.position.x,-0.4961568612881955
26.728,1776414538.074000000,/odom_adapted.pose.pose.position.x,-0.4986873598582148
26.755,1776414538.101000000,/odom_adapted.pose.pose.position.x,-0.5012452461344349
26.788,1776414538.134000000,/odom_adapted.pose.pose.position.x,-0.5024630715843041
26.791,1776414538.137000000,/odom_adapted.pose.pose.position.x,-0.50340228679539
26.82,1776414538.166000000,/odom_adapted.pose.pose.position.x,-0.5038714772755956
26.828,1776414538.174000000,/odom_adapted.pose.pose.position.x,-0.5043366312949717
26.857,1776414538.203000000,/odom_adapted.pose.pose.position.x,-0.5043366312949717
26.891,1776414538.237000000,/odom_adapted.pose.pose.position.x,-0.5043366312949717
26.918,1776414538.264000000,/odom_adapted.pose.pose.position.x,-0.5043366312949717
26.925,1776414538.271000000,/odom_adapted.pose.pose.position.x,-0.5043366312949717
26.95,1776414538.296000000,/odom_adapted.pose.pose.position.x,-0.5043366312949717
26.951,1776414538.297000000,/odom_adapted.pose.pose.position.x,-0.5043366312949717
26.983,1776414538.329000000,/odom_adapted.pose.pose.position.x,-0.5043366312949717
27.019,1776414538.365000000,/odom_adapted.pose.pose.position.x,-0.5043366312949717
27.053,1776414538.399000000,/odom_adapted.pose.pose.position.x,-0.5043366312949717
27.055,1776414538.401000000,/odom_adapted.pose.pose.position.x,-0.5043366312949717
27.055,1776414538.401000000,/odom_adapted.pose.pose.position.x,-0.5043366312949717
27.09,1776414538.436000000,/odom_adapted.pose.pose.position.x,-0.5043366312949717
27.09,1776414538.436000000,/odom_adapted.pose.pose.position.x,-0.5043366312949717
27.125,1776414538.471000000,/odom_adapted.pose.pose.position.x,-0.5043366312949717
27.154,1776414538.500000000,/odom_adapted.pose.pose.position.x,-0.5043366312949717
27.155,1776414538.501000000,/odom_adapted.pose.pose.position.x,-0.5043366312949717
27.191,1776414538.537000000,/odom_adapted.pose.pose.position.x,-0.5043366312949717
27.191,1776414538.537000000,/odom_adapted.pose.pose.position.x,-0.5043366312949717
27.219,1776414538.565000000,/odom_adapted.pose.pose.position.x,-0.5043366312949717
27.228,1776414538.574000000,/odom_adapted.pose.pose.position.x,-0.5043366312949717
27.257,1776414538.603000000,/odom_adapted.pose.pose.position.x,-0.5043366312949717
27.286,1776414538.632000000,/odom_adapted.pose.pose.position.x,-0.5043366312949717
27.317,1776414538.663000000,/odom_adapted.pose.pose.position.x,-0.5043366312949717
27.318,1776414538.664000000,/odom_adapted.pose.pose.position.x,-0.5043366312949717
27.327,1776414538.673000000,/odom_adapted.pose.pose.position.x,-0.5043366312949717
27.358,1776414538.704000000,/odom_adapted.pose.pose.position.x,-0.5043366312949717
27.399,1776414538.745000000,/odom_adapted.pose.pose.position.x,-0.5043366312949717
27.429,1776414538.775000000,/odom_adapted.pose.pose.position.x,-0.5043366312949717
27.431,1776414538.777000000,/odom_adapted.pose.pose.position.x,-0.5043366312949717
27.431,1776414538.777000000,/odom_adapted.pose.pose.position.x,-0.5043366312949717
27.494,1776414538.840000000,/odom_adapted.pose.pose.position.x,-0.5043366312949717
27.498,1776414538.844000000,/odom_adapted.pose.pose.position.x,-0.5043366312949717
27.498,1776414538.844000000,/odom_adapted.pose.pose.position.x,-0.5043366312949717
27.665,1776414539.011000000,/odom_adapted.pose.pose.position.x,-0.5043366312949717
27.665,1776414539.011000000,/odom_adapted.pose.pose.position.x,-0.5043366312949717
27.665,1776414539.011000000,/odom_adapted.pose.pose.position.x,-0.5043366312949717
27.665,1776414539.011000000,/odom_adapted.pose.pose.position.x,-0.5043366312949717
27.665,1776414539.011000000,/odom_adapted.pose.pose.position.x,-0.5043366312949717
27.665,1776414539.011000000,/odom_adapted.pose.pose.position.x,-0.5043366312949717
27.665,1776414539.011000000,/odom_adapted.pose.pose.position.x,-0.5043366312949717
27.665,1776414539.011000000,/odom_adapted.pose.pose.position.x,-0.5043366312949717
27.674,1776414539.020000000,/odom_adapted.pose.pose.position.x,-0.5043366312949717
27.69,1776414539.036000000,/odom_adapted.pose.pose.position.x,-0.5043366312949717
27.749,1776414539.095000000,/odom_adapted.pose.pose.position.x,-0.5039904368060706
27.751,1776414539.097000000,/odom_adapted.pose.pose.position.x,-0.5036473555982158
27.753,1776414539.099000000,/odom_adapted.pose.pose.position.x,-0.5035115678033324
27.804,1776414539.150000000,/odom_adapted.pose.pose.position.x,-0.503372766908518
27.825,1776414539.171000000,/odom_adapted.pose.pose.position.x,-0.5032347441262579
27.827,1776414539.173000000,/odom_adapted.pose.pose.position.x,-0.5030970948051033
27.83,1776414539.176000000,/odom_adapted.pose.pose.position.x,-0.5030970948051033
27.852,1776414539.198000000,/odom_adapted.pose.pose.position.x,-0.5030970948051033
27.884,1776414539.230000000,/odom_adapted.pose.pose.position.x,-0.5030970948051033
27.891,1776414539.237000000,/odom_adapted.pose.pose.position.x,-0.5029604937184348
27.917,1776414539.263000000,/odom_adapted.pose.pose.position.x,-0.5028230443794984
27.929,1776414539.275000000,/odom_adapted.pose.pose.position.x,-0.5028230443794984
27.949,1776414539.295000000,/odom_adapted.pose.pose.position.x,-0.5028230443794984
27.984,1776414539.330000000,/odom_adapted.pose.pose.position.x,-0.5028230443794984
27.989,1776414539.335000000,/odom_adapted.pose.pose.position.x,-0.5028230443794984
28.017,1776414539.363000000,/odom_adapted.pose.pose.position.x,-0.5028230443794984
28.029,1776414539.375000000,/odom_adapted.pose.pose.position.x,-0.5028230443794984
28.049,1776414539.395000000,/odom_adapted.pose.pose.position.x,-0.5028230443794984
28.083,1776414539.429000000,/odom_adapted.pose.pose.position.x,-0.5028230443794984
28.086,1776414539.432000000,/odom_adapted.pose.pose.position.x,-0.5028230443794984
28.113,1776414539.459000000,/odom_adapted.pose.pose.position.x,-0.5028230443794984
28.127,1776414539.473000000,/odom_adapted.pose.pose.position.x,-0.5027905997023883
28.15,1776414539.496000000,/odom_adapted.pose.pose.position.x,-0.5027574225461992
28.18,1776414539.526000000,/odom_adapted.pose.pose.position.x,-0.5027574225461992
28.191,1776414539.537000000,/odom_adapted.pose.pose.position.x,-0.5027574225461992
28.218,1776414539.564000000,/odom_adapted.pose.pose.position.x,-0.5027574225461992
28.25,1776414539.596000000,/odom_adapted.pose.pose.position.x,-0.5027574225461992
28.25,1776414539.596000000,/odom_adapted.pose.pose.position.x,-0.5027574225461992
28.29,1776414539.636000000,/odom_adapted.pose.pose.position.x,-0.5027574225461992
28.293,1776414539.639000000,/odom_adapted.pose.pose.position.x,-0.5026207567040537
28.315,1776414539.661000000,/odom_adapted.pose.pose.position.x,-0.5024825061249678
28.324,1776414539.670000000,/odom_adapted.pose.pose.position.x,-0.5024825061249678
28.353,1776414539.699000000,/odom_adapted.pose.pose.position.x,-0.5024825061249678
28.383,1776414539.729000000,/odom_adapted.pose.pose.position.x,-0.5024825061249678
28.39,1776414539.736000000,/odom_adapted.pose.pose.position.x,-0.5023452022172098
28.415,1776414539.761000000,/odom_adapted.pose.pose.position.x,-0.5022069001997111
28.425,1776414539.771000000,/odom_adapted.pose.pose.position.x,-0.5022069001997111
28.449,1776414539.795000000,/odom_adapted.pose.pose.position.x,-0.5022069001997111
28.484,1776414539.830000000,/odom_adapted.pose.pose.position.x,-0.5022069001997111
28.493,1776414539.839000000,/odom_adapted.pose.pose.position.x,-0.5022069001997111
28.52,1776414539.866000000,/odom_adapted.pose.pose.position.x,-0.5022069001997111
28.525,1776414539.871000000,/odom_adapted.pose.pose.position.x,-0.5022069001997111
28.551,1776414539.897000000,/odom_adapted.pose.pose.position.x,-0.5022069001997111
28.581,1776414539.927000000,/odom_adapted.pose.pose.position.x,-0.5022069001997111
28.619,1776414539.965000000,/odom_adapted.pose.pose.position.x,-0.5022069001997111
28.621,1776414539.967000000,/odom_adapted.pose.pose.position.x,-0.5022069001997111
28.633,1776414539.979000000,/odom_adapted.pose.pose.position.x,-0.5022069001997111
28.649,1776414539.995000000,/odom_adapted.pose.pose.position.x,-0.5022069001997111
28.703,1776414540.049000000,/odom_adapted.pose.pose.position.x,-0.5022069001997111
28.722,1776414540.068000000,/odom_adapted.pose.pose.position.x,-0.5022069001997111
28.725,1776414540.071000000,/odom_adapted.pose.pose.position.x,-0.5022069001997111
28.726,1776414540.072000000,/odom_adapted.pose.pose.position.x,-0.5022069001997111
28.757,1776414540.103000000,/odom_adapted.pose.pose.position.x,-0.5022069001997111
28.781,1776414540.127000000,/odom_adapted.pose.pose.position.x,-0.5022069001997111
28.816,1776414540.162000000,/odom_adapted.pose.pose.position.x,-0.5022069001997111
28.823,1776414540.169000000,/odom_adapted.pose.pose.position.x,-0.5022069001997111
28.829,1776414540.175000000,/odom_adapted.pose.pose.position.x,-0.5022069001997111
28.856,1776414540.202000000,/odom_adapted.pose.pose.position.x,-0.5022069001997111
28.882,1776414540.228000000,/odom_adapted.pose.pose.position.x,-0.5022069001997111
28.888,1776414540.234000000,/odom_adapted.pose.pose.position.x,-0.5022069001997111
28.913,1776414540.259000000,/odom_adapted.pose.pose.position.x,-0.5022069001997111
28.927,1776414540.273000000,/odom_adapted.pose.pose.position.x,-0.5022069001997111
28.949,1776414540.295000000,/odom_adapted.pose.pose.position.x,-0.5022069001997111
28.981,1776414540.327000000,/odom_adapted.pose.pose.position.x,-0.5022069001997111
29.012,1776414540.358000000,/odom_adapted.pose.pose.position.x,-0.5022069001997111
29.012,1776414540.358000000,/odom_adapted.pose.pose.position.x,-0.5022069001997111
29.048,1776414540.394000000,/odom_adapted.pose.pose.position.x,-0.5022069001997111
29.054,1776414540.400000000,/odom_adapted.pose.pose.position.x,-0.5022069001997111
29.081,1776414540.427000000,/odom_adapted.pose.pose.position.x,-0.5022069001997111
29.087,1776414540.433000000,/odom_adapted.pose.pose.position.x,-0.5022069001997111
29.113,1776414540.459000000,/odom_adapted.pose.pose.position.x,-0.5022069001997111
29.148,1776414540.494000000,/odom_adapted.pose.pose.position.x,-0.5022069001997111
29.148,1776414540.494000000,/odom_adapted.pose.pose.position.x,-0.5022069001997111
29.181,1776414540.527000000,/odom_adapted.pose.pose.position.x,-0.5022069001997111
29.216,1776414540.562000000,/odom_adapted.pose.pose.position.x,-0.5022069001997111
29.217,1776414540.563000000,/odom_adapted.pose.pose.position.x,-0.5022069001997111
29.225,1776414540.571000000,/odom_adapted.pose.pose.position.x,-0.5022069001997111
29.255,1776414540.601000000,/odom_adapted.pose.pose.position.x,-0.5022069001997111
29.282,1776414540.628000000,/odom_adapted.pose.pose.position.x,-0.5022069001997111
29.312,1776414540.658000000,/odom_adapted.pose.pose.position.x,-0.5022069001997111
29.319,1776414540.665000000,/odom_adapted.pose.pose.position.x,-0.5022069001997111
29.324,1776414540.670000000,/odom_adapted.pose.pose.position.x,-0.5022069001997111
29.348,1776414540.694000000,/odom_adapted.pose.pose.position.x,-0.5022069001997111
29.394,1776414540.740000000,/odom_adapted.pose.pose.position.x,-0.5022069001997111
29.394,1776414540.740000000,/odom_adapted.pose.pose.position.x,-0.5022069001997111
29.418,1776414540.764000000,/odom_adapted.pose.pose.position.x,-0.5022069001997111
29.461,1776414540.807000000,/odom_adapted.pose.pose.position.x,-0.5022069001997111
29.464,1776414540.810000000,/odom_adapted.pose.pose.position.x,-0.5022069001997111
29.486,1776414540.832000000,/odom_adapted.pose.pose.position.x,-0.5022069001997111
29.513,1776414540.859000000,/odom_adapted.pose.pose.position.x,-0.5022069001997111
29.513,1776414540.859000000,/odom_adapted.pose.pose.position.x,-0.5022069001997111
29.528,1776414540.874000000,/odom_adapted.pose.pose.position.x,-0.5022069001997111
29.555,1776414540.901000000,/odom_adapted.pose.pose.position.x,-0.5022069001997111
29.582,1776414540.928000000,/odom_adapted.pose.pose.position.x,-0.5022069001997111
29.614,1776414540.960000000,/odom_adapted.pose.pose.position.x,-0.5022069001997111
29.614,1776414540.960000000,/odom_adapted.pose.pose.position.x,-0.5022069001997111
29.647,1776414540.993000000,/odom_adapted.pose.pose.position.x,-0.5022069001997111
29.651,1776414540.997000000,/odom_adapted.pose.pose.position.x,-0.5022069001997111
29.682,1776414541.028000000,/odom_adapted.pose.pose.position.x,-0.5022069001997111
29.717,1776414541.063000000,/odom_adapted.pose.pose.position.x,-0.5022069001997111
29.722,1776414541.068000000,/odom_adapted.pose.pose.position.x,-0.5022069001997111
29.728,1776414541.074000000,/odom_adapted.pose.pose.position.x,-0.5018737716179934
29.755,1776414541.101000000,/odom_adapted.pose.pose.position.x,-0.5015316713762072
29.77,1776414541.116000000,/odom_adapted.pose.pose.position.x,-0.5010046413607798
29.786,1776414541.132000000,/odom_adapted.pose.pose.position.x,-0.5004685128691154
29.814,1776414541.160000000,/odom_adapted.pose.pose.position.x,-0.499726289537963
29.828,1776414541.174000000,/odom_adapted.pose.pose.position.x,-0.4989768825680998
29.852,1776414541.198000000,/odom_adapted.pose.pose.position.x,-0.4978884155427692
29.88,1776414541.226000000,/odom_adapted.pose.pose.position.x,-0.4968206742423148
29.912,1776414541.258000000,/odom_adapted.pose.pose.position.x,-0.4957631662279319
29.913,1776414541.259000000,/odom_adapted.pose.pose.position.x,-0.4947030983994561
29.926,1776414541.272000000,/odom_adapted.pose.pose.position.x,-0.4934228614668236
29.949,1776414541.295000000,/odom_adapted.pose.pose.position.x,-0.4922003113276258
29.98,1776414541.326000000,/odom_adapted.pose.pose.position.x,-0.4910396277957684
30.016,1776414541.362000000,/odom_adapted.pose.pose.position.x,-0.4900269355176874
30.017,1776414541.363000000,/odom_adapted.pose.pose.position.x,-0.48867070748621627
30.029,1776414541.375000000,/odom_adapted.pose.pose.position.x,-0.4873034931741855
30.05,1776414541.396000000,/odom_adapted.pose.pose.position.x,-0.48614857585353616
30.081,1776414541.427000000,/odom_adapted.pose.pose.position.x,-0.4849819777108875
30.117,1776414541.463000000,/odom_adapted.pose.pose.position.x,-0.483863851683545
30.118,1776414541.464000000,/odom_adapted.pose.pose.position.x,-0.48261281401789746
30.154,1776414541.500000000,/odom_adapted.pose.pose.position.x,-0.48137677428995157
30.154,1776414541.500000000,/odom_adapted.pose.pose.position.x,-0.48034823757187545
30.185,1776414541.531000000,/odom_adapted.pose.pose.position.x,-0.4790327870530045
30.189,1776414541.535000000,/odom_adapted.pose.pose.position.x,-0.47801164568872645
30.216,1776414541.562000000,/odom_adapted.pose.pose.position.x,-0.4770865878758831
30.248,1776414541.594000000,/odom_adapted.pose.pose.position.x,-0.47618057011743703
30.249,1776414541.595000000,/odom_adapted.pose.pose.position.x,-0.4753029197649127
30.29,1776414541.636000000,/odom_adapted.pose.pose.position.x,-0.4743795476492032
30.293,1776414541.639000000,/odom_adapted.pose.pose.position.x,-0.47366652270816295
30.321,1776414541.667000000,/odom_adapted.pose.pose.position.x,-0.47292840510553014
30.327,1776414541.673000000,/odom_adapted.pose.pose.position.x,-0.47201195313104843
30.352,1776414541.698000000,/odom_adapted.pose.pose.position.x,-0.47113989408242135
30.383,1776414541.729000000,/odom_adapted.pose.pose.position.x,-0.4701144065949691
30.387,1776414541.733000000,/odom_adapted.pose.pose.position.x,-0.4693883466333145
30.416,1776414541.762000000,/odom_adapted.pose.pose.position.x,-0.46859284958495223
30.428,1776414541.774000000,/odom_adapted.pose.pose.position.x,-0.46774621766005764
30.456,1776414541.802000000,/odom_adapted.pose.pose.position.x,-0.46694275348968545
30.482,1776414541.828000000,/odom_adapted.pose.pose.position.x,-0.4661696783518977
30.513,1776414541.859000000,/odom_adapted.pose.pose.position.x,-0.4655297825056859
30.523,1776414541.869000000,/odom_adapted.pose.pose.position.x,-0.4649258573331109
30.549,1776414541.895000000,/odom_adapted.pose.pose.position.x,-0.464349385072759
30.555,1776414541.901000000,/odom_adapted.pose.pose.position.x,-0.4637635931309509
30.58,1776414541.926000000,/odom_adapted.pose.pose.position.x,-0.46321516765442533
30.614,1776414541.960000000,/odom_adapted.pose.pose.position.x,-0.46320622145937845
30.622,1776414541.968000000,/odom_adapted.pose.pose.position.x,-0.46320598495747645
30.626,1776414541.972000000,/odom_adapted.pose.pose.position.x,-0.46320598495747645
30.65,1776414541.996000000,/odom_adapted.pose.pose.position.x,-0.46320598495747645
30.682,1776414542.028000000,/odom_adapted.pose.pose.position.x,-0.46320598495747645
30.715,1776414542.061000000,/odom_adapted.pose.pose.position.x,-0.46320598495747645
30.724,1776414542.070000000,/odom_adapted.pose.pose.position.x,-0.46320598495747645
30.728,1776414542.074000000,/odom_adapted.pose.pose.position.x,-0.46320598495747645
30.751,1776414542.097000000,/odom_adapted.pose.pose.position.x,-0.46320598495747645
30.784,1776414542.130000000,/odom_adapted.pose.pose.position.x,-0.46320598495747645
30.813,1776414542.159000000,/odom_adapted.pose.pose.position.x,-0.46320598495747645
30.825,1776414542.171000000,/odom_adapted.pose.pose.position.x,-0.46320598495747645
30.828,1776414542.174000000,/odom_adapted.pose.pose.position.x,-0.46320598495747645
30.851,1776414542.197000000,/odom_adapted.pose.pose.position.x,-0.46320598495747645
30.882,1776414542.228000000,/odom_adapted.pose.pose.position.x,-0.46320598495747645
30.915,1776414542.261000000,/odom_adapted.pose.pose.position.x,-0.46320598495747645
30.916,1776414542.262000000,/odom_adapted.pose.pose.position.x,-0.46320598495747645
30.929,1776414542.275000000,/odom_adapted.pose.pose.position.x,-0.46320598495747645
30.951,1776414542.297000000,/odom_adapted.pose.pose.position.x,-0.46320598495747645
30.989,1776414542.335000000,/odom_adapted.pose.pose.position.x,-0.46320598495747645
31.014,1776414542.360000000,/odom_adapted.pose.pose.position.x,-0.46320598495747645
31.015,1776414542.361000000,/odom_adapted.pose.pose.position.x,-0.46320598495747645
31.027,1776414542.373000000,/odom_adapted.pose.pose.position.x,-0.46320598495747645
31.06,1776414542.406000000,/odom_adapted.pose.pose.position.x,-0.46320598495747645
31.081,1776414542.427000000,/odom_adapted.pose.pose.position.x,-0.46320598495747645
31.119,1776414542.465000000,/odom_adapted.pose.pose.position.x,-0.46320598495747645
31.119,1776414542.465000000,/odom_adapted.pose.pose.position.x,-0.46320598495747645
31.129,1776414542.475000000,/odom_adapted.pose.pose.position.x,-0.46320598495747645
31.156,1776414542.502000000,/odom_adapted.pose.pose.position.x,-0.4632805730022081
31.18,1776414542.526000000,/odom_adapted.pose.pose.position.x,-0.4633554354455568
31.218,1776414542.564000000,/odom_adapted.pose.pose.position.x,-0.4634300048998488
31.22,1776414542.566000000,/odom_adapted.pose.pose.position.x,-0.46338045210655715
31.251,1776414542.597000000,/odom_adapted.pose.pose.position.x,-0.46333105778590866
31.259,1776414542.605000000,/odom_adapted.pose.pose.position.x,-0.46333105778590866
31.281,1776414542.627000000,/odom_adapted.pose.pose.position.x,-0.46333105778590866
31.317,1776414542.663000000,/odom_adapted.pose.pose.position.x,-0.46333105778590866
31.327,1776414542.673000000,/odom_adapted.pose.pose.position.x,-0.46333105778590866
31.329,1776414542.675000000,/odom_adapted.pose.pose.position.x,-0.46333105778590866
31.35,1776414542.696000000,/odom_adapted.pose.pose.position.x,-0.46333105778590866
31.382,1776414542.728000000,/odom_adapted.pose.pose.position.x,-0.46333105778590866
31.414,1776414542.760000000,/odom_adapted.pose.pose.position.x,-0.46333105778590866
31.415,1776414542.761000000,/odom_adapted.pose.pose.position.x,-0.46333105778590866
31.427,1776414542.773000000,/odom_adapted.pose.pose.position.x,-0.46333105778590866
31.481,1776414542.827000000,/odom_adapted.pose.pose.position.x,-0.46333105778590866
31.482,1776414542.828000000,/odom_adapted.pose.pose.position.x,-0.46333105778590866
31.512,1776414542.858000000,/odom_adapted.pose.pose.position.x,-0.46333105778590866
31.522,1776414542.868000000,/odom_adapted.pose.pose.position.x,-0.46333105778590866
31.548000000000002,1776414542.894000000,/odom_adapted.pose.pose.position.x,-0.46321174435505663
31.555,1776414542.901000000,/odom_adapted.pose.pose.position.x,-0.4630940723106157
31.584,1776414542.930000000,/odom_adapted.pose.pose.position.x,-0.46297569557321655
31.586,1776414542.932000000,/odom_adapted.pose.pose.position.x,-0.46285655731261555
31.614,1776414542.960000000,/odom_adapted.pose.pose.position.x,-0.4626860627720536
31.627,1776414542.973000000,/odom_adapted.pose.pose.position.x,-0.46251607018963187
31.652,1776414542.998000000,/odom_adapted.pose.pose.position.x,-0.46251607018963187
31.683,1776414543.029000000,/odom_adapted.pose.pose.position.x,-0.46251607018963187
31.689,1776414543.035000000,/odom_adapted.pose.pose.position.x,-0.46251607018963187
31.718,1776414543.064000000,/odom_adapted.pose.pose.position.x,-0.46251607018963187
31.727,1776414543.073000000,/odom_adapted.pose.pose.position.x,-0.46251607018963187
31.754,1776414543.100000000,/odom_adapted.pose.pose.position.x,-0.46251607018963187
31.782,1776414543.128000000,/odom_adapted.pose.pose.position.x,-0.46251607018963187
31.815,1776414543.161000000,/odom_adapted.pose.pose.position.x,-0.46251607018963187
31.816,1776414543.162000000,/odom_adapted.pose.pose.position.x,-0.46251607018963187
31.85,1776414543.196000000,/odom_adapted.pose.pose.position.x,-0.46251607018963187
31.852,1776414543.198000000,/odom_adapted.pose.pose.position.x,-0.46251607018963187
31.881,1776414543.227000000,/odom_adapted.pose.pose.position.x,-0.46251607018963187
31.888,1776414543.234000000,/odom_adapted.pose.pose.position.x,-0.46251607018963187
31.913,1776414543.259000000,/odom_adapted.pose.pose.position.x,-0.46251607018963187
31.928,1776414543.274000000,/odom_adapted.pose.pose.position.x,-0.46251607018963187
31.959,1776414543.305000000,/odom_adapted.pose.pose.position.x,-0.46251607018963187
31.982,1776414543.328000000,/odom_adapted.pose.pose.position.x,-0.46251607018963187
32.014,1776414543.360000000,/odom_adapted.pose.pose.position.x,-0.46251607018963187
32.025,1776414543.371000000,/odom_adapted.pose.pose.position.x,-0.46251607018963187
32.027,1776414543.373000000,/odom_adapted.pose.pose.position.x,-0.46251607018963187
32.05,1776414543.396000000,/odom_adapted.pose.pose.position.x,-0.46251607018963187
32.08,1776414543.426000000,/odom_adapted.pose.pose.position.x,-0.46251607018963187
32.118,1776414543.464000000,/odom_adapted.pose.pose.position.x,-0.46251607018963187
32.119,1776414543.465000000,/odom_adapted.pose.pose.position.x,-0.46251607018963187
32.129,1776414543.475000000,/odom_adapted.pose.pose.position.x,-0.46251607018963187
32.161,1776414543.507000000,/odom_adapted.pose.pose.position.x,-0.46251607018963187
32.183,1776414543.529000000,/odom_adapted.pose.pose.position.x,-0.46251607018963187
32.215,1776414543.561000000,/odom_adapted.pose.pose.position.x,-0.46251607018963187
32.219,1776414543.565000000,/odom_adapted.pose.pose.position.x,-0.46251607018963187
32.249,1776414543.595000000,/odom_adapted.pose.pose.position.x,-0.46251607018963187
32.259,1776414543.605000000,/odom_adapted.pose.pose.position.x,-0.46251607018963187
32.29,1776414543.636000000,/odom_adapted.pose.pose.position.x,-0.46251607018963187
32.294,1776414543.640000000,/odom_adapted.pose.pose.position.x,-0.46251607018963187
32.315,1776414543.661000000,/odom_adapted.pose.pose.position.x,-0.46251607018963187
32.327,1776414543.673000000,/odom_adapted.pose.pose.position.x,-0.46251607018963187
32.348,1776414543.694000000,/odom_adapted.pose.pose.position.x,-0.46251607018963187
32.384,1776414543.730000000,/odom_adapted.pose.pose.position.x,-0.46251607018963187
32.387,1776414543.733000000,/odom_adapted.pose.pose.position.x,-0.46251607018963187
32.414,1776414543.760000000,/odom_adapted.pose.pose.position.x,-0.46251607018963187
32.425,1776414543.771000000,/odom_adapted.pose.pose.position.x,-0.46251607018963187
32.448,1776414543.794000000,/odom_adapted.pose.pose.position.x,-0.46251607018963187
32.482,1776414543.828000000,/odom_adapted.pose.pose.position.x,-0.46251607018963187
32.515,1776414543.861000000,/odom_adapted.pose.pose.position.x,-0.46251607018963187
32.529,1776414543.875000000,/odom_adapted.pose.pose.position.x,-0.46251607018963187
32.549,1776414543.895000000,/odom_adapted.pose.pose.position.x,-0.46251607018963187
32.55,1776414543.896000000,/odom_adapted.pose.pose.position.x,-0.46251607018963187
32.584,1776414543.930000000,/odom_adapted.pose.pose.position.x,-0.46251607018963187
32.592,1776414543.938000000,/odom_adapted.pose.pose.position.x,-0.46251607018963187
32.616,1776414543.962000000,/odom_adapted.pose.pose.position.x,-0.46251607018963187
32.626,1776414543.972000000,/odom_adapted.pose.pose.position.x,-0.46251607018963187
32.654,1776414544.000000000,/odom_adapted.pose.pose.position.x,-0.46251607018963187
32.686,1776414544.032000000,/odom_adapted.pose.pose.position.x,-0.46251607018963187
32.691,1776414544.037000000,/odom_adapted.pose.pose.position.x,-0.46251607018963187
32.722,1776414544.068000000,/odom_adapted.pose.pose.position.x,-0.46251607018963187
32.727,1776414544.073000000,/odom_adapted.pose.pose.position.x,-0.46251607018963187
32.748,1776414544.094000000,/odom_adapted.pose.pose.position.x,-0.46251607018963187
32.783,1776414544.129000000,/odom_adapted.pose.pose.position.x,-0.46251607018963187
32.813,1776414544.159000000,/odom_adapted.pose.pose.position.x,-0.46251607018963187
32.814,1776414544.160000000,/odom_adapted.pose.pose.position.x,-0.46251607018963187
32.825,1776414544.171000000,/odom_adapted.pose.pose.position.x,-0.46251607018963187
32.855,1776414544.201000000,/odom_adapted.pose.pose.position.x,-0.46251607018963187
32.881,1776414544.227000000,/odom_adapted.pose.pose.position.x,-0.46251607018963187
32.896,1776414544.242000000,/odom_adapted.pose.pose.position.x,-0.46251607018963187
32.913,1776414544.259000000,/odom_adapted.pose.pose.position.x,-0.46251607018963187
32.928,1776414544.274000000,/odom_adapted.pose.pose.position.x,-0.46251607018963187
32.952,1776414544.298000000,/odom_adapted.pose.pose.position.x,-0.46251607018963187
32.981,1776414544.327000000,/odom_adapted.pose.pose.position.x,-0.46251607018963187
33.016,1776414544.362000000,/odom_adapted.pose.pose.position.x,-0.46251607018963187
33.016,1776414544.362000000,/odom_adapted.pose.pose.position.x,-0.46251607018963187
33.051,1776414544.397000000,/odom_adapted.pose.pose.position.x,-0.46251607018963187
33.051,1776414544.397000000,/odom_adapted.pose.pose.position.x,-0.46251607018963187
33.081,1776414544.427000000,/odom_adapted.pose.pose.position.x,-0.46251607018963187
33.088,1776414544.434000000,/odom_adapted.pose.pose.position.x,-0.46251607018963187
33.122,1776414544.468000000,/odom_adapted.pose.pose.position.x,-0.46251607018963187
33.151,1776414544.497000000,/odom_adapted.pose.pose.position.x,-0.46251607018963187
33.155,1776414544.501000000,/odom_adapted.pose.pose.position.x,-0.46251607018963187
33.186,1776414544.532000000,/odom_adapted.pose.pose.position.x,-0.46251607018963187
33.19,1776414544.536000000,/odom_adapted.pose.pose.position.x,-0.46251607018963187
33.217,1776414544.563000000,/odom_adapted.pose.pose.position.x,-0.46251607018963187
33.225,1776414544.571000000,/odom_adapted.pose.pose.position.x,-0.46251607018963187
33.253,1776414544.599000000,/odom_adapted.pose.pose.position.x,-0.46251607018963187
33.283,1776414544.629000000,/odom_adapted.pose.pose.position.x,-0.46251607018963187
33.297,1776414544.643000000,/odom_adapted.pose.pose.position.x,-0.46251607018963187
33.318,1776414544.664000000,/odom_adapted.pose.pose.position.x,-0.46251607018963187
33.329,1776414544.675000000,/odom_adapted.pose.pose.position.x,-0.46251607018963187
33.351,1776414544.697000000,/odom_adapted.pose.pose.position.x,-0.46251607018963187
33.383,1776414544.729000000,/odom_adapted.pose.pose.position.x,-0.46251607018963187
33.391,1776414544.737000000,/odom_adapted.pose.pose.position.x,-0.46251607018963187
33.419,1776414544.765000000,/odom_adapted.pose.pose.position.x,-0.46251607018963187
33.429,1776414544.775000000,/odom_adapted.pose.pose.position.x,-0.46251607018963187
33.457,1776414544.803000000,/odom_adapted.pose.pose.position.x,-0.46251607018963187
33.486,1776414544.832000000,/odom_adapted.pose.pose.position.x,-0.46251607018963187
33.49,1776414544.836000000,/odom_adapted.pose.pose.position.x,-0.46251607018963187
33.522,1776414544.868000000,/odom_adapted.pose.pose.position.x,-0.46251607018963187
33.549,1776414544.895000000,/odom_adapted.pose.pose.position.x,-0.46251607018963187
33.555,1776414544.901000000,/odom_adapted.pose.pose.position.x,-0.46251607018963187
33.583,1776414544.929000000,/odom_adapted.pose.pose.position.x,-0.46251607018963187
33.595,1776414544.941000000,/odom_adapted.pose.pose.position.x,-0.46251607018963187
33.621,1776414544.967000000,/odom_adapted.pose.pose.position.x,-0.46251607018963187
33.649,1776414544.995000000,/odom_adapted.pose.pose.position.x,-0.46251607018963187
33.658,1776414545.004000000,/odom_adapted.pose.pose.position.x,-0.46251607018963187
33.681,1776414545.027000000,/odom_adapted.pose.pose.position.x,-0.46251607018963187
33.695,1776414545.041000000,/odom_adapted.pose.pose.position.x,-0.46251607018963187
33.746,1776414545.092000000,/odom_adapted.pose.pose.position.x,-0.46251607018963187
33.757,1776414545.103000000,/odom_adapted.pose.pose.position.x,-0.46251607018963187
33.757,1776414545.103000000,/odom_adapted.pose.pose.position.x,-0.46251607018963187
33.783,1776414545.129000000,/odom_adapted.pose.pose.position.x,-0.46251607018963187
33.814,1776414545.160000000,/odom_adapted.pose.pose.position.x,-0.46251607018963187
33.814,1776414545.160000000,/odom_adapted.pose.pose.position.x,-0.46251607018963187
33.826,1776414545.172000000,/odom_adapted.pose.pose.position.x,-0.46251607018963187
33.863,1776414545.209000000,/odom_adapted.pose.pose.position.x,-0.46251607018963187
33.88,1776414545.226000000,/odom_adapted.pose.pose.position.x,-0.46251607018963187
33.887,1776414545.233000000,/odom_adapted.pose.pose.position.x,-0.46251607018963187
33.914,1776414545.260000000,/odom_adapted.pose.pose.position.x,-0.46251607018963187
33.927,1776414545.273000000,/odom_adapted.pose.pose.position.x,-0.46251607018963187
33.949,1776414545.295000000,/odom_adapted.pose.pose.position.x,-0.46251607018963187
33.981,1776414545.327000000,/odom_adapted.pose.pose.position.x,-0.462870429964107
33.985,1776414545.331000000,/odom_adapted.pose.pose.position.x,-0.4632218119925275
34.014,1776414545.360000000,/odom_adapted.pose.pose.position.x,-0.4635773156474299
34.026,1776414545.372000000,/odom_adapted.pose.pose.position.x,-0.46392985941943904
34.055,1776414545.401000000,/odom_adapted.pose.pose.position.x,-0.4642806439711001
34.081,1776414545.427000000,/odom_adapted.pose.pose.position.x,-0.4646358544686619
34.114,1776414545.460000000,/odom_adapted.pose.pose.position.x,-0.46498839632857997
34.115,1776414545.461000000,/odom_adapted.pose.pose.position.x,-0.4654142238172874
34.13,1776414545.476000000,/odom_adapted.pose.pose.position.x,-0.4658456783090581
34.16,1776414545.506000000,/odom_adapted.pose.pose.position.x,-0.4662734536304741
34.18,1776414545.526000000,/odom_adapted.pose.pose.position.x,-0.4667062264010577
34.212,1776414545.558000000,/odom_adapted.pose.pose.position.x,-0.4669203522063343
34.213,1776414545.559000000,/odom_adapted.pose.pose.position.x,-0.4671379620035054
34.248,1776414545.594000000,/odom_adapted.pose.pose.position.x,-0.4671379620035054
34.253,1776414545.599000000,/odom_adapted.pose.pose.position.x,-0.4671379620035054
34.282,1776414545.628000000,/odom_adapted.pose.pose.position.x,-0.4671379620035054
34.312,1776414545.658000000,/odom_adapted.pose.pose.position.x,-0.4671379620035054
34.314,1776414545.660000000,/odom_adapted.pose.pose.position.x,-0.4671379620035054
34.329,1776414545.675000000,/odom_adapted.pose.pose.position.x,-0.4671379620035054
34.355,1776414545.701000000,/odom_adapted.pose.pose.position.x,-0.4671379620035054
34.38,1776414545.726000000,/odom_adapted.pose.pose.position.x,-0.4671379620035054
34.395,1776414545.741000000,/odom_adapted.pose.pose.position.x,-0.4671379620035054
34.415,1776414545.761000000,/odom_adapted.pose.pose.position.x,-0.4671379620035054
34.455,1776414545.801000000,/odom_adapted.pose.pose.position.x,-0.4671379620035054
34.456,1776414545.802000000,/odom_adapted.pose.pose.position.x,-0.4671379620035054
34.486,1776414545.832000000,/odom_adapted.pose.pose.position.x,-0.4671379620035054
34.496,1776414545.842000000,/odom_adapted.pose.pose.position.x,-0.4671379620035054
34.517,1776414545.863000000,/odom_adapted.pose.pose.position.x,-0.4671379620035054
34.547,1776414545.893000000,/odom_adapted.pose.pose.position.x,-0.4671379620035054
34.55,1776414545.896000000,/odom_adapted.pose.pose.position.x,-0.4671379620035054
34.581,1776414545.927000000,/odom_adapted.pose.pose.position.x,-0.4671379620035054
34.613,1776414545.959000000,/odom_adapted.pose.pose.position.x,-0.4671379620035054
34.622,1776414545.968000000,/odom_adapted.pose.pose.position.x,-0.4671379620035054
34.626,1776414545.972000000,/odom_adapted.pose.pose.position.x,-0.4671379620035054
34.653,1776414545.999000000,/odom_adapted.pose.pose.position.x,-0.4671379620035054
34.682,1776414546.028000000,/odom_adapted.pose.pose.position.x,-0.4671379620035054
34.685,1776414546.031000000,/odom_adapted.pose.pose.position.x,-0.4671379620035054
34.715,1776414546.061000000,/odom_adapted.pose.pose.position.x,-0.4671379620035054
34.725,1776414546.071000000,/odom_adapted.pose.pose.position.x,-0.4671379620035054
34.755,1776414546.101000000,/odom_adapted.pose.pose.position.x,-0.4671379620035054
34.787,1776414546.133000000,/odom_adapted.pose.pose.position.x,-0.4671379620035054
34.789,1776414546.135000000,/odom_adapted.pose.pose.position.x,-0.4671379620035054
34.826,1776414546.172000000,/odom_adapted.pose.pose.position.x,-0.4671379620035054
34.848,1776414546.194000000,/odom_adapted.pose.pose.position.x,-0.4671379620035054
34.849,1776414546.195000000,/odom_adapted.pose.pose.position.x,-0.4671379620035054
34.885,1776414546.231000000,/odom_adapted.pose.pose.position.x,-0.4671379620035054
34.891,1776414546.237000000,/odom_adapted.pose.pose.position.x,-0.4671379620035054
34.913,1776414546.259000000,/odom_adapted.pose.pose.position.x,-0.4671379620035054
34.928,1776414546.274000000,/odom_adapted.pose.pose.position.x,-0.4671379620035054
34.951,1776414546.297000000,/odom_adapted.pose.pose.position.x,-0.46740424363853555
34.979,1776414546.325000000,/odom_adapted.pose.pose.position.x,-0.46766591852234113
34.988,1776414546.334000000,/odom_adapted.pose.pose.position.x,-0.4682792317613537
35.014,1776414546.360000000,/odom_adapted.pose.pose.position.x,-0.4691168375140103
35.026,1776414546.372000000,/odom_adapted.pose.pose.position.x,-0.4699539080756716
35.053,1776414546.399000000,/odom_adapted.pose.pose.position.x,-0.4711135716948167
35.082,1776414546.428000000,/odom_adapted.pose.pose.position.x,-0.47227395036192116
35.114,1776414546.460000000,/odom_adapted.pose.pose.position.x,-0.47373439347257323
35.124,1776414546.470000000,/odom_adapted.pose.pose.position.x,-0.4751973480134995
35.148,1776414546.494000000,/odom_adapted.pose.pose.position.x,-0.4765152216974532
35.155,1776414546.501000000,/odom_adapted.pose.pose.position.x,-0.47784871985867966
35.182,1776414546.528000000,/odom_adapted.pose.pose.position.x,-0.4796373516702237
35.22,1776414546.566000000,/odom_adapted.pose.pose.position.x,-0.48145198001940176
35.221,1776414546.567000000,/odom_adapted.pose.pose.position.x,-0.48304504863899156
35.225,1776414546.571000000,/odom_adapted.pose.pose.position.x,-0.4847203008758123
35.255,1776414546.601000000,/odom_adapted.pose.pose.position.x,-0.48663833205946927
35.285,1776414546.631000000,/odom_adapted.pose.pose.position.x,-0.4885537186218061
35.313,1776414546.659000000,/odom_adapted.pose.pose.position.x,-0.4904561758279531
35.319,1776414546.665000000,/odom_adapted.pose.pose.position.x,-0.4923871513190298
35.327,1776414546.673000000,/odom_adapted.pose.pose.position.x,-0.49424490798745996
35.354,1776414546.700000000,/odom_adapted.pose.pose.position.x,-0.49622748089428137
35.385,1776414546.731000000,/odom_adapted.pose.pose.position.x,-0.49823002544559236
35.389,1776414546.735000000,/odom_adapted.pose.pose.position.x,-0.5001185296477089
35.421,1776414546.767000000,/odom_adapted.pose.pose.position.x,-0.5020173126045742
35.429,1776414546.775000000,/odom_adapted.pose.pose.position.x,-0.5040884476209218
35.458,1776414546.804000000,/odom_adapted.pose.pose.position.x,-0.5061437215252214
35.483,1776414546.829000000,/odom_adapted.pose.pose.position.x,-0.5081503320121794
35.514,1776414546.860000000,/odom_adapted.pose.pose.position.x,-0.5101262858005313
35.524,1776414546.870000000,/odom_adapted.pose.pose.position.x,-0.5120114136441714
35.525,1776414546.871000000,/odom_adapted.pose.pose.position.x,-0.5139127174500411
35.56,1776414546.906000000,/odom_adapted.pose.pose.position.x,-0.5161043484329136
35.585,1776414546.931000000,/odom_adapted.pose.pose.position.x,-0.5183268899804212
35.616,1776414546.962000000,/odom_adapted.pose.pose.position.x,-0.5205379350549828
35.621,1776414546.967000000,/odom_adapted.pose.pose.position.x,-0.5227473443847309
35.648,1776414546.994000000,/odom_adapted.pose.pose.position.x,-0.5249775633120024
35.662,1776414547.008000000,/odom_adapted.pose.pose.position.x,-0.5271532178507464
35.68,1776414547.026000000,/odom_adapted.pose.pose.position.x,-0.5296009924991069
35.689,1776414547.035000000,/odom_adapted.pose.pose.position.x,-0.5319899838272266
35.718,1776414547.064000000,/odom_adapted.pose.pose.position.x,-0.5344392693874374
35.724,1776414547.070000000,/odom_adapted.pose.pose.position.x,-0.5368496062041332
35.753,1776414547.099000000,/odom_adapted.pose.pose.position.x,-0.5392494445985557
35.782,1776414547.128000000,/odom_adapted.pose.pose.position.x,-0.5416973162135368
35.787,1776414547.133000000,/odom_adapted.pose.pose.position.x,-0.5440989094495731
35.814,1776414547.160000000,/odom_adapted.pose.pose.position.x,-0.5465267488018214
35.825,1776414547.171000000,/odom_adapted.pose.pose.position.x,-0.5489719706011233
35.851,1776414547.197000000,/odom_adapted.pose.pose.position.x,-0.5513572816767665
35.884,1776414547.230000000,/odom_adapted.pose.pose.position.x,-0.5539317613546649
35.89,1776414547.236000000,/odom_adapted.pose.pose.position.x,-0.5564826743353595
35.923,1776414547.269000000,/odom_adapted.pose.pose.position.x,-0.5591579657968183
35.924,1776414547.270000000,/odom_adapted.pose.pose.position.x,-0.5618101317057648
35.953,1776414547.299000000,/odom_adapted.pose.pose.position.x,-0.5643454703445724
35.983,1776414547.329000000,/odom_adapted.pose.pose.position.x,-0.5669173263625265
35.992,1776414547.338000000,/odom_adapted.pose.pose.position.x,-0.5695501520155575
36.017,1776414547.363000000,/odom_adapted.pose.pose.position.x,-0.5722001773561758
36.025,1776414547.371000000,/odom_adapted.pose.pose.position.x,-0.5749330394652941
36.052,1776414547.398000000,/odom_adapted.pose.pose.position.x,-0.5776360157467287
36.08,1776414547.426000000,/odom_adapted.pose.pose.position.x,-0.5802337342646879
36.092,1776414547.438000000,/odom_adapted.pose.pose.position.x,-0.5827563676542891
36.12,1776414547.466000000,/odom_adapted.pose.pose.position.x,-0.585324238778157
36.129,1776414547.475000000,/odom_adapted.pose.pose.position.x,-0.5878973091369306
36.154,1776414547.500000000,/odom_adapted.pose.pose.position.x,-0.5904348386080802
36.184,1776414547.530000000,/odom_adapted.pose.pose.position.x,-0.593108416230913
36.191,1776414547.537000000,/odom_adapted.pose.pose.position.x,-0.595740780840934
36.215,1776414547.561000000,/odom_adapted.pose.pose.position.x,-0.5983957218103488
36.23,1776414547.576000000,/odom_adapted.pose.pose.position.x,-0.6010597376467028
36.254,1776414547.600000000,/odom_adapted.pose.pose.position.x,-0.6035911935054921
36.282,1776414547.628000000,/odom_adapted.pose.pose.position.x,-0.606178777028737
36.293,1776414547.639000000,/odom_adapted.pose.pose.position.x,-0.6087190363496059
36.315,1776414547.661000000,/odom_adapted.pose.pose.position.x,-0.6112765232922258
36.35,1776414547.696000000,/odom_adapted.pose.pose.position.x,-0.6139293933379596
36.359,1776414547.705000000,/odom_adapted.pose.pose.position.x,-0.6172515257987584
36.383,1776414547.729000000,/odom_adapted.pose.pose.position.x,-0.6192627291177135
36.39,1776414547.736000000,/odom_adapted.pose.pose.position.x,-0.6219641395687407
36.418,1776414547.764000000,/odom_adapted.pose.pose.position.x,-0.6245258446055376
36.453,1776414547.799000000,/odom_adapted.pose.pose.position.x,-0.6271215792170847
36.453,1776414547.799000000,/odom_adapted.pose.pose.position.x,-0.6296551512258919
36.49,1776414547.836000000,/odom_adapted.pose.pose.position.x,-0.6322776067388343
36.492,1776414547.838000000,/odom_adapted.pose.pose.position.x,-0.6349496262600933
36.524,1776414547.870000000,/odom_adapted.pose.pose.position.x,-0.6378814324628943
36.528,1776414547.874000000,/odom_adapted.pose.pose.position.x,-0.6401918063821361
36.616,1776414547.962000000,/odom_adapted.pose.pose.position.x,-0.6425908513627911
36.617,1776414547.963000000,/odom_adapted.pose.pose.position.x,-0.6449632278288392
36.644,1776414547.990000000,/odom_adapted.pose.pose.position.x,-0.647390339411005
36.644,1776414547.990000000,/odom_adapted.pose.pose.position.x,-0.6498554831194281
36.664,1776414548.010000000,/odom_adapted.pose.pose.position.x,-0.6523674108706449
36.671,1776414548.017000000,/odom_adapted.pose.pose.position.x,-0.6548489491216957
36.689,1776414548.035000000,/odom_adapted.pose.pose.position.x,-0.6572679882470127
36.692,1776414548.038000000,/odom_adapted.pose.pose.position.x,-0.6596703010536897
36.727,1776414548.073000000,/odom_adapted.pose.pose.position.x,-0.6624569497418531
36.727,1776414548.073000000,/odom_adapted.pose.pose.position.x,-0.6653504360587943
36.761,1776414548.107000000,/odom_adapted.pose.pose.position.x,-0.6681833936897873
36.767,1776414548.113000000,/odom_adapted.pose.pose.position.x,-0.6711992682684579
36.794,1776414548.140000000,/odom_adapted.pose.pose.position.x,-0.6741956264737194
36.822,1776414548.168000000,/odom_adapted.pose.pose.position.x,-0.6772457458014427
36.824,1776414548.170000000,/odom_adapted.pose.pose.position.x,-0.6803137825082199
36.849,1776414548.195000000,/odom_adapted.pose.pose.position.x,-0.6837015946921233
36.887,1776414548.233000000,/odom_adapted.pose.pose.position.x,-0.6870050934470977
36.897,1776414548.243000000,/odom_adapted.pose.pose.position.x,-0.6903330304846834
36.919,1776414548.265000000,/odom_adapted.pose.pose.position.x,-0.6936876020684695
36.925,1776414548.271000000,/odom_adapted.pose.pose.position.x,-0.6970296207288238
36.951,1776414548.297000000,/odom_adapted.pose.pose.position.x,-0.7003693714808636
36.981,1776414548.327000000,/odom_adapted.pose.pose.position.x,-0.7037637233938289
36.994,1776414548.340000000,/odom_adapted.pose.pose.position.x,-0.7072261438533406
37.014,1776414548.360000000,/odom_adapted.pose.pose.position.x,-0.7107611560369359
37.052,1776414548.398000000,/odom_adapted.pose.pose.position.x,-0.7142434820946176
37.053,1776414548.399000000,/odom_adapted.pose.pose.position.x,-0.7177122002694498
37.081,1776414548.427000000,/odom_adapted.pose.pose.position.x,-0.7210971923860076
37.112,1776414548.458000000,/odom_adapted.pose.pose.position.x,-0.7244747929439658
37.119,1776414548.465000000,/odom_adapted.pose.pose.position.x,-0.7278516619662275
37.148,1776414548.494000000,/odom_adapted.pose.pose.position.x,-0.7312346923140252
37.149,1776414548.495000000,/odom_adapted.pose.pose.position.x,-0.7346288262560708
37.182,1776414548.528000000,/odom_adapted.pose.pose.position.x,-0.7380308230214945
37.214,1776414548.560000000,/odom_adapted.pose.pose.position.x,-0.741402078015297
37.226,1776414548.572000000,/odom_adapted.pose.pose.position.x,-0.7447790391568687
37.229,1776414548.575000000,/odom_adapted.pose.pose.position.x,-0.7480506236782172
37.255,1776414548.601000000,/odom_adapted.pose.pose.position.x,-0.7512945531106564
37.282,1776414548.628000000,/odom_adapted.pose.pose.position.x,-0.7547012064940677
37.316,1776414548.662000000,/odom_adapted.pose.pose.position.x,-0.758061203280258
37.317,1776414548.663000000,/odom_adapted.pose.pose.position.x,-0.7612416259417515
37.329,1776414548.675000000,/odom_adapted.pose.pose.position.x,-0.7643614080235102
37.356,1776414548.702000000,/odom_adapted.pose.pose.position.x,-0.7675109079332982
37.381,1776414548.727000000,/odom_adapted.pose.pose.position.x,-0.7706765776038061
37.405,1776414548.751000000,/odom_adapted.pose.pose.position.x,-0.7738227509792102
37.421,1776414548.767000000,/odom_adapted.pose.pose.position.x,-0.77698061305931
37.424,1776414548.770000000,/odom_adapted.pose.pose.position.x,-0.7801242258537726
37.456,1776414548.802000000,/odom_adapted.pose.pose.position.x,-0.7832666745187072
37.479,1776414548.825000000,/odom_adapted.pose.pose.position.x,-0.7864288409326919
37.516,1776414548.862000000,/odom_adapted.pose.pose.position.x,-0.7895622217988091
37.516,1776414548.862000000,/odom_adapted.pose.pose.position.x,-0.7927211725628892
37.526,1776414548.872000000,/odom_adapted.pose.pose.position.x,-0.7959928145508618
37.552,1776414548.898000000,/odom_adapted.pose.pose.position.x,-0.799226605305436
37.583,1776414548.929000000,/odom_adapted.pose.pose.position.x,-0.8023094486953584
37.591,1776414548.937000000,/odom_adapted.pose.pose.position.x,-0.8053615037449926
37.614,1776414548.960000000,/odom_adapted.pose.pose.position.x,-0.8086000967138621
37.628,1776414548.974000000,/odom_adapted.pose.pose.position.x,-0.8118655054548306
37.649,1776414548.995000000,/odom_adapted.pose.pose.position.x,-0.8150882521190086
37.683,1776414549.029000000,/odom_adapted.pose.pose.position.x,-0.8183574050365108
37.688,1776414549.034000000,/odom_adapted.pose.pose.position.x,-0.8215848827265602
37.715,1776414549.061000000,/odom_adapted.pose.pose.position.x,-0.8248869842542661
37.725,1776414549.071000000,/odom_adapted.pose.pose.position.x,-0.8281228058726355
37.752,1776414549.098000000,/odom_adapted.pose.pose.position.x,-0.8313757758373271
37.78,1776414549.126000000,/odom_adapted.pose.pose.position.x,-0.8347682017695894
37.786,1776414549.132000000,/odom_adapted.pose.pose.position.x,-0.8381299466613462
37.826,1776414549.172000000,/odom_adapted.pose.pose.position.x,-0.84153328260056
37.833,1776414549.179000000,/odom_adapted.pose.pose.position.x,-0.8449272991134277
37.847,1776414549.193000000,/odom_adapted.pose.pose.position.x,-0.8483090995549424
37.899,1776414549.245000000,/odom_adapted.pose.pose.position.x,-0.8517235591679637
37.92,1776414549.266000000,/odom_adapted.pose.pose.position.x,-0.8553045044010583
37.924,1776414549.270000000,/odom_adapted.pose.pose.position.x,-0.8589079758160663
37.952,1776414549.298000000,/odom_adapted.pose.pose.position.x,-0.862381443581546
37.96,1776414549.306000000,/odom_adapted.pose.pose.position.x,-0.8659146995146095
37.989,1776414549.335000000,/odom_adapted.pose.pose.position.x,-0.8693055957705946
37.992,1776414549.338000000,/odom_adapted.pose.pose.position.x,-0.8726715926850293
38.016,1776414549.362000000,/odom_adapted.pose.pose.position.x,-0.8762814436354476
38.051,1776414549.397000000,/odom_adapted.pose.pose.position.x,-0.8799022902477321
38.053,1776414549.399000000,/odom_adapted.pose.pose.position.x,-0.8835418160262752
38.085,1776414549.431000000,/odom_adapted.pose.pose.position.x,-0.8871578297141165
38.114,1776414549.460000000,/odom_adapted.pose.pose.position.x,-0.8905192802025906
38.114,1776414549.460000000,/odom_adapted.pose.pose.position.x,-0.893918394821546
38.127,1776414549.473000000,/odom_adapted.pose.pose.position.x,-0.8975307084822668
38.149,1776414549.495000000,/odom_adapted.pose.pose.position.x,-0.9011268114680417
38.185,1776414549.531000000,/odom_adapted.pose.pose.position.x,-0.9047826577607228
38.188,1776414549.534000000,/odom_adapted.pose.pose.position.x,-0.9085512084584294
38.217,1776414549.563000000,/odom_adapted.pose.pose.position.x,-0.9118961527063064
38.227,1776414549.573000000,/odom_adapted.pose.pose.position.x,-0.9154404473988432
38.253,1776414549.599000000,/odom_adapted.pose.pose.position.x,-0.9192319878161165
38.282,1776414549.628000000,/odom_adapted.pose.pose.position.x,-0.9222526643423188
38.315,1776414549.661000000,/odom_adapted.pose.pose.position.x,-0.9257509138864185
38.315,1776414549.661000000,/odom_adapted.pose.pose.position.x,-0.9293079067185851
38.33,1776414549.676000000,/odom_adapted.pose.pose.position.x,-0.9326683904736388
38.352,1776414549.698000000,/odom_adapted.pose.pose.position.x,-0.9360709892613078
38.383,1776414549.729000000,/odom_adapted.pose.pose.position.x,-0.939505839344511
38.414,1776414549.760000000,/odom_adapted.pose.pose.position.x,-0.9428769522406584
38.415,1776414549.761000000,/odom_adapted.pose.pose.position.x,-0.946252261627156
38.448,1776414549.794000000,/odom_adapted.pose.pose.position.x,-0.9496585951521342
38.454,1776414549.800000000,/odom_adapted.pose.pose.position.x,-0.9530490122770956
38.482,1776414549.828000000,/odom_adapted.pose.pose.position.x,-0.9566786787175084
38.513,1776414549.859000000,/odom_adapted.pose.pose.position.x,-0.9601637155812521
38.524,1776414549.870000000,/odom_adapted.pose.pose.position.x,-0.9636450867615717
38.547,1776414549.893000000,/odom_adapted.pose.pose.position.x,-0.967298384301794
38.562,1776414549.908000000,/odom_adapted.pose.pose.position.x,-0.9708670002279138
38.58,1776414549.926000000,/odom_adapted.pose.pose.position.x,-0.9745134835783646
38.589,1776414549.935000000,/odom_adapted.pose.pose.position.x,-0.9781320634267244
38.612,1776414549.958000000,/odom_adapted.pose.pose.position.x,-0.9817088170088932
38.63,1776414549.976000000,/odom_adapted.pose.pose.position.x,-0.9854203828484625
38.657,1776414550.003000000,/odom_adapted.pose.pose.position.x,-0.9891587588255097
38.68,1776414550.026000000,/odom_adapted.pose.pose.position.x,-0.9930137979031395
38.714,1776414550.060000000,/odom_adapted.pose.pose.position.x,-0.9968483100806423
38.714,1776414550.060000000,/odom_adapted.pose.pose.position.x,-1.000929611448062
38.748,1776414550.094000000,/odom_adapted.pose.pose.position.x,-1.0049866627511859
38.761,1776414550.107000000,/odom_adapted.pose.pose.position.x,-1.0094615917922494
38.78,1776414550.126000000,/odom_adapted.pose.pose.position.x,-1.0131618854008326
38.82,1776414550.166000000,/odom_adapted.pose.pose.position.x,-1.0172035428416066
38.822,1776414550.168000000,/odom_adapted.pose.pose.position.x,-1.0212949243909062
38.855,1776414550.201000000,/odom_adapted.pose.pose.position.x,-1.0252447221752903
38.859,1776414550.205000000,/odom_adapted.pose.pose.position.x,-1.029194821008675
38.888,1776414550.234000000,/odom_adapted.pose.pose.position.x,-1.0334301918071198
38.89,1776414550.236000000,/odom_adapted.pose.pose.position.x,-1.0375885233715898
38.931,1776414550.277000000,/odom_adapted.pose.pose.position.x,-1.0418117881475641
38.948,1776414550.294000000,/odom_adapted.pose.pose.position.x,-1.0460167228211452
38.96,1776414550.306000000,/odom_adapted.pose.pose.position.x,-1.0502241639442285
38.981,1776414550.327000000,/odom_adapted.pose.pose.position.x,-1.0544202218522245
39.012,1776414550.358000000,/odom_adapted.pose.pose.position.x,-1.0587021377827455
39.016,1776414550.362000000,/odom_adapted.pose.pose.position.x,-1.0630040603690736
39.046,1776414550.392000000,/odom_adapted.pose.pose.position.x,-1.0672815976183145
39.055,1776414550.401000000,/odom_adapted.pose.pose.position.x,-1.0715879330926894
39.081,1776414550.427000000,/odom_adapted.pose.pose.position.x,-1.0759203752144704
39.113,1776414550.459000000,/odom_adapted.pose.pose.position.x,-1.080191716305919
39.117,1776414550.463000000,/odom_adapted.pose.pose.position.x,-1.0842601477486824
39.129,1776414550.475000000,/odom_adapted.pose.pose.position.x,-1.0883159094176706
39.15,1776414550.496000000,/odom_adapted.pose.pose.position.x,-1.0924837895313115
39.182,1776414550.528000000,/odom_adapted.pose.pose.position.x,-1.0966894503751288
39.215,1776414550.561000000,/odom_adapted.pose.pose.position.x,-1.100969966631996
39.216,1776414550.562000000,/odom_adapted.pose.pose.position.x,-1.1052793932634484
39.248,1776414550.594000000,/odom_adapted.pose.pose.position.x,-1.109561775774854
39.25,1776414550.596000000,/odom_adapted.pose.pose.position.x,-1.1138651629036127
39.282,1776414550.628000000,/odom_adapted.pose.pose.position.x,-1.1181909870517317
39.316,1776414550.662000000,/odom_adapted.pose.pose.position.x,-1.1224785897818101
39.318,1776414550.664000000,/odom_adapted.pose.pose.position.x,-1.1268285590284257
39.33,1776414550.676000000,/odom_adapted.pose.pose.position.x,-1.1311430063838603
39.35,1776414550.696000000,/odom_adapted.pose.pose.position.x,-1.1354012435815646
39.384,1776414550.730000000,/odom_adapted.pose.pose.position.x,-1.1397320058150886
39.387,1776414550.733000000,/odom_adapted.pose.pose.position.x,-1.1439821028977208
39.417,1776414550.763000000,/odom_adapted.pose.pose.position.x,-1.1485127512017073
39.445,1776414550.791000000,/odom_adapted.pose.pose.position.x,-1.1530552664006386
39.457,1776414550.803000000,/odom_adapted.pose.pose.position.x,-1.157465953102489
39.482,1776414550.828000000,/odom_adapted.pose.pose.position.x,-1.1619848400595363
39.495,1776414550.841000000,/odom_adapted.pose.pose.position.x,-1.1663303147472457
39.516,1776414550.862000000,/odom_adapted.pose.pose.position.x,-1.17071230871539
39.526,1776414550.872000000,/odom_adapted.pose.pose.position.x,-1.175172158018498
39.561,1776414550.907000000,/odom_adapted.pose.pose.position.x,-1.1795465803942482
39.58,1776414550.926000000,/odom_adapted.pose.pose.position.x,-1.181570055597144
39.589,1776414550.935000000,/odom_adapted.pose.pose.position.x,-1.183590613625626
39.613,1776414550.959000000,/odom_adapted.pose.pose.position.x,-1.1848314104951576
39.624,1776414550.970000000,/odom_adapted.pose.pose.position.x,-1.1860640255614305
39.658,1776414551.004000000,/odom_adapted.pose.pose.position.x,-1.1865009129784287
39.69,1776414551.036000000,/odom_adapted.pose.pose.position.x,-1.1869411258381344
39.693,1776414551.039000000,/odom_adapted.pose.pose.position.x,-1.1869411258381344
39.716,1776414551.062000000,/odom_adapted.pose.pose.position.x,-1.1869411258381344
39.726,1776414551.072000000,/odom_adapted.pose.pose.position.x,-1.1869411258381344
39.757,1776414551.103000000,/odom_adapted.pose.pose.position.x,-1.1869411258381344
39.784,1776414551.130000000,/odom_adapted.pose.pose.position.x,-1.1869411258381344
39.789,1776414551.135000000,/odom_adapted.pose.pose.position.x,-1.1869411258381344
39.821,1776414551.167000000,/odom_adapted.pose.pose.position.x,-1.1869411258381344
39.828,1776414551.174000000,/odom_adapted.pose.pose.position.x,-1.1869411258381344
39.849,1776414551.195000000,/odom_adapted.pose.pose.position.x,-1.1869411258381344
39.889,1776414551.235000000,/odom_adapted.pose.pose.position.x,-1.1869411258381344
39.922,1776414551.268000000,/odom_adapted.pose.pose.position.x,-1.1869411258381344
39.923,1776414551.269000000,/odom_adapted.pose.pose.position.x,-1.1869411258381344
39.942,1776414551.288000000,/odom_adapted.pose.pose.position.x,-1.1869411258381344
39.945,1776414551.291000000,/odom_adapted.pose.pose.position.x,-1.1869411258381344
39.993,1776414551.339000000,/odom_adapted.pose.pose.position.x,-1.1869411258381344
39.996,1776414551.342000000,/odom_adapted.pose.pose.position.x,-1.1869411258381344
40.022,1776414551.368000000,/odom_adapted.pose.pose.position.x,-1.1869411258381344
40.029,1776414551.375000000,/odom_adapted.pose.pose.position.x,-1.1869411258381344
40.064,1776414551.410000000,/odom_adapted.pose.pose.position.x,-1.1869411258381344
40.066,1776414551.412000000,/odom_adapted.pose.pose.position.x,-1.1869411258381344
40.097,1776414551.443000000,/odom_adapted.pose.pose.position.x,-1.1869411258381344
40.108,1776414551.454000000,/odom_adapted.pose.pose.position.x,-1.1869411258381344
40.149,1776414551.495000000,/odom_adapted.pose.pose.position.x,-1.1869411258381344
40.156,1776414551.502000000,/odom_adapted.pose.pose.position.x,-1.1869411258381344
40.188,1776414551.534000000,/odom_adapted.pose.pose.position.x,-1.1869411258381344
40.209,1776414551.555000000,/odom_adapted.pose.pose.position.x,-1.1869411258381344
40.213,1776414551.559000000,/odom_adapted.pose.pose.position.x,-1.1869411258381344
40.255,1776414551.601000000,/odom_adapted.pose.pose.position.x,-1.1869411258381344
40.256,1776414551.602000000,/odom_adapted.pose.pose.position.x,-1.1869411258381344
40.287,1776414551.633000000,/odom_adapted.pose.pose.position.x,-1.1869411258381344
40.326,1776414551.672000000,/odom_adapted.pose.pose.position.x,-1.1869411258381344
40.327,1776414551.673000000,/odom_adapted.pose.pose.position.x,-1.1869411258381344
40.33,1776414551.676000000,/odom_adapted.pose.pose.position.x,-1.1869411258381344
40.352,1776414551.698000000,/odom_adapted.pose.pose.position.x,-1.1869411258381344
40.399,1776414551.745000000,/odom_adapted.pose.pose.position.x,-1.1869411258381344
40.418,1776414551.764000000,/odom_adapted.pose.pose.position.x,-1.1869411258381344
40.422,1776414551.768000000,/odom_adapted.pose.pose.position.x,-1.1869411258381344
40.427,1776414551.773000000,/odom_adapted.pose.pose.position.x,-1.1869411258381344
40.452,1776414551.798000000,/odom_adapted.pose.pose.position.x,-1.1869411258381344
40.48,1776414551.826000000,/odom_adapted.pose.pose.position.x,-1.1869411258381344
40.513,1776414551.859000000,/odom_adapted.pose.pose.position.x,-1.1869411258381344
40.516,1776414551.862000000,/odom_adapted.pose.pose.position.x,-1.1869411258381344
40.526,1776414551.872000000,/odom_adapted.pose.pose.position.x,-1.1869411258381344
40.551,1776414551.897000000,/odom_adapted.pose.pose.position.x,-1.1869411258381344
40.58,1776414551.926000000,/odom_adapted.pose.pose.position.x,-1.1869411258381344
40.612,1776414551.958000000,/odom_adapted.pose.pose.position.x,-1.1869411258381344
40.613,1776414551.959000000,/odom_adapted.pose.pose.position.x,-1.1869411258381344
40.647,1776414551.993000000,/odom_adapted.pose.pose.position.x,-1.1869411258381344
40.65,1776414551.996000000,/odom_adapted.pose.pose.position.x,-1.1869411258381344
40.684,1776414552.030000000,/odom_adapted.pose.pose.position.x,-1.1869411258381344
40.693,1776414552.039000000,/odom_adapted.pose.pose.position.x,-1.1869411258381344
40.717,1776414552.063000000,/odom_adapted.pose.pose.position.x,-1.1869411258381344
40.727,1776414552.073000000,/odom_adapted.pose.pose.position.x,-1.1869411258381344
40.748,1776414552.094000000,/odom_adapted.pose.pose.position.x,-1.1869411258381344
40.782,1776414552.128000000,/odom_adapted.pose.pose.position.x,-1.1869411258381344
40.79,1776414552.136000000,/odom_adapted.pose.pose.position.x,-1.1869411258381344
40.816,1776414552.162000000,/odom_adapted.pose.pose.position.x,-1.1869411258381344
40.828,1776414552.174000000,/odom_adapted.pose.pose.position.x,-1.1869411258381344
40.852,1776414552.198000000,/odom_adapted.pose.pose.position.x,-1.1869411258381344
40.881,1776414552.227000000,/odom_adapted.pose.pose.position.x,-1.1869411258381344
40.894,1776414552.240000000,/odom_adapted.pose.pose.position.x,-1.1869411258381344
40.914,1776414552.260000000,/odom_adapted.pose.pose.position.x,-1.1869411258381344
40.928,1776414552.274000000,/odom_adapted.pose.pose.position.x,-1.1869411258381344
40.96,1776414552.306000000,/odom_adapted.pose.pose.position.x,-1.1869411258381344
40.992,1776414552.338000000,/odom_adapted.pose.pose.position.x,-1.1869411258381344
40.995,1776414552.341000000,/odom_adapted.pose.pose.position.x,-1.1869411258381344
41.014,1776414552.360000000,/odom_adapted.pose.pose.position.x,-1.1869411258381344
41.03,1776414552.376000000,/odom_adapted.pose.pose.position.x,-1.1869411258381344
41.051,1776414552.397000000,/odom_adapted.pose.pose.position.x,-1.1869411258381344
41.09,1776414552.436000000,/odom_adapted.pose.pose.position.x,-1.1869411258381344
41.093,1776414552.439000000,/odom_adapted.pose.pose.position.x,-1.1869411258381344
41.114,1776414552.460000000,/odom_adapted.pose.pose.position.x,-1.1869411258381344
41.127,1776414552.473000000,/odom_adapted.pose.pose.position.x,-1.1869411258381344
41.15,1776414552.496000000,/odom_adapted.pose.pose.position.x,-1.1869411258381344
41.181,1776414552.527000000,/odom_adapted.pose.pose.position.x,-1.1869411258381344
41.19,1776414552.536000000,/odom_adapted.pose.pose.position.x,-1.1869411258381344
41.213,1776414552.559000000,/odom_adapted.pose.pose.position.x,-1.1869411258381344
41.251,1776414552.597000000,/odom_adapted.pose.pose.position.x,-1.1869411258381344
41.255,1776414552.601000000,/odom_adapted.pose.pose.position.x,-1.1869411258381344
41.283,1776414552.629000000,/odom_adapted.pose.pose.position.x,-1.1869411258381344
41.289,1776414552.635000000,/odom_adapted.pose.pose.position.x,-1.1869411258381344
41.317,1776414552.663000000,/odom_adapted.pose.pose.position.x,-1.1869411258381344
41.326,1776414552.672000000,/odom_adapted.pose.pose.position.x,-1.1869411258381344
41.349,1776414552.695000000,/odom_adapted.pose.pose.position.x,-1.1869411258381344
41.38,1776414552.726000000,/odom_adapted.pose.pose.position.x,-1.1869411258381344
41.385,1776414552.731000000,/odom_adapted.pose.pose.position.x,-1.1869411258381344
41.414,1776414552.760000000,/odom_adapted.pose.pose.position.x,-1.1869411258381344
41.426,1776414552.772000000,/odom_adapted.pose.pose.position.x,-1.1869411258381344
41.452,1776414552.798000000,/odom_adapted.pose.pose.position.x,-1.1869411258381344
41.484,1776414552.830000000,/odom_adapted.pose.pose.position.x,-1.1869411258381344
41.514,1776414552.860000000,/odom_adapted.pose.pose.position.x,-1.1869411258381344
41.515,1776414552.861000000,/odom_adapted.pose.pose.position.x,-1.1869411258381344
41.526,1776414552.872000000,/odom_adapted.pose.pose.position.x,-1.1869411258381344
41.551,1776414552.897000000,/odom_adapted.pose.pose.position.x,-1.1869411258381344
41.58,1776414552.926000000,/odom_adapted.pose.pose.position.x,-1.1869411258381344
41.613,1776414552.959000000,/odom_adapted.pose.pose.position.x,-1.1869411258381344
41.615,1776414552.961000000,/odom_adapted.pose.pose.position.x,-1.1869411258381344
41.648,1776414552.994000000,/odom_adapted.pose.pose.position.x,-1.1869411258381344
41.657,1776414553.003000000,/odom_adapted.pose.pose.position.x,-1.1869411258381344
41.68,1776414553.026000000,/odom_adapted.pose.pose.position.x,-1.1869411258381344
41.689,1776414553.035000000,/odom_adapted.pose.pose.position.x,-1.1869411258381344
41.714,1776414553.060000000,/odom_adapted.pose.pose.position.x,-1.1869411258381344
41.726,1776414553.072000000,/odom_adapted.pose.pose.position.x,-1.1869411258381344
41.751,1776414553.097000000,/odom_adapted.pose.pose.position.x,-1.1869411258381344
41.78,1776414553.126000000,/odom_adapted.pose.pose.position.x,-1.1869411258381344
41.819,1776414553.165000000,/odom_adapted.pose.pose.position.x,-1.1869411258381344
41.82,1776414553.166000000,/odom_adapted.pose.pose.position.x,-1.1869411258381344
41.846000000000004,1776414553.192000000,/odom_adapted.pose.pose.position.x,-1.1869411258381344
41.85,1776414553.196000000,/odom_adapted.pose.pose.position.x,-1.1869411258381344
41.882,1776414553.228000000,/odom_adapted.pose.pose.position.x,-1.1869411258381344
41.915,1776414553.261000000,/odom_adapted.pose.pose.position.x,-1.1869411258381344
41.916,1776414553.262000000,/odom_adapted.pose.pose.position.x,-1.1869411258381344
41.929,1776414553.275000000,/odom_adapted.pose.pose.position.x,-1.1869411258381344
41.955,1776414553.301000000,/odom_adapted.pose.pose.position.x,-1.1869411258381344
42,1776414553.346000000,/odom_adapted.pose.pose.position.x,-1.1869411258381344
42.026,1776414553.372000000,/odom_adapted.pose.pose.position.x,-1.1869411258381344
42.034,1776414553.380000000,/odom_adapted.pose.pose.position.x,-1.1869411258381344
42.066,1776414553.412000000,/odom_adapted.pose.pose.position.x,-1.1869411258381344
42.075,1776414553.421000000,/odom_adapted.pose.pose.position.x,-1.1869411258381344
42.093,1776414553.439000000,/odom_adapted.pose.pose.position.x,-1.1869411258381344
42.1,1776414553.446000000,/odom_adapted.pose.pose.position.x,-1.1869411258381344
42.165,1776414553.511000000,/odom_adapted.pose.pose.position.x,-1.1869411258381344
42.165,1776414553.511000000,/odom_adapted.pose.pose.position.x,-1.1869411258381344
42.204,1776414553.550000000,/odom_adapted.pose.pose.position.x,-1.1869411258381344
42.205,1776414553.551000000,/odom_adapted.pose.pose.position.x,-1.1869411258381344
42.205,1776414553.551000000,/odom_adapted.pose.pose.position.x,-1.1869411258381344
42.216,1776414553.562000000,/odom_adapted.pose.pose.position.x,-1.1869411258381344
42.239,1776414553.585000000,/odom_adapted.pose.pose.position.x,-1.1869411258381344
42.255,1776414553.601000000,/odom_adapted.pose.pose.position.x,-1.1869411258381344
42.283,1776414553.629000000,/odom_adapted.pose.pose.position.x,-1.1869411258381344
42.319,1776414553.665000000,/odom_adapted.pose.pose.position.x,-1.1869411258381344
42.328,1776414553.674000000,/odom_adapted.pose.pose.position.x,-1.1869411258381344
42.329,1776414553.675000000,/odom_adapted.pose.pose.position.x,-1.1869411258381344
42.362,1776414553.708000000,/odom_adapted.pose.pose.position.x,-1.1869411258381344
42.395,1776414553.741000000,/odom_adapted.pose.pose.position.x,-1.1869411258381344
42.436,1776414553.782000000,/odom_adapted.pose.pose.position.x,-1.1869411258381344
42.437,1776414553.783000000,/odom_adapted.pose.pose.position.x,-1.1869411258381344
42.437,1776414553.783000000,/odom_adapted.pose.pose.position.x,-1.1869411258381344
42.491,1776414553.837000000,/odom_adapted.pose.pose.position.x,-1.1869411258381344
42.494,1776414553.840000000,/odom_adapted.pose.pose.position.x,-1.1869411258381344
42.53,1776414553.876000000,/odom_adapted.pose.pose.position.x,-1.1869411258381344
42.658,1776414554.004000000,/odom_adapted.pose.pose.position.x,-1.1869411258381344
42.662,1776414554.008000000,/odom_adapted.pose.pose.position.x,-1.1869411258381344
42.662,1776414554.008000000,/odom_adapted.pose.pose.position.x,-1.1869411258381344
42.662,1776414554.008000000,/odom_adapted.pose.pose.position.x,-1.1869411258381344
42.662,1776414554.008000000,/odom_adapted.pose.pose.position.x,-1.1869411258381344
42.662,1776414554.008000000,/odom_adapted.pose.pose.position.x,-1.1869411258381344
42.662,1776414554.008000000,/odom_adapted.pose.pose.position.x,-1.1869411258381344
42.662,1776414554.008000000,/odom_adapted.pose.pose.position.x,-1.1869411258381344
42.68,1776414554.026000000,/odom_adapted.pose.pose.position.x,-1.1869411258381344
42.709,1776414554.055000000,/odom_adapted.pose.pose.position.x,-1.1869411258381344
42.71,1776414554.056000000,/odom_adapted.pose.pose.position.x,-1.1869411258381344
42.747,1776414554.093000000,/odom_adapted.pose.pose.position.x,-1.1869411258381344
42.765,1776414554.111000000,/odom_adapted.pose.pose.position.x,-1.1869411258381344
42.783,1776414554.129000000,/odom_adapted.pose.pose.position.x,-1.1869411258381344
42.785,1776414554.131000000,/odom_adapted.pose.pose.position.x,-1.1869411258381344
42.811,1776414554.157000000,/odom_adapted.pose.pose.position.x,-1.1869411258381344
42.852,1776414554.198000000,/odom_adapted.pose.pose.position.x,-1.1869411258381344
42.855,1776414554.201000000,/odom_adapted.pose.pose.position.x,-1.1869411258381344
42.887,1776414554.233000000,/odom_adapted.pose.pose.position.x,-1.1869411258381344
42.915,1776414554.261000000,/odom_adapted.pose.pose.position.x,-1.1869411258381344
42.916,1776414554.262000000,/odom_adapted.pose.pose.position.x,-1.1869411258381344
42.952,1776414554.298000000,/odom_adapted.pose.pose.position.x,-1.1869411258381344
42.952,1776414554.298000000,/odom_adapted.pose.pose.position.x,-1.1869411258381344
42.98,1776414554.326000000,/odom_adapted.pose.pose.position.x,-1.1869411258381344
43.015,1776414554.361000000,/odom_adapted.pose.pose.position.x,-1.1869411258381344
43.016,1776414554.362000000,/odom_adapted.pose.pose.position.x,-1.1869411258381344
43.051,1776414554.397000000,/odom_adapted.pose.pose.position.x,-1.1869411258381344
43.052,1776414554.398000000,/odom_adapted.pose.pose.position.x,-1.1869411258381344
43.087,1776414554.433000000,/odom_adapted.pose.pose.position.x,-1.1869411258381344
43.09,1776414554.436000000,/odom_adapted.pose.pose.position.x,-1.1869411258381344
43.118,1776414554.464000000,/odom_adapted.pose.pose.position.x,-1.1869411258381344
43.153,1776414554.499000000,/odom_adapted.pose.pose.position.x,-1.1869411258381344
43.157,1776414554.503000000,/odom_adapted.pose.pose.position.x,-1.1869411258381344
43.186,1776414554.532000000,/odom_adapted.pose.pose.position.x,-1.1869411258381344
43.216,1776414554.562000000,/odom_adapted.pose.pose.position.x,-1.1869411258381344
43.217,1776414554.563000000,/odom_adapted.pose.pose.position.x,-1.1869411258381344
43.255,1776414554.601000000,/odom_adapted.pose.pose.position.x,-1.1869411258381344
43.255,1776414554.601000000,/odom_adapted.pose.pose.position.x,-1.1869411258381344
43.286,1776414554.632000000,/odom_adapted.pose.pose.position.x,-1.1869411258381344
43.291,1776414554.637000000,/odom_adapted.pose.pose.position.x,-1.1869411258381344
43.331,1776414554.677000000,/odom_adapted.pose.pose.position.x,-1.1869411258381344
43.378,1776414554.724000000,/odom_adapted.pose.pose.position.x,-1.1869411258381344
43.405,1776414554.751000000,/odom_adapted.pose.pose.position.x,-1.1869411258381344
43.405,1776414554.751000000,/odom_adapted.pose.pose.position.x,-1.1869411258381344
43.418,1776414554.764000000,/odom_adapted.pose.pose.position.x,-1.1869411258381344
43.421,1776414554.767000000,/odom_adapted.pose.pose.position.x,-1.1869411258381344
43.429,1776414554.775000000,/odom_adapted.pose.pose.position.x,-1.1869411258381344
43.456,1776414554.802000000,/odom_adapted.pose.pose.position.x,-1.1869411258381344
43.47,1776414554.816000000,/odom_adapted.pose.pose.position.x,-1.1869411258381344
43.516,1776414554.862000000,/odom_adapted.pose.pose.position.x,-1.1869411258381344
43.519,1776414554.865000000,/odom_adapted.pose.pose.position.x,-1.1869411258381344
43.526,1776414554.872000000,/odom_adapted.pose.pose.position.x,-1.1869411258381344
43.56,1776414554.906000000,/odom_adapted.pose.pose.position.x,-1.1869411258381344
43.586,1776414554.932000000,/odom_adapted.pose.pose.position.x,-1.1869411258381344
43.596000000000004,1776414554.942000000,/odom_adapted.pose.pose.position.x,-1.1869411258381344
43.618,1776414554.964000000,/odom_adapted.pose.pose.position.x,-1.1869411258381344
43.628,1776414554.974000000,/odom_adapted.pose.pose.position.x,-1.1869411258381344
43.66,1776414555.006000000,/odom_adapted.pose.pose.position.x,-1.1869411258381344
43.681,1776414555.027000000,/odom_adapted.pose.pose.position.x,-1.1869411258381344
43.69,1776414555.036000000,/odom_adapted.pose.pose.position.x,-1.1869411258381344
43.717,1776414555.063000000,/odom_adapted.pose.pose.position.x,-1.1869411258381344
43.753,1776414555.099000000,/odom_adapted.pose.pose.position.x,-1.1869411258381344
43.756,1776414555.102000000,/odom_adapted.pose.pose.position.x,-1.1869411258381344
43.787,1776414555.133000000,/odom_adapted.pose.pose.position.x,-1.1869411258381344
43.821,1776414555.167000000,/odom_adapted.pose.pose.position.x,-1.1869411258381344
43.822,1776414555.168000000,/odom_adapted.pose.pose.position.x,-1.1869411258381344
43.85,1776414555.196000000,/odom_adapted.pose.pose.position.x,-1.1869411258381344
43.864,1776414555.210000000,/odom_adapted.pose.pose.position.x,-1.1869411258381344
43.882,1776414555.228000000,/odom_adapted.pose.pose.position.x,-1.1869411258381344
43.918,1776414555.264000000,/odom_adapted.pose.pose.position.x,-1.1869411258381344
43.918,1776414555.264000000,/odom_adapted.pose.pose.position.x,-1.1869411258381344
43.946,1776414555.292000000,/odom_adapted.pose.pose.position.x,-1.1869411258381344
43.956,1776414555.302000000,/odom_adapted.pose.pose.position.x,-1.1863807499721173
43.986,1776414555.332000000,/odom_adapted.pose.pose.position.x,-1.1858107957140909
44.013,1776414555.359000000,/odom_adapted.pose.pose.position.x,-1.1833507809406414
44.014,1776414555.360000000,/odom_adapted.pose.pose.position.x,-1.1808427021345969
44.027,1776414555.373000000,/odom_adapted.pose.pose.position.x,-1.1769310561011603
44.05,1776414555.396000000,/odom_adapted.pose.pose.position.x,-1.1730037722276254
44.084,1776414555.430000000,/odom_adapted.pose.pose.position.x,-1.1689375901926418
44.087,1776414555.433000000,/odom_adapted.pose.pose.position.x,-1.1641097175865112
44.116,1776414555.462000000,/odom_adapted.pose.pose.position.x,-1.1591772750152554
44.15,1776414555.496000000,/odom_adapted.pose.pose.position.x,-1.1535468657843404
44.184,1776414555.530000000,/odom_adapted.pose.pose.position.x,-1.1478888339969158
44.185,1776414555.531000000,/odom_adapted.pose.pose.position.x,-1.140981594771092
44.187,1776414555.533000000,/odom_adapted.pose.pose.position.x,-1.134056233772839
44.214,1776414555.560000000,/odom_adapted.pose.pose.position.x,-1.1267608833276017
44.229,1776414555.575000000,/odom_adapted.pose.pose.position.x,-1.119198764250446
44.25,1776414555.596000000,/odom_adapted.pose.pose.position.x,-1.1117841938191997
44.28,1776414555.626000000,/odom_adapted.pose.pose.position.x,-1.1041340153598784
44.289,1776414555.635000000,/odom_adapted.pose.pose.position.x,-1.096662000705595
44.316,1776414555.662000000,/odom_adapted.pose.pose.position.x,-1.0891538299023116
44.329,1776414555.675000000,/odom_adapted.pose.pose.position.x,-1.0813672709178355
44.354,1776414555.700000000,/odom_adapted.pose.pose.position.x,-1.0735142624959515
44.385,1776414555.731000000,/odom_adapted.pose.pose.position.x,-1.0657365043795575
44.39,1776414555.736000000,/odom_adapted.pose.pose.position.x,-1.0580241963160115
44.416,1776414555.762000000,/odom_adapted.pose.pose.position.x,-1.0501337536060298
44.427,1776414555.773000000,/odom_adapted.pose.pose.position.x,-1.0422946025947788
44.451,1776414555.797000000,/odom_adapted.pose.pose.position.x,-1.0343549732365842
44.481,1776414555.827000000,/odom_adapted.pose.pose.position.x,-1.0265924891578404
44.494,1776414555.840000000,/odom_adapted.pose.pose.position.x,-1.0186163916901898
44.522,1776414555.868000000,/odom_adapted.pose.pose.position.x,-1.010718335504084
44.552,1776414555.898000000,/odom_adapted.pose.pose.position.x,-1.0029855855894194
44.553,1776414555.899000000,/odom_adapted.pose.pose.position.x,-0.9950391479234613
44.581,1776414555.927000000,/odom_adapted.pose.pose.position.x,-0.9873192750116612
44.594,1776414555.940000000,/odom_adapted.pose.pose.position.x,-0.9795768796976057
44.616,1776414555.962000000,/odom_adapted.pose.pose.position.x,-0.973050206876769
44.647,1776414555.993000000,/odom_adapted.pose.pose.position.x,-0.9665024052582388
44.659,1776414556.005000000,/odom_adapted.pose.pose.position.x,-0.9634019846379678
44.694,1776414556.040000000,/odom_adapted.pose.pose.position.x,-0.960275448895671
44.729,1776414556.075000000,/odom_adapted.pose.pose.position.x,-0.9587565773007937
44.734,1776414556.080000000,/odom_adapted.pose.pose.position.x,-0.9572462062240924
44.734,1776414556.080000000,/odom_adapted.pose.pose.position.x,-0.9562568319869353
44.794,1776414556.140000000,/odom_adapted.pose.pose.position.x,-0.9552251061104133
44.795,1776414556.141000000,/odom_adapted.pose.pose.position.x,-0.9548060630738422
44.796,1776414556.142000000,/odom_adapted.pose.pose.position.x,-0.9543728400524937
44.862,1776414556.208000000,/odom_adapted.pose.pose.position.x,-0.9542898260046203
44.862,1776414556.208000000,/odom_adapted.pose.pose.position.x,-0.9542086433890611
44.863,1776414556.209000000,/odom_adapted.pose.pose.position.x,-0.9539484105580116
44.936,1776414556.282000000,/odom_adapted.pose.pose.position.x,-0.9536932785739077
44.936,1776414556.282000000,/odom_adapted.pose.pose.position.x,-0.9527729323626745
44.955,1776414556.301000000,/odom_adapted.pose.pose.position.x,-0.951810878125847
44.955,1776414556.301000000,/odom_adapted.pose.pose.position.x,-0.9508550843768686
44.957,1776414556.303000000,/odom_adapted.pose.pose.position.x,-0.9489116609281095
44.992,1776414556.338000000,/odom_adapted.pose.pose.position.x,-0.9469650672780613
45.001,1776414556.347000000,/odom_adapted.pose.pose.position.x,-0.9438132296631891
45.008,1776414556.354000000,/odom_adapted.pose.pose.position.x,-0.9405584451515655
45.079,1776414556.425000000,/odom_adapted.pose.pose.position.x,-0.9361419474462727
45.11,1776414556.456000000,/odom_adapted.pose.pose.position.x,-0.9307360119581193
45.113,1776414556.459000000,/odom_adapted.pose.pose.position.x,-0.925286172061416
45.113,1776414556.459000000,/odom_adapted.pose.pose.position.x,-0.9190156686512645
45.113,1776414556.459000000,/odom_adapted.pose.pose.position.x,-0.9129451009656352
45.127,1776414556.473000000,/odom_adapted.pose.pose.position.x,-0.9067590448767889
45.15,1776414556.496000000,/odom_adapted.pose.pose.position.x,-0.899945194044835
45.184,1776414556.530000000,/odom_adapted.pose.pose.position.x,-0.8931955745972293
45.19,1776414556.536000000,/odom_adapted.pose.pose.position.x,-0.8862830808608957
45.218,1776414556.564000000,/odom_adapted.pose.pose.position.x,-0.8792827565244752
45.227,1776414556.573000000,/odom_adapted.pose.pose.position.x,-0.8720374343223873
45.254,1776414556.600000000,/odom_adapted.pose.pose.position.x,-0.8640040842832933
45.282,1776414556.628000000,/odom_adapted.pose.pose.position.x,-0.8573060915671006
45.29,1776414556.636000000,/odom_adapted.pose.pose.position.x,-0.849727078142052
45.318,1776414556.664000000,/odom_adapted.pose.pose.position.x,-0.8422665571889725
45.35,1776414556.696000000,/odom_adapted.pose.pose.position.x,-0.8346587372286669
45.355,1776414556.701000000,/odom_adapted.pose.pose.position.x,-0.8272569120435099
45.38,1776414556.726000000,/odom_adapted.pose.pose.position.x,-0.8197910624911373
45.394,1776414556.740000000,/odom_adapted.pose.pose.position.x,-0.8124912655412001
45.414,1776414556.760000000,/odom_adapted.pose.pose.position.x,-0.8049874002450784
45.452,1776414556.798000000,/odom_adapted.pose.pose.position.x,-0.7976352769077248
45.459,1776414556.805000000,/odom_adapted.pose.pose.position.x,-0.790238677050304
45.486,1776414556.832000000,/odom_adapted.pose.pose.position.x,-0.7826761318432685
45.493,1776414556.839000000,/odom_adapted.pose.pose.position.x,-0.7749058965589847
45.516,1776414556.862000000,/odom_adapted.pose.pose.position.x,-0.767929225857561
45.528,1776414556.874000000,/odom_adapted.pose.pose.position.x,-0.7608715435169977
45.558,1776414556.904000000,/odom_adapted.pose.pose.position.x,-0.7531192325741431
45.584,1776414556.930000000,/odom_adapted.pose.pose.position.x,-0.7464910059488477
45.594,1776414556.940000000,/odom_adapted.pose.pose.position.x,-0.7393266942493621
45.614,1776414556.960000000,/odom_adapted.pose.pose.position.x,-0.7321023755027609
45.627,1776414556.973000000,/odom_adapted.pose.pose.position.x,-0.7248375797573804
45.653,1776414556.999000000,/odom_adapted.pose.pose.position.x,-0.717676991704011
45.684,1776414557.030000000,/odom_adapted.pose.pose.position.x,-0.7103071823324878
45.687,1776414557.033000000,/odom_adapted.pose.pose.position.x,-0.7025268241615381
45.717,1776414557.063000000,/odom_adapted.pose.pose.position.x,-0.6956955546047405
45.728,1776414557.074000000,/odom_adapted.pose.pose.position.x,-0.688509958187054
45.756,1776414557.102000000,/odom_adapted.pose.pose.position.x,-0.6813150658691753
45.785,1776414557.131000000,/odom_adapted.pose.pose.position.x,-0.6740898988950752
45.814,1776414557.160000000,/odom_adapted.pose.pose.position.x,-0.6667364424229478
45.815,1776414557.161000000,/odom_adapted.pose.pose.position.x,-0.6600233334408441
45.827,1776414557.173000000,/odom_adapted.pose.pose.position.x,-0.6529794030373405
45.851,1776414557.197000000,/odom_adapted.pose.pose.position.x,-0.6458654618671326
45.882,1776414557.228000000,/odom_adapted.pose.pose.position.x,-0.6389430098398885
45.915,1776414557.261000000,/odom_adapted.pose.pose.position.x,-0.6319115268054787
45.915,1776414557.261000000,/odom_adapted.pose.pose.position.x,-0.6249426136500922
45.927,1776414557.273000000,/odom_adapted.pose.pose.position.x,-0.6180824911874653
45.948,1776414557.294000000,/odom_adapted.pose.pose.position.x,-0.6112646344401577
45.979,1776414557.325000000,/odom_adapted.pose.pose.position.x,-0.6042231032542134
45.993,1776414557.339000000,/odom_adapted.pose.pose.position.x,-0.5968396000738038
46.015,1776414557.361000000,/odom_adapted.pose.pose.position.x,-0.5902925888650492
46.026,1776414557.372000000,/odom_adapted.pose.pose.position.x,-0.5833901285786213
46.049,1776414557.395000000,/odom_adapted.pose.pose.position.x,-0.5764033766340835
46.082,1776414557.428000000,/odom_adapted.pose.pose.position.x,-0.569321884223752
46.123,1776414557.469000000,/odom_adapted.pose.pose.position.x,-0.5619792362236038
46.124,1776414557.470000000,/odom_adapted.pose.pose.position.x,-0.5553701376841702
46.128,1776414557.474000000,/odom_adapted.pose.pose.position.x,-0.5484640453528015
46.158,1776414557.504000000,/odom_adapted.pose.pose.position.x,-0.5414775504205775
46.185,1776414557.531000000,/odom_adapted.pose.pose.position.x,-0.534466135420753
46.189,1776414557.535000000,/odom_adapted.pose.pose.position.x,-0.5269195244038538
46.223,1776414557.569000000,/odom_adapted.pose.pose.position.x,-0.5208040790073357
46.25,1776414557.596000000,/odom_adapted.pose.pose.position.x,-0.5142233648687823
46.257,1776414557.603000000,/odom_adapted.pose.pose.position.x,-0.5076954705231267
46.288,1776414557.634000000,/odom_adapted.pose.pose.position.x,-0.501102014366907
46.295,1776414557.641000000,/odom_adapted.pose.pose.position.x,-0.4940998229343387
46.318,1776414557.664000000,/odom_adapted.pose.pose.position.x,-0.48782353572011705
46.327,1776414557.673000000,/odom_adapted.pose.pose.position.x,-0.4813003404479
46.355,1776414557.701000000,/odom_adapted.pose.pose.position.x,-0.47359919388081584
46.383,1776414557.729000000,/odom_adapted.pose.pose.position.x,-0.4679249548828168
46.416,1776414557.762000000,/odom_adapted.pose.pose.position.x,-0.4617089066334901
46.419,1776414557.765000000,/odom_adapted.pose.pose.position.x,-0.4550304485384825
46.424,1776414557.770000000,/odom_adapted.pose.pose.position.x,-0.44838237654265245
46.448,1776414557.794000000,/odom_adapted.pose.pose.position.x,-0.4417232384729247
46.482,1776414557.828000000,/odom_adapted.pose.pose.position.x,-0.4349943198460715
46.495,1776414557.841000000,/odom_adapted.pose.pose.position.x,-0.42799021597277254
46.518,1776414557.864000000,/odom_adapted.pose.pose.position.x,-0.4214253664258722
46.528,1776414557.874000000,/odom_adapted.pose.pose.position.x,-0.4145368188874999
46.554,1776414557.900000000,/odom_adapted.pose.pose.position.x,-0.4079945730067705
46.583,1776414557.929000000,/odom_adapted.pose.pose.position.x,-0.4006725193818992
46.617,1776414557.963000000,/odom_adapted.pose.pose.position.x,-0.3945009608637613
46.619,1776414557.965000000,/odom_adapted.pose.pose.position.x,-0.38787205492090593
46.627,1776414557.973000000,/odom_adapted.pose.pose.position.x,-0.38123507361117986
46.651,1776414557.997000000,/odom_adapted.pose.pose.position.x,-0.3746301106341387
46.681,1776414558.027000000,/odom_adapted.pose.pose.position.x,-0.36793300917816946
46.72,1776414558.066000000,/odom_adapted.pose.pose.position.x,-0.3613417246656726
46.722,1776414558.068000000,/odom_adapted.pose.pose.position.x,-0.3547837083563533
46.725,1776414558.071000000,/odom_adapted.pose.pose.position.x,-0.3482714908797221
46.751,1776414558.097000000,/odom_adapted.pose.pose.position.x,-0.34195123749532874
46.787,1776414558.133000000,/odom_adapted.pose.pose.position.x,-0.33561218691682604
46.79,1776414558.136000000,/odom_adapted.pose.pose.position.x,-0.32941911426674764
46.817,1776414558.163000000,/odom_adapted.pose.pose.position.x,-0.32308418141456136
46.827,1776414558.173000000,/odom_adapted.pose.pose.position.x,-0.3167886051285506
46.852,1776414558.198000000,/odom_adapted.pose.pose.position.x,-0.3105688216864076
46.884,1776414558.230000000,/odom_adapted.pose.pose.position.x,-0.30407269617298266
46.913,1776414558.259000000,/odom_adapted.pose.pose.position.x,-0.29770320188868943
46.914,1776414558.260000000,/odom_adapted.pose.pose.position.x,-0.2910223689537817
46.951,1776414558.297000000,/odom_adapted.pose.pose.position.x,-0.2846054354883869
46.96,1776414558.306000000,/odom_adapted.pose.pose.position.x,-0.27790231346890676
46.981,1776414558.327000000,/odom_adapted.pose.pose.position.x,-0.2712226070225541
47.013,1776414558.359000000,/odom_adapted.pose.pose.position.x,-0.264582793510925
47.014,1776414558.360000000,/odom_adapted.pose.pose.position.x,-0.25788363086879196
47.027,1776414558.373000000,/odom_adapted.pose.pose.position.x,-0.25130433158229376
47.051,1776414558.397000000,/odom_adapted.pose.pose.position.x,-0.24486494503727962
47.081,1776414558.427000000,/odom_adapted.pose.pose.position.x,-0.23827631612112127
47.117,1776414558.463000000,/odom_adapted.pose.pose.position.x,-0.23180999703195276
47.118,1776414558.464000000,/odom_adapted.pose.pose.position.x,-0.22526078886522763
47.154,1776414558.500000000,/odom_adapted.pose.pose.position.x,-0.2187176363782483
47.155,1776414558.501000000,/odom_adapted.pose.pose.position.x,-0.21164041529607233
47.184,1776414558.530000000,/odom_adapted.pose.pose.position.x,-0.2055126717193227
47.191,1776414558.537000000,/odom_adapted.pose.pose.position.x,-0.19929301848616746
47.22,1776414558.566000000,/odom_adapted.pose.pose.position.x,-0.19298987237478343
47.255,1776414558.601000000,/odom_adapted.pose.pose.position.x,-0.1867002938364247
47.255,1776414558.601000000,/odom_adapted.pose.pose.position.x,-0.18044114681659373
47.293,1776414558.639000000,/odom_adapted.pose.pose.position.x,-0.17484776914725994
47.293,1776414558.639000000,/odom_adapted.pose.pose.position.x,-0.16940428313338146
47.32,1776414558.666000000,/odom_adapted.pose.pose.position.x,-0.16612676066936732
47.351,1776414558.697000000,/odom_adapted.pose.pose.position.x,-0.16282378176016468
47.352,1776414558.698000000,/odom_adapted.pose.pose.position.x,-0.16128192171576614
47.384,1776414558.730000000,/odom_adapted.pose.pose.position.x,-0.15970028535198474
47.394,1776414558.740000000,/odom_adapted.pose.pose.position.x,-0.15902967916210814
47.417,1776414558.763000000,/odom_adapted.pose.pose.position.x,-0.1583606824877788
47.454,1776414558.800000000,/odom_adapted.pose.pose.position.x,-0.15814369104095408
47.455,1776414558.801000000,/odom_adapted.pose.pose.position.x,-0.15792672777994562
47.484,1776414558.830000000,/odom_adapted.pose.pose.position.x,-0.15792672777994562
47.49,1776414558.836000000,/odom_adapted.pose.pose.position.x,-0.15792672777994562
47.517,1776414558.863000000,/odom_adapted.pose.pose.position.x,-0.15792672777994562
47.547,1776414558.893000000,/odom_adapted.pose.pose.position.x,-0.15792672777994562
47.561,1776414558.907000000,/odom_adapted.pose.pose.position.x,-0.15792672777994562
47.581,1776414558.927000000,/odom_adapted.pose.pose.position.x,-0.15792672777994562
47.615,1776414558.961000000,/odom_adapted.pose.pose.position.x,-0.15792672777994562
47.616,1776414558.962000000,/odom_adapted.pose.pose.position.x,-0.15792672777994562
47.649,1776414558.995000000,/odom_adapted.pose.pose.position.x,-0.15792672777994562
47.652,1776414558.998000000,/odom_adapted.pose.pose.position.x,-0.15792672777994562
47.685,1776414559.031000000,/odom_adapted.pose.pose.position.x,-0.15792672777994562
47.689,1776414559.035000000,/odom_adapted.pose.pose.position.x,-0.15792672777994562
47.716,1776414559.062000000,/odom_adapted.pose.pose.position.x,-0.15792672777994562
47.727,1776414559.073000000,/odom_adapted.pose.pose.position.x,-0.15792672777994562
47.75,1776414559.096000000,/odom_adapted.pose.pose.position.x,-0.15792672777994562
47.781,1776414559.127000000,/odom_adapted.pose.pose.position.x,-0.15792672777994562
47.79,1776414559.136000000,/odom_adapted.pose.pose.position.x,-0.15792672777994562
47.814,1776414559.160000000,/odom_adapted.pose.pose.position.x,-0.15792672777994562
47.862,1776414559.208000000,/odom_adapted.pose.pose.position.x,-0.15792672777994562
47.863,1776414559.209000000,/odom_adapted.pose.pose.position.x,-0.15792672777994562
47.88,1776414559.226000000,/odom_adapted.pose.pose.position.x,-0.15792672777994562
47.891,1776414559.237000000,/odom_adapted.pose.pose.position.x,-0.15792672777994562
47.917,1776414559.263000000,/odom_adapted.pose.pose.position.x,-0.15792672777994562
47.928,1776414559.274000000,/odom_adapted.pose.pose.position.x,-0.15792672777994562
47.954,1776414559.300000000,/odom_adapted.pose.pose.position.x,-0.15792672777994562
47.982,1776414559.328000000,/odom_adapted.pose.pose.position.x,-0.15792672777994562
48.012,1776414559.358000000,/odom_adapted.pose.pose.position.x,-0.15792672777994562
48.014,1776414559.360000000,/odom_adapted.pose.pose.position.x,-0.15792672777994562
48.031,1776414559.377000000,/odom_adapted.pose.pose.position.x,-0.15792672777994562
48.059,1776414559.405000000,/odom_adapted.pose.pose.position.x,-0.15792672777994562
48.081,1776414559.427000000,/odom_adapted.pose.pose.position.x,-0.15792672777994562
48.091,1776414559.437000000,/odom_adapted.pose.pose.position.x,-0.15792672777994562
48.117,1776414559.463000000,/odom_adapted.pose.pose.position.x,-0.15792672777994562
48.151,1776414559.497000000,/odom_adapted.pose.pose.position.x,-0.15792672777994562
48.159,1776414559.505000000,/odom_adapted.pose.pose.position.x,-0.15792672777994562
48.184,1776414559.530000000,/odom_adapted.pose.pose.position.x,-0.15792672777994562
48.217,1776414559.563000000,/odom_adapted.pose.pose.position.x,-0.15792672777994562
48.218,1776414559.564000000,/odom_adapted.pose.pose.position.x,-0.15792672777994562
48.23,1776414559.576000000,/odom_adapted.pose.pose.position.x,-0.15792672777994562
48.262,1776414559.608000000,/odom_adapted.pose.pose.position.x,-0.15792672777994562
48.284,1776414559.630000000,/odom_adapted.pose.pose.position.x,-0.15792672777994562
48.29,1776414559.636000000,/odom_adapted.pose.pose.position.x,-0.15792672777994562
48.32,1776414559.666000000,/odom_adapted.pose.pose.position.x,-0.15792672777994562
48.328,1776414559.674000000,/odom_adapted.pose.pose.position.x,-0.15792672777994562
48.361,1776414559.707000000,/odom_adapted.pose.pose.position.x,-0.15792672777994562
48.382,1776414559.728000000,/odom_adapted.pose.pose.position.x,-0.15792672777994562
48.39,1776414559.736000000,/odom_adapted.pose.pose.position.x,-0.15792672777994562
48.417,1776414559.763000000,/odom_adapted.pose.pose.position.x,-0.15792672777994562
48.448,1776414559.794000000,/odom_adapted.pose.pose.position.x,-0.15792672777994562
48.451,1776414559.797000000,/odom_adapted.pose.pose.position.x,-0.15792672777994562
48.483,1776414559.829000000,/odom_adapted.pose.pose.position.x,-0.15792672777994562
48.514,1776414559.860000000,/odom_adapted.pose.pose.position.x,-0.15792672777994562
48.515,1776414559.861000000,/odom_adapted.pose.pose.position.x,-0.15792672777994562
48.527,1776414559.873000000,/odom_adapted.pose.pose.position.x,-0.15792672777994562
48.552,1776414559.898000000,/odom_adapted.pose.pose.position.x,-0.15792672777994562
48.582,1776414559.928000000,/odom_adapted.pose.pose.position.x,-0.15792672777994562
48.594,1776414559.940000000,/odom_adapted.pose.pose.position.x,-0.15792672777994562
48.617,1776414559.963000000,/odom_adapted.pose.pose.position.x,-0.15792672777994562
48.629,1776414559.975000000,/odom_adapted.pose.pose.position.x,-0.15792672777994562
48.651,1776414559.997000000,/odom_adapted.pose.pose.position.x,-0.15792672777994562
48.685,1776414560.031000000,/odom_adapted.pose.pose.position.x,-0.15792672777994562
48.69,1776414560.036000000,/odom_adapted.pose.pose.position.x,-0.15792672777994562
48.727,1776414560.073000000,/odom_adapted.pose.pose.position.x,-0.15792672777994562
48.729,1776414560.075000000,/odom_adapted.pose.pose.position.x,-0.15792672777994562
48.762,1776414560.108000000,/odom_adapted.pose.pose.position.x,-0.15792672777994562
48.783,1776414560.129000000,/odom_adapted.pose.pose.position.x,-0.15792672777994562
48.79,1776414560.136000000,/odom_adapted.pose.pose.position.x,-0.15792672777994562
48.818,1776414560.164000000,/odom_adapted.pose.pose.position.x,-0.15792672777994562
48.828,1776414560.174000000,/odom_adapted.pose.pose.position.x,-0.15792672777994562
48.881,1776414560.227000000,/odom_adapted.pose.pose.position.x,-0.15792672777994562
48.892,1776414560.238000000,/odom_adapted.pose.pose.position.x,-0.15792672777994562
48.893,1776414560.239000000,/odom_adapted.pose.pose.position.x,-0.15792672777994562
48.917,1776414560.263000000,/odom_adapted.pose.pose.position.x,-0.15792672777994562
48.93,1776414560.276000000,/odom_adapted.pose.pose.position.x,-0.15792672777994562
48.954,1776414560.300000000,/odom_adapted.pose.pose.position.x,-0.15792672777994562
48.983,1776414560.329000000,/odom_adapted.pose.pose.position.x,-0.15792672777994562
48.986,1776414560.332000000,/odom_adapted.pose.pose.position.x,-0.15792672777994562
49.013,1776414560.359000000,/odom_adapted.pose.pose.position.x,-0.15792672777994562
49.027,1776414560.373000000,/odom_adapted.pose.pose.position.x,-0.15792672777994562
49.051,1776414560.397000000,/odom_adapted.pose.pose.position.x,-0.15792672777994562
49.082,1776414560.428000000,/odom_adapted.pose.pose.position.x,-0.15792672777994562
49.116,1776414560.462000000,/odom_adapted.pose.pose.position.x,-0.15792672777994562
49.116,1776414560.462000000,/odom_adapted.pose.pose.position.x,-0.15792672777994562
49.128,1776414560.474000000,/odom_adapted.pose.pose.position.x,-0.15792672777994562
49.154,1776414560.500000000,/odom_adapted.pose.pose.position.x,-0.15792672777994562
49.184,1776414560.530000000,/odom_adapted.pose.pose.position.x,-0.15792672777994562
49.216,1776414560.562000000,/odom_adapted.pose.pose.position.x,-0.15792672777994562
49.217,1776414560.563000000,/odom_adapted.pose.pose.position.x,-0.15792672777994562
49.227,1776414560.573000000,/odom_adapted.pose.pose.position.x,-0.15792672777994562
49.252,1776414560.598000000,/odom_adapted.pose.pose.position.x,-0.15792672777994562
49.287,1776414560.633000000,/odom_adapted.pose.pose.position.x,-0.15792672777994562
49.318,1776414560.664000000,/odom_adapted.pose.pose.position.x,-0.15792672777994562
49.319,1776414560.665000000,/odom_adapted.pose.pose.position.x,-0.15792672777994562
49.351,1776414560.697000000,/odom_adapted.pose.pose.position.x,-0.15792672777994562
49.358,1776414560.704000000,/odom_adapted.pose.pose.position.x,-0.15792672777994562
49.384,1776414560.730000000,/odom_adapted.pose.pose.position.x,-0.15792672777994562
49.395,1776414560.741000000,/odom_adapted.pose.pose.position.x,-0.15792672777994562
49.42,1776414560.766000000,/odom_adapted.pose.pose.position.x,-0.15792672777994562
49.447,1776414560.793000000,/odom_adapted.pose.pose.position.x,-0.15792672777994562
49.448,1776414560.794000000,/odom_adapted.pose.pose.position.x,-0.15792672777994562
49.489,1776414560.835000000,/odom_adapted.pose.pose.position.x,-0.15792672777994562
49.492,1776414560.838000000,/odom_adapted.pose.pose.position.x,-0.15792672777994562
49.522,1776414560.868000000,/odom_adapted.pose.pose.position.x,-0.15792672777994562
49.562,1776414560.908000000,/odom_adapted.pose.pose.position.x,-0.15792672777994562
49.562,1776414560.908000000,/odom_adapted.pose.pose.position.x,-0.15792672777994562
49.591,1776414560.937000000,/odom_adapted.pose.pose.position.x,-0.15792672777994562
49.625,1776414560.971000000,/odom_adapted.pose.pose.position.x,-0.15792672777994562
49.626,1776414560.972000000,/odom_adapted.pose.pose.position.x,-0.15792672777994562
49.651,1776414560.997000000,/odom_adapted.pose.pose.position.x,-0.15792672777994562
49.652,1776414560.998000000,/odom_adapted.pose.pose.position.x,-0.15792672777994562
49.686,1776414561.032000000,/odom_adapted.pose.pose.position.x,-0.15792672777994562
49.717,1776414561.063000000,/odom_adapted.pose.pose.position.x,-0.15792672777994562
49.717,1776414561.063000000,/odom_adapted.pose.pose.position.x,-0.15792672777994562
49.759,1776414561.105000000,/odom_adapted.pose.pose.position.x,-0.15792672777994562
49.76,1776414561.106000000,/odom_adapted.pose.pose.position.x,-0.15792672777994562
49.788,1776414561.134000000,/odom_adapted.pose.pose.position.x,-0.15792672777994562
49.793,1776414561.139000000,/odom_adapted.pose.pose.position.x,-0.15792672777994562
49.819,1776414561.165000000,/odom_adapted.pose.pose.position.x,-0.15792672777994562
49.849,1776414561.195000000,/odom_adapted.pose.pose.position.x,-0.15792672777994562
49.852,1776414561.198000000,/odom_adapted.pose.pose.position.x,-0.15792672777994562
49.882,1776414561.228000000,/odom_adapted.pose.pose.position.x,-0.15792672777994562
49.886,1776414561.232000000,/odom_adapted.pose.pose.position.x,-0.15792672777994562
49.914,1776414561.260000000,/odom_adapted.pose.pose.position.x,-0.15792672777994562
49.95,1776414561.296000000,/odom_adapted.pose.pose.position.x,-0.15792672777994562
49.956,1776414561.302000000,/odom_adapted.pose.pose.position.x,-0.15792672777994562
49.98,1776414561.326000000,/odom_adapted.pose.pose.position.x,-0.15792672777994562
49.993,1776414561.339000000,/odom_adapted.pose.pose.position.x,-0.15792672777994562
50.017,1776414561.363000000,/odom_adapted.pose.pose.position.x,-0.15792672777994562
50.05,1776414561.396000000,/odom_adapted.pose.pose.position.x,-0.15792672777994562
50.063,1776414561.409000000,/odom_adapted.pose.pose.position.x,-0.15792672777994562
50.084,1776414561.430000000,/odom_adapted.pose.pose.position.x,-0.15792672777994562
50.117,1776414561.463000000,/odom_adapted.pose.pose.position.x,-0.15792672777994562
50.119,1776414561.465000000,/odom_adapted.pose.pose.position.x,-0.15797340962024028
50.13,1776414561.476000000,/odom_adapted.pose.pose.position.x,-0.1574797758663628
50.158,1776414561.504000000,/odom_adapted.pose.pose.position.x,-0.15707905268074343
50.183,1776414561.529000000,/odom_adapted.pose.pose.position.x,-0.15663402474953597
50.188,1776414561.534000000,/odom_adapted.pose.pose.position.x,-0.1565780234170559
50.214,1776414561.560000000,/odom_adapted.pose.pose.position.x,-0.15653965291597924
50.23,1776414561.576000000,/odom_adapted.pose.pose.position.x,-0.15644689284731786
50.251,1776414561.597000000,/odom_adapted.pose.pose.position.x,-0.1563952285824126
50.294,1776414561.640000000,/odom_adapted.pose.pose.position.x,-0.15635753449712644
50.298,1776414561.644000000,/odom_adapted.pose.pose.position.x,-0.15638012396064208
50.361,1776414561.707000000,/odom_adapted.pose.pose.position.x,-0.15637352571368301
50.361,1776414561.707000000,/odom_adapted.pose.pose.position.x,-0.15637551753191076
50.361,1776414561.707000000,/odom_adapted.pose.pose.position.x,-0.1565982002355228
50.383,1776414561.729000000,/odom_adapted.pose.pose.position.x,-0.1568236370477668
50.419,1776414561.765000000,/odom_adapted.pose.pose.position.x,-0.1568236370477668
50.42,1776414561.766000000,/odom_adapted.pose.pose.position.x,-0.1568236370477668
50.451,1776414561.797000000,/odom_adapted.pose.pose.position.x,-0.1568236370477668
50.452,1776414561.798000000,/odom_adapted.pose.pose.position.x,-0.1568236370477668
50.486,1776414561.832000000,/odom_adapted.pose.pose.position.x,-0.1568236370477668
50.493,1776414561.839000000,/odom_adapted.pose.pose.position.x,-0.1568236370477668
50.518,1776414561.864000000,/odom_adapted.pose.pose.position.x,-0.1568236370477668
50.549,1776414561.895000000,/odom_adapted.pose.pose.position.x,-0.1568236370477668
50.555,1776414561.901000000,/odom_adapted.pose.pose.position.x,-0.1568236370477668
50.581,1776414561.927000000,/odom_adapted.pose.pose.position.x,-0.1568236370477668
50.591,1776414561.937000000,/odom_adapted.pose.pose.position.x,-0.1568236370477668
50.614,1776414561.960000000,/odom_adapted.pose.pose.position.x,-0.1568236370477668
50.627,1776414561.973000000,/odom_adapted.pose.pose.position.x,-0.1568236370477668
50.657,1776414562.003000000,/odom_adapted.pose.pose.position.x,-0.1568236370477668
50.684,1776414562.030000000,/odom_adapted.pose.pose.position.x,-0.1568236370477668
50.716,1776414562.062000000,/odom_adapted.pose.pose.position.x,-0.1568236370477668
50.719,1776414562.065000000,/odom_adapted.pose.pose.position.x,-0.1568236370477668
50.73,1776414562.076000000,/odom_adapted.pose.pose.position.x,-0.15672906505365775
50.755,1776414562.101000000,/odom_adapted.pose.pose.position.x,-0.15653333319885482
50.784,1776414562.130000000,/odom_adapted.pose.pose.position.x,-0.1563482530432967
50.817,1776414562.163000000,/odom_adapted.pose.pose.position.x,-0.15641780278808456
50.818,1776414562.164000000,/odom_adapted.pose.pose.position.x,-0.15651431638991126
50.828,1776414562.174000000,/odom_adapted.pose.pose.position.x,-0.1564721649744711
50.849,1776414562.195000000,/odom_adapted.pose.pose.position.x,-0.15648562534604377
50.882,1776414562.228000000,/odom_adapted.pose.pose.position.x,-0.15655463195068717
50.895,1776414562.241000000,/odom_adapted.pose.pose.position.x,-0.15684463231820653
50.918,1776414562.264000000,/odom_adapted.pose.pose.position.x,-0.15720765692995795
50.952,1776414562.298000000,/odom_adapted.pose.pose.position.x,-0.1572686862543862
50.958,1776414562.304000000,/odom_adapted.pose.pose.position.x,-0.15733628717412623
50.981,1776414562.327000000,/odom_adapted.pose.pose.position.x,-0.1572595562011176
50.986,1776414562.332000000,/odom_adapted.pose.pose.position.x,-0.15718473504614164
51.017,1776414562.363000000,/odom_adapted.pose.pose.position.x,-0.15718473504614164
51.029,1776414562.375000000,/odom_adapted.pose.pose.position.x,-0.15718473504614164
51.048,1776414562.394000000,/odom_adapted.pose.pose.position.x,-0.15718473504614164
51.081,1776414562.427000000,/odom_adapted.pose.pose.position.x,-0.15718473504614164
51.113,1776414562.459000000,/odom_adapted.pose.pose.position.x,-0.15718473504614164
51.114,1776414562.460000000,/odom_adapted.pose.pose.position.x,-0.15718473504614164
51.128,1776414562.474000000,/odom_adapted.pose.pose.position.x,-0.15718473504614164
51.154,1776414562.500000000,/odom_adapted.pose.pose.position.x,-0.15718473504614164
51.181,1776414562.527000000,/odom_adapted.pose.pose.position.x,-0.15718473504614164
51.213,1776414562.559000000,/odom_adapted.pose.pose.position.x,-0.15718473504614164
51.214,1776414562.560000000,/odom_adapted.pose.pose.position.x,-0.15718473504614164
51.229,1776414562.575000000,/odom_adapted.pose.pose.position.x,-0.15718473504614164
51.263,1776414562.609000000,/odom_adapted.pose.pose.position.x,-0.1571217333484584
51.279,1776414562.625000000,/odom_adapted.pose.pose.position.x,-0.15706296903906944
51.289,1776414562.635000000,/odom_adapted.pose.pose.position.x,-0.15727337339176772
51.319,1776414562.665000000,/odom_adapted.pose.pose.position.x,-0.15750031728119301
51.33,1776414562.676000000,/odom_adapted.pose.pose.position.x,-0.15810345985928984
51.356,1776414562.702000000,/odom_adapted.pose.pose.position.x,-0.15874092141856133
51.381,1776414562.727000000,/odom_adapted.pose.pose.position.x,-0.1592251126238231
51.394,1776414562.740000000,/odom_adapted.pose.pose.position.x,-0.1597020234252828
51.42,1776414562.766000000,/odom_adapted.pose.pose.position.x,-0.16021907009121478
51.45,1776414562.796000000,/odom_adapted.pose.pose.position.x,-0.16075859831642128
51.455,1776414562.801000000,/odom_adapted.pose.pose.position.x,-0.1610413111220988
51.485,1776414562.831000000,/odom_adapted.pose.pose.position.x,-0.16135108410772944
51.494,1776414562.840000000,/odom_adapted.pose.pose.position.x,-0.1616134296607719
51.519,1776414562.865000000,/odom_adapted.pose.pose.position.x,-0.1616134296607719
51.547,1776414562.893000000,/odom_adapted.pose.pose.position.x,-0.1616134296607719
51.55,1776414562.896000000,/odom_adapted.pose.pose.position.x,-0.1616134296607719
51.581,1776414562.927000000,/odom_adapted.pose.pose.position.x,-0.1616134296607719
51.619,1776414562.965000000,/odom_adapted.pose.pose.position.x,-0.1616134296607719
51.62,1776414562.966000000,/odom_adapted.pose.pose.position.x,-0.1616134296607719
51.65,1776414562.996000000,/odom_adapted.pose.pose.position.x,-0.1616134296607719
51.651,1776414562.997000000,/odom_adapted.pose.pose.position.x,-0.1616134296607719
51.682,1776414563.028000000,/odom_adapted.pose.pose.position.x,-0.1616134296607719
51.713,1776414563.059000000,/odom_adapted.pose.pose.position.x,-0.1616134296607719
51.714,1776414563.060000000,/odom_adapted.pose.pose.position.x,-0.1616134296607719
51.727,1776414563.073000000,/odom_adapted.pose.pose.position.x,-0.1616134296607719
51.749,1776414563.095000000,/odom_adapted.pose.pose.position.x,-0.1616134296607719
51.786,1776414563.132000000,/odom_adapted.pose.pose.position.x,-0.1616134296607719
51.796,1776414563.142000000,/odom_adapted.pose.pose.position.x,-0.1616134296607719
51.817,1776414563.163000000,/odom_adapted.pose.pose.position.x,-0.1616134296607719
51.827,1776414563.173000000,/odom_adapted.pose.pose.position.x,-0.1616134296607719
51.854,1776414563.200000000,/odom_adapted.pose.pose.position.x,-0.1616134296607719
51.887,1776414563.233000000,/odom_adapted.pose.pose.position.x,-0.1616134296607719
51.889,1776414563.235000000,/odom_adapted.pose.pose.position.x,-0.1616134296607719
51.927,1776414563.273000000,/odom_adapted.pose.pose.position.x,-0.1616134296607719
51.954,1776414563.300000000,/odom_adapted.pose.pose.position.x,-0.1616134296607719
51.958,1776414563.304000000,/odom_adapted.pose.pose.position.x,-0.1616134296607719
51.989,1776414563.335000000,/odom_adapted.pose.pose.position.x,-0.1616134296607719
52.021,1776414563.367000000,/odom_adapted.pose.pose.position.x,-0.1616134296607719
52.022,1776414563.368000000,/odom_adapted.pose.pose.position.x,-0.1616134296607719
52.057,1776414563.403000000,/odom_adapted.pose.pose.position.x,-0.1616134296607719
52.06,1776414563.406000000,/odom_adapted.pose.pose.position.x,-0.1616134296607719
52.085,1776414563.431000000,/odom_adapted.pose.pose.position.x,-0.1616134296607719
52.091,1776414563.437000000,/odom_adapted.pose.pose.position.x,-0.1616134296607719
52.118,1776414563.464000000,/odom_adapted.pose.pose.position.x,-0.1616134296607719
52.149,1776414563.495000000,/odom_adapted.pose.pose.position.x,-0.1616134296607719
52.157,1776414563.503000000,/odom_adapted.pose.pose.position.x,-0.1616134296607719
52.185,1776414563.531000000,/odom_adapted.pose.pose.position.x,-0.1616134296607719
52.186,1776414563.532000000,/odom_adapted.pose.pose.position.x,-0.1616134296607719
52.214,1776414563.560000000,/odom_adapted.pose.pose.position.x,-0.1616134296607719
52.229,1776414563.575000000,/odom_adapted.pose.pose.position.x,-0.1616134296607719
52.255,1776414563.601000000,/odom_adapted.pose.pose.position.x,-0.1616134296607719
52.283,1776414563.629000000,/odom_adapted.pose.pose.position.x,-0.1616134296607719
52.285,1776414563.631000000,/odom_adapted.pose.pose.position.x,-0.1616134296607719
52.316,1776414563.662000000,/odom_adapted.pose.pose.position.x,-0.1616134296607719
52.35,1776414563.696000000,/odom_adapted.pose.pose.position.x,-0.1616134296607719
52.358,1776414563.704000000,/odom_adapted.pose.pose.position.x,-0.1616134296607719
52.388,1776414563.734000000,/odom_adapted.pose.pose.position.x,-0.1616134296607719
52.391,1776414563.737000000,/odom_adapted.pose.pose.position.x,-0.1616134296607719
52.417,1776414563.763000000,/odom_adapted.pose.pose.position.x,-0.1616134296607719
52.428,1776414563.774000000,/odom_adapted.pose.pose.position.x,-0.1616134296607719
52.454,1776414563.800000000,/odom_adapted.pose.pose.position.x,-0.1616134296607719
52.483,1776414563.829000000,/odom_adapted.pose.pose.position.x,-0.1616134296607719
52.517,1776414563.863000000,/odom_adapted.pose.pose.position.x,-0.1616134296607719
52.518,1776414563.864000000,/odom_adapted.pose.pose.position.x,-0.1616134296607719
52.547,1776414563.893000000,/odom_adapted.pose.pose.position.x,-0.1616134296607719
52.559,1776414563.905000000,/odom_adapted.pose.pose.position.x,-0.1616134296607719
52.583,1776414563.929000000,/odom_adapted.pose.pose.position.x,-0.1616134296607719
52.587,1776414563.933000000,/odom_adapted.pose.pose.position.x,-0.1616134296607719
52.615,1776414563.961000000,/odom_adapted.pose.pose.position.x,-0.1616134296607719
52.629,1776414563.975000000,/odom_adapted.pose.pose.position.x,-0.1616134296607719
52.652,1776414563.998000000,/odom_adapted.pose.pose.position.x,-0.1616134296607719
52.684,1776414564.030000000,/odom_adapted.pose.pose.position.x,-0.1616134296607719
52.689,1776414564.035000000,/odom_adapted.pose.pose.position.x,-0.1616134296607719
52.724,1776414564.070000000,/odom_adapted.pose.pose.position.x,-0.1616134296607719
52.729,1776414564.075000000,/odom_adapted.pose.pose.position.x,-0.1616134296607719
52.782,1776414564.128000000,/odom_adapted.pose.pose.position.x,-0.1616134296607719
52.783,1776414564.129000000,/odom_adapted.pose.pose.position.x,-0.1616134296607719
52.792,1776414564.138000000,/odom_adapted.pose.pose.position.x,-0.1616134296607719
52.818,1776414564.164000000,/odom_adapted.pose.pose.position.x,-0.1616134296607719
52.827,1776414564.173000000,/odom_adapted.pose.pose.position.x,-0.1616134296607719
52.852,1776414564.198000000,/odom_adapted.pose.pose.position.x,-0.1616134296607719
52.88,1776414564.226000000,/odom_adapted.pose.pose.position.x,-0.1616134296607719
52.89,1776414564.236000000,/odom_adapted.pose.pose.position.x,-0.1616134296607719
52.917,1776414564.263000000,/odom_adapted.pose.pose.position.x,-0.1616134296607719
52.948,1776414564.294000000,/odom_adapted.pose.pose.position.x,-0.1616134296607719
52.951,1776414564.297000000,/odom_adapted.pose.pose.position.x,-0.1616134296607719
52.983,1776414564.329000000,/odom_adapted.pose.pose.position.x,-0.1616134296607719
52.994,1776414564.340000000,/odom_adapted.pose.pose.position.x,-0.1616134296607719
53.016,1776414564.362000000,/odom_adapted.pose.pose.position.x,-0.1616134296607719
53.028,1776414564.374000000,/odom_adapted.pose.pose.position.x,-0.1616134296607719
53.056,1776414564.402000000,/odom_adapted.pose.pose.position.x,-0.1616134296607719
53.081,1776414564.427000000,/odom_adapted.pose.pose.position.x,-0.1616134296607719
53.096,1776414564.442000000,/odom_adapted.pose.pose.position.x,-0.1616134296607719
53.116,1776414564.462000000,/odom_adapted.pose.pose.position.x,-0.1616134296607719
53.13,1776414564.476000000,/odom_adapted.pose.pose.position.x,-0.1616134296607719
53.152,1776414564.498000000,/odom_adapted.pose.pose.position.x,-0.1616134296607719
53.181,1776414564.527000000,/odom_adapted.pose.pose.position.x,-0.1616134296607719
53.193,1776414564.539000000,/odom_adapted.pose.pose.position.x,-0.1616134296607719
53.215,1776414564.561000000,/odom_adapted.pose.pose.position.x,-0.1616134296607719
53.247,1776414564.593000000,/odom_adapted.pose.pose.position.x,-0.1616134296607719
53.257,1776414564.603000000,/odom_adapted.pose.pose.position.x,-0.1616134296607719
53.282,1776414564.628000000,/odom_adapted.pose.pose.position.x,-0.1616134296607719
53.289,1776414564.635000000,/odom_adapted.pose.pose.position.x,-0.1616134296607719
53.327,1776414564.673000000,/odom_adapted.pose.pose.position.x,-0.1616134296607719
53.33,1776414564.676000000,/odom_adapted.pose.pose.position.x,-0.1616134296607719
53.362,1776414564.708000000,/odom_adapted.pose.pose.position.x,-0.1616134296607719
53.396,1776414564.742000000,/odom_adapted.pose.pose.position.x,-0.1616134296607719
53.43,1776414564.776000000,/odom_adapted.pose.pose.position.x,-0.1616134296607719
53.434,1776414564.780000000,/odom_adapted.pose.pose.position.x,-0.1616134296607719
53.458,1776414564.804000000,/odom_adapted.pose.pose.position.x,-0.1616134296607719
53.461,1776414564.807000000,/odom_adapted.pose.pose.position.x,-0.1616134296607719
53.49,1776414564.836000000,/odom_adapted.pose.pose.position.x,-0.1616134296607719
53.492,1776414564.838000000,/odom_adapted.pose.pose.position.x,-0.1616134296607719
53.522,1776414564.868000000,/odom_adapted.pose.pose.position.x,-0.1616134296607719
53.529,1776414564.875000000,/odom_adapted.pose.pose.position.x,-0.1616134296607719
53.56,1776414564.906000000,/odom_adapted.pose.pose.position.x,-0.1616134296607719
53.591,1776414564.937000000,/odom_adapted.pose.pose.position.x,-0.1616134296607719
53.594,1776414564.940000000,/odom_adapted.pose.pose.position.x,-0.1616134296607719
53.63,1776414564.976000000,/odom_adapted.pose.pose.position.x,-0.1616134296607719
53.63,1776414564.976000000,/odom_adapted.pose.pose.position.x,-0.1616134296607719
53.668,1776414565.014000000,/odom_adapted.pose.pose.position.x,-0.1616134296607719
53.702,1776414565.048000000,/odom_adapted.pose.pose.position.x,-0.1616134296607719
53.702,1776414565.048000000,/odom_adapted.pose.pose.position.x,-0.1616134296607719
53.73,1776414565.076000000,/odom_adapted.pose.pose.position.x,-0.1616134296607719
53.758,1776414565.104000000,/odom_adapted.pose.pose.position.x,-0.1616134296607719
53.763,1776414565.109000000,/odom_adapted.pose.pose.position.x,-0.1616134296607719
53.795,1776414565.141000000,/odom_adapted.pose.pose.position.x,-0.1616134296607719
53.799,1776414565.145000000,/odom_adapted.pose.pose.position.x,-0.1616134296607719
53.834,1776414565.180000000,/odom_adapted.pose.pose.position.x,-0.1616134296607719
53.866,1776414565.212000000,/odom_adapted.pose.pose.position.x,-0.1616134296607719
53.899,1776414565.245000000,/odom_adapted.pose.pose.position.x,-0.1616134296607719
53.925,1776414565.271000000,/odom_adapted.pose.pose.position.x,-0.1616134296607719
53.925,1776414565.271000000,/odom_adapted.pose.pose.position.x,-0.1616134296607719
53.928,1776414565.274000000,/odom_adapted.pose.pose.position.x,-0.1616134296607719
53.93,1776414565.276000000,/odom_adapted.pose.pose.position.x,-0.1616134296607719
53.963,1776414565.309000000,/odom_adapted.pose.pose.position.x,-0.1616134296607719
53.966,1776414565.312000000,/odom_adapted.pose.pose.position.x,-0.1616134296607719
54.019,1776414565.365000000,/odom_adapted.pose.pose.position.x,-0.1616134296607719
54.019,1776414565.365000000,/odom_adapted.pose.pose.position.x,-0.1616134296607719
54.052,1776414565.398000000,/odom_adapted.pose.pose.position.x,-0.1616134296607719
54.053,1776414565.399000000,/odom_adapted.pose.pose.position.x,-0.1616134296607719
54.084,1776414565.430000000,/odom_adapted.pose.pose.position.x,-0.1616134296607719
54.099,1776414565.445000000,/odom_adapted.pose.pose.position.x,-0.1616134296607719
54.12,1776414565.466000000,/odom_adapted.pose.pose.position.x,-0.1616134296607719
54.129,1776414565.475000000,/odom_adapted.pose.pose.position.x,-0.1616134296607719
54.159,1776414565.505000000,/odom_adapted.pose.pose.position.x,-0.1616134296607719
54.196,1776414565.542000000,/odom_adapted.pose.pose.position.x,-0.1616134296607719
54.201,1776414565.547000000,/odom_adapted.pose.pose.position.x,-0.1616134296607719
54.237,1776414565.583000000,/odom_adapted.pose.pose.position.x,-0.1616134296607719
54.276,1776414565.622000000,/odom_adapted.pose.pose.position.x,-0.1616134296607719
54.297,1776414565.643000000,/odom_adapted.pose.pose.position.x,-0.1616134296607719
54.297,1776414565.643000000,/odom_adapted.pose.pose.position.x,-0.1616134296607719
54.312,1776414565.658000000,/odom_adapted.pose.pose.position.x,-0.1616134296607719
54.332,1776414565.678000000,/odom_adapted.pose.pose.position.x,-0.1616134296607719
54.332,1776414565.678000000,/odom_adapted.pose.pose.position.x,-0.1616134296607719
54.405,1776414565.751000000,/odom_adapted.pose.pose.position.x,-0.1616134296607719
54.405,1776414565.751000000,/odom_adapted.pose.pose.position.x,-0.1616134296607719
54.446,1776414565.792000000,/odom_adapted.pose.pose.position.x,-0.1616134296607719
54.446,1776414565.792000000,/odom_adapted.pose.pose.position.x,-0.1616134296607719
54.48,1776414565.826000000,/odom_adapted.pose.pose.position.x,-0.1616134296607719
54.48,1776414565.826000000,/odom_adapted.pose.pose.position.x,-0.1616134296607719
54.513,1776414565.859000000,/odom_adapted.pose.pose.position.x,-0.1616134296607719
54.547,1776414565.893000000,/odom_adapted.pose.pose.position.x,-0.1616134296607719
54.547,1776414565.893000000,/odom_adapted.pose.pose.position.x,-0.1616134296607719
54.578,1776414565.924000000,/odom_adapted.pose.pose.position.x,-0.1616134296607719
54.58,1776414565.926000000,/odom_adapted.pose.pose.position.x,-0.1616134296607719
54.608,1776414565.954000000,/odom_adapted.pose.pose.position.x,-0.1616134296607719
54.618,1776414565.964000000,/odom_adapted.pose.pose.position.x,-0.1616134296607719
54.671,1776414566.017000000,/odom_adapted.pose.pose.position.x,-0.1616134296607719
54.671,1776414566.017000000,/odom_adapted.pose.pose.position.x,-0.1616134296607719
54.697,1776414566.043000000,/odom_adapted.pose.pose.position.x,-0.1616134296607719
54.697,1776414566.043000000,/odom_adapted.pose.pose.position.x,-0.1616134296607719
54.7,1776414566.046000000,/odom_adapted.pose.pose.position.x,-0.1616134296607719
54.732,1776414566.078000000,/odom_adapted.pose.pose.position.x,-0.1616134296607719
54.76,1776414566.106000000,/odom_adapted.pose.pose.position.x,-0.1616134296607719
54.76,1776414566.106000000,/odom_adapted.pose.pose.position.x,-0.1616134296607719
54.787,1776414566.133000000,/odom_adapted.pose.pose.position.x,-0.1616134296607719
54.819,1776414566.165000000,/odom_adapted.pose.pose.position.x,-0.1616134296607719
54.821,1776414566.167000000,/odom_adapted.pose.pose.position.x,-0.1616134296607719
54.85,1776414566.196000000,/odom_adapted.pose.pose.position.x,-0.1616134296607719
54.852,1776414566.198000000,/odom_adapted.pose.pose.position.x,-0.1616134296607719
54.884,1776414566.230000000,/odom_adapted.pose.pose.position.x,-0.1616134296607719
54.918,1776414566.264000000,/odom_adapted.pose.pose.position.x,-0.1616134296607719
54.919,1776414566.265000000,/odom_adapted.pose.pose.position.x,-0.1616134296607719
54.93,1776414566.276000000,/odom_adapted.pose.pose.position.x,-0.1616134296607719
54.954,1776414566.300000000,/odom_adapted.pose.pose.position.x,-0.1616134296607719
55.02,1776414566.366000000,/odom_adapted.pose.pose.position.x,-0.1616134296607719
55.023,1776414566.369000000,/odom_adapted.pose.pose.position.x,-0.1616134296607719
55.023,1776414566.369000000,/odom_adapted.pose.pose.position.x,-0.1616134296607719
55.029,1776414566.375000000,/odom_adapted.pose.pose.position.x,-0.1616134296607719
55.051,1776414566.397000000,/odom_adapted.pose.pose.position.x,-0.1616134296607719
55.086,1776414566.432000000,/odom_adapted.pose.pose.position.x,-0.1616134296607719
55.12,1776414566.466000000,/odom_adapted.pose.pose.position.x,-0.1616134296607719
55.121,1776414566.467000000,/odom_adapted.pose.pose.position.x,-0.1616134296607719
55.151,1776414566.497000000,/odom_adapted.pose.pose.position.x,-0.1616134296607719
55.16,1776414566.506000000,/odom_adapted.pose.pose.position.x,-0.1616134296607719
55.184,1776414566.530000000,/odom_adapted.pose.pose.position.x,-0.1616134296607719
55.188,1776414566.534000000,/odom_adapted.pose.pose.position.x,-0.1616134296607719
55.22,1776414566.566000000,/odom_adapted.pose.pose.position.x,-0.1616134296607719
55.258,1776414566.604000000,/odom_adapted.pose.pose.position.x,-0.1616134296607719
55.26,1776414566.606000000,/odom_adapted.pose.pose.position.x,-0.1616134296607719
55.295,1776414566.641000000,/odom_adapted.pose.pose.position.x,-0.1616134296607719
55.323,1776414566.669000000,/odom_adapted.pose.pose.position.x,-0.1616134296607719
55.325,1776414566.671000000,/odom_adapted.pose.pose.position.x,-0.1616134296607719
55.329,1776414566.675000000,/odom_adapted.pose.pose.position.x,-0.1616134296607719
55.365,1776414566.711000000,/odom_adapted.pose.pose.position.x,-0.1616134296607719
55.4,1776414566.746000000,/odom_adapted.pose.pose.position.x,-0.1616134296607719
55.41,1776414566.756000000,/odom_adapted.pose.pose.position.x,-0.1616134296607719
55.425,1776414566.771000000,/odom_adapted.pose.pose.position.x,-0.1616134296607719
55.428,1776414566.774000000,/odom_adapted.pose.pose.position.x,-0.1616134296607719
55.451,1776414566.797000000,/odom_adapted.pose.pose.position.x,-0.1616134296607719
55.469,1776414566.815000000,/odom_adapted.pose.pose.position.x,-0.1616134296607719
55.501,1776414566.847000000,/odom_adapted.pose.pose.position.x,-0.1616134296607719
55.507,1776414566.853000000,/odom_adapted.pose.pose.position.x,-0.1616134296607719
55.549,1776414566.895000000,/odom_adapted.pose.pose.position.x,-0.1616134296607719
55.55,1776414566.896000000,/odom_adapted.pose.pose.position.x,-0.1616134296607719
55.568,1776414566.914000000,/odom_adapted.pose.pose.position.x,-0.1616134296607719
55.587,1776414566.933000000,/odom_adapted.pose.pose.position.x,-0.1616134296607719
55.621,1776414566.967000000,/odom_adapted.pose.pose.position.x,-0.1616134296607719
55.632,1776414566.978000000,/odom_adapted.pose.pose.position.x,-0.1616134296607719
55.647,1776414566.993000000,/odom_adapted.pose.pose.position.x,-0.1616134296607719
55.679,1776414567.025000000,/odom_adapted.pose.pose.position.x,-0.1616134296607719
55.7,1776414567.046000000,/odom_adapted.pose.pose.position.x,-0.1616134296607719
55.705,1776414567.051000000,/odom_adapted.pose.pose.position.x,-0.1616134296607719
55.74,1776414567.086000000,/odom_adapted.pose.pose.position.x,-0.1616134296607719
55.755,1776414567.101000000,/odom_adapted.pose.pose.position.x,-0.1616134296607719
55.769,1776414567.115000000,/odom_adapted.pose.pose.position.x,-0.1616134296607719
55.789,1776414567.135000000,/odom_adapted.pose.pose.position.x,-0.1616134296607719
55.808,1776414567.154000000,/odom_adapted.pose.pose.position.x,-0.1616134296607719
55.834,1776414567.180000000,/odom_adapted.pose.pose.position.x,-0.1616134296607719
55.85,1776414567.196000000,/odom_adapted.pose.pose.position.x,-0.1616134296607719
55.879,1776414567.225000000,/odom_adapted.pose.pose.position.x,-0.1616134296607719
55.899,1776414567.245000000,/odom_adapted.pose.pose.position.x,-0.1616134296607719
55.92,1776414567.266000000,/odom_adapted.pose.pose.position.x,-0.1616134296607719
55.939,1776414567.285000000,/odom_adapted.pose.pose.position.x,-0.1616134296607719
55.957,1776414567.303000000,/odom_adapted.pose.pose.position.x,-0.1616134296607719
55.98,1776414567.326000000,/odom_adapted.pose.pose.position.x,-0.1616134296607719
55.999,1776414567.345000000,/odom_adapted.pose.pose.position.x,-0.1616134296607719
56.021,1776414567.367000000,/odom_adapted.pose.pose.position.x,-0.1616134296607719
56.04,1776414567.386000000,/odom_adapted.pose.pose.position.x,-0.1616134296607719
56.055,1776414567.401000000,/odom_adapted.pose.pose.position.x,-0.1616134296607719
56.079,1776414567.425000000,/odom_adapted.pose.pose.position.x,-0.1616134296607719
56.099,1776414567.445000000,/odom_adapted.pose.pose.position.x,-0.1616134296607719
56.155,1776414567.501000000,/odom_adapted.pose.pose.position.x,-0.1616134296607719
56.156,1776414567.502000000,/odom_adapted.pose.pose.position.x,-0.1616134296607719
56.156,1776414567.502000000,/odom_adapted.pose.pose.position.x,-0.1616134296607719
56.168,1776414567.514000000,/odom_adapted.pose.pose.position.x,-0.1616134296607719
56.187,1776414567.533000000,/odom_adapted.pose.pose.position.x,-0.1616134296607719
56.209,1776414567.555000000,/odom_adapted.pose.pose.position.x,-0.1616134296607719
56.228,1776414567.574000000,/odom_adapted.pose.pose.position.x,-0.1616134296607719
56.249,1776414567.595000000,/odom_adapted.pose.pose.position.x,-0.1616134296607719
56.28,1776414567.626000000,/odom_adapted.pose.pose.position.x,-0.1616134296607719
56.3,1776414567.646000000,/odom_adapted.pose.pose.position.x,-0.1616134296607719
56.319,1776414567.665000000,/odom_adapted.pose.pose.position.x,-0.1616134296607719
56.349,1776414567.695000000,/odom_adapted.pose.pose.position.x,-0.1616134296607719
56.352,1776414567.698000000,/odom_adapted.pose.pose.position.x,-0.1616134296607719
56.38,1776414567.726000000,/odom_adapted.pose.pose.position.x,-0.1616134296607719
56.399,1776414567.745000000,/odom_adapted.pose.pose.position.x,-0.1616134296607719
56.411,1776414567.757000000,/odom_adapted.pose.pose.position.x,-0.1616134296607719
56.431,1776414567.777000000,/odom_adapted.pose.pose.position.x,-0.1616134296607719
56.45,1776414567.796000000,/odom_adapted.pose.pose.position.x,-0.1616134296607719
56.487,1776414567.833000000,/odom_adapted.pose.pose.position.x,-0.1616134296607719
56.5,1776414567.846000000,/odom_adapted.pose.pose.position.x,-0.1616134296607719
56.532,1776414567.878000000,/odom_adapted.pose.pose.position.x,-0.1616134296607719
56.534,1776414567.880000000,/odom_adapted.pose.pose.position.x,-0.1616134296607719
56.552,1776414567.898000000,/odom_adapted.pose.pose.position.x,-0.1616134296607719
56.579,1776414567.925000000,/odom_adapted.pose.pose.position.x,-0.1616134296607719
56.599,1776414567.945000000,/odom_adapted.pose.pose.position.x,-0.1616134296607719
56.62,1776414567.966000000,/odom_adapted.pose.pose.position.x,-0.1616134296607719
56.661,1776414568.007000000,/odom_adapted.pose.pose.position.x,-0.1616134296607719
56.661,1776414568.007000000,/odom_adapted.pose.pose.position.x,-0.1616134296607719
56.666,1776414568.012000000,/odom_adapted.pose.pose.position.x,-0.1616134296607719
56.687,1776414568.033000000,/odom_adapted.pose.pose.position.x,-0.1616134296607719
56.705,1776414568.051000000,/odom_adapted.pose.pose.position.x,-0.1616134296607719
56.731,1776414568.077000000,/odom_adapted.pose.pose.position.x,-0.1616134296607719
56.756,1776414568.102000000,/odom_adapted.pose.pose.position.x,-0.1616134296607719
56.768,1776414568.114000000,/odom_adapted.pose.pose.position.x,-0.1616134296607719
56.79,1776414568.136000000,/odom_adapted.pose.pose.position.x,-0.1616134296607719
56.806,1776414568.152000000,/odom_adapted.pose.pose.position.x,-0.1616134296607719
56.845,1776414568.191000000,/odom_adapted.pose.pose.position.x,-0.1616134296607719
56.857,1776414568.203000000,/odom_adapted.pose.pose.position.x,-0.1616134296607719
56.87,1776414568.216000000,/odom_adapted.pose.pose.position.x,-0.1616134296607719
56.886,1776414568.232000000,/odom_adapted.pose.pose.position.x,-0.1616134296607719
56.905,1776414568.251000000,/odom_adapted.pose.pose.position.x,-0.1616134296607719
56.928,1776414568.274000000,/odom_adapted.pose.pose.position.x,-0.1616134296607719
56.951,1776414568.297000000,/odom_adapted.pose.pose.position.x,-0.1616134296607719
56.981,1776414568.327000000,/odom_adapted.pose.pose.position.x,-0.1616134296607719
56.998,1776414568.344000000,/odom_adapted.pose.pose.position.x,-0.1616134296607719
57.019,1776414568.365000000,/odom_adapted.pose.pose.position.x,-0.1616134296607719
57.041,1776414568.387000000,/odom_adapted.pose.pose.position.x,-0.1616134296607719
57.045,1776414568.391000000,/odom_adapted.pose.pose.position.x,-0.1616134296607719
57.075,1776414568.421000000,/odom_adapted.pose.pose.position.x,-0.1616134296607719
57.097,1776414568.443000000,/odom_adapted.pose.pose.position.x,-0.1616134296607719
57.106,1776414568.452000000,/odom_adapted.pose.pose.position.x,-0.1616134296607719
57.129,1776414568.475000000,/odom_adapted.pose.pose.position.x,-0.1616134296607719
57.149,1776414568.495000000,/odom_adapted.pose.pose.position.x,-0.1616134296607719
57.168,1776414568.514000000,/odom_adapted.pose.pose.position.x,-0.1616134296607719
57.191,1776414568.537000000,/odom_adapted.pose.pose.position.x,-0.1616134296607719
57.205,1776414568.551000000,/odom_adapted.pose.pose.position.x,-0.1616134296607719
57.226,1776414568.572000000,/odom_adapted.pose.pose.position.x,-0.1616134296607719
57.249,1776414568.595000000,/odom_adapted.pose.pose.position.x,-0.1616134296607719
57.271,1776414568.617000000,/odom_adapted.pose.pose.position.x,-0.1616134296607719
57.29,1776414568.636000000,/odom_adapted.pose.pose.position.x,-0.1616134296607719
57.306,1776414568.652000000,/odom_adapted.pose.pose.position.x,-0.1616134296607719
57.327,1776414568.673000000,/odom_adapted.pose.pose.position.x,-0.1616134296607719
57.349,1776414568.695000000,/odom_adapted.pose.pose.position.x,-0.1616134296607719
57.37,1776414568.716000000,/odom_adapted.pose.pose.position.x,-0.1616134296607719
57.387,1776414568.733000000,/odom_adapted.pose.pose.position.x,-0.1616134296607719
57.405,1776414568.751000000,/odom_adapted.pose.pose.position.x,-0.1616134296607719
57.429,1776414568.775000000,/odom_adapted.pose.pose.position.x,-0.1616134296607719
57.462,1776414568.808000000,/odom_adapted.pose.pose.position.x,-0.1616134296607719
57.475,1776414568.821000000,/odom_adapted.pose.pose.position.x,-0.1616134296607719
57.495,1776414568.841000000,/odom_adapted.pose.pose.position.x,-0.1616134296607719
57.505,1776414568.851000000,/odom_adapted.pose.pose.position.x,-0.1616134296607719
57.527,1776414568.873000000,/odom_adapted.pose.pose.position.x,-0.1616134296607719
57.554,1776414568.900000000,/odom_adapted.pose.pose.position.x,-0.1616134296607719
57.566,1776414568.912000000,/odom_adapted.pose.pose.position.x,-0.1616134296607719
57.587,1776414568.933000000,/odom_adapted.pose.pose.position.x,-0.1616134296607719
57.605,1776414568.951000000,/odom_adapted.pose.pose.position.x,-0.1616134296607719
57.627,1776414568.973000000,/odom_adapted.pose.pose.position.x,-0.1616134296607719
57.651,1776414568.997000000,/odom_adapted.pose.pose.position.x,-0.1616134296607719
57.68,1776414569.026000000,/odom_adapted.pose.pose.position.x,-0.1616134296607719
57.699,1776414569.045000000,/odom_adapted.pose.pose.position.x,-0.1616134296607719
57.719,1776414569.065000000,/odom_adapted.pose.pose.position.x,-0.1616134296607719
57.739,1776414569.085000000,/odom_adapted.pose.pose.position.x,-0.1616134296607719
57.755,1776414569.101000000,/odom_adapted.pose.pose.position.x,-0.1616134296607719
57.779,1776414569.125000000,/odom_adapted.pose.pose.position.x,-0.1616134296607719
57.787,1776414569.133000000,/odom_adapted.pose.pose.position.x,-0.1616134296607719
57.805,1776414569.151000000,/odom_adapted.pose.pose.position.x,-0.1616134296607719
57.828,1776414569.174000000,/odom_adapted.pose.pose.position.x,-0.1616134296607719
57.847,1776414569.193000000,/odom_adapted.pose.pose.position.x,-0.1616134296607719
57.882,1776414569.228000000,/odom_adapted.pose.pose.position.x,-0.1616134296607719
57.885,1776414569.231000000,/odom_adapted.pose.pose.position.x,-0.1616134296607719
57.92,1776414569.266000000,/odom_adapted.pose.pose.position.x,-0.1616134296607719
57.939,1776414569.285000000,/odom_adapted.pose.pose.position.x,-0.1616134296607719
57.958,1776414569.304000000,/odom_adapted.pose.pose.position.x,-0.1616134296607719
57.993,1776414569.339000000,/odom_adapted.pose.pose.position.x,-0.1616134296607719
57.996,1776414569.342000000,/odom_adapted.pose.pose.position.x,-0.1616134296607719
58.01,1776414569.356000000,/odom_adapted.pose.pose.position.x,-0.1616134296607719
58.027,1776414569.373000000,/odom_adapted.pose.pose.position.x,-0.1616134296607719
58.048,1776414569.394000000,/odom_adapted.pose.pose.position.x,-0.1616134296607719
58.066,1776414569.412000000,/odom_adapted.pose.pose.position.x,-0.1616134296607719
58.089,1776414569.435000000,/odom_adapted.pose.pose.position.x,-0.1616134296607719
58.113,1776414569.459000000,/odom_adapted.pose.pose.position.x,-0.1616134296607719
58.129,1776414569.475000000,/odom_adapted.pose.pose.position.x,-0.1616134296607719
58.148,1776414569.494000000,/odom_adapted.pose.pose.position.x,-0.1616134296607719
58.18,1776414569.526000000,/odom_adapted.pose.pose.position.x,-0.1616134296607719
58.189,1776414569.535000000,/odom_adapted.pose.pose.position.x,-0.1616134296607719
58.211,1776414569.557000000,/odom_adapted.pose.pose.position.x,-0.1616134296607719
58.227,1776414569.573000000,/odom_adapted.pose.pose.position.x,-0.1616134296607719
58.247,1776414569.593000000,/odom_adapted.pose.pose.position.x,-0.1616134296607719
58.281,1776414569.627000000,/odom_adapted.pose.pose.position.x,-0.1616134296607719
58.292,1776414569.638000000,/odom_adapted.pose.pose.position.x,-0.1616134296607719
58.32,1776414569.666000000,/odom_adapted.pose.pose.position.x,-0.1616134296607719
58.34,1776414569.686000000,/odom_adapted.pose.pose.position.x,-0.1616134296607719
58.357,1776414569.703000000,/odom_adapted.pose.pose.position.x,-0.1616134296607719
58.38,1776414569.726000000,/odom_adapted.pose.pose.position.x,-0.1616134296607719
58.395,1776414569.741000000,/odom_adapted.pose.pose.position.x,-0.1616134296607719
58.603,1776414569.949000000,/odom_adapted.pose.pose.position.x,-0.1616134296607719
58.603,1776414569.949000000,/odom_adapted.pose.pose.position.x,-0.1616134296607719
58.604,1776414569.950000000,/odom_adapted.pose.pose.position.x,-0.1616134296607719
58.604,1776414569.950000000,/odom_adapted.pose.pose.position.x,-0.1616134296607719
58.604,1776414569.950000000,/odom_adapted.pose.pose.position.x,-0.1616134296607719
58.607,1776414569.953000000,/odom_adapted.pose.pose.position.x,-0.1616134296607719
58.607,1776414569.953000000,/odom_adapted.pose.pose.position.x,-0.1616134296607719
58.607,1776414569.953000000,/odom_adapted.pose.pose.position.x,-0.1616134296607719
58.607,1776414569.953000000,/odom_adapted.pose.pose.position.x,-0.1616134296607719
58.607,1776414569.953000000,/odom_adapted.pose.pose.position.x,-0.1616134296607719
58.608,1776414569.954000000,/odom_adapted.pose.pose.position.x,-0.1616134296607719
58.627,1776414569.973000000,/odom_adapted.pose.pose.position.x,-0.1616134296607719
58.647,1776414569.993000000,/odom_adapted.pose.pose.position.x,-0.1616134296607719
58.682,1776414570.028000000,/odom_adapted.pose.pose.position.x,-0.1616134296607719
58.702,1776414570.048000000,/odom_adapted.pose.pose.position.x,-0.1616134296607719
58.707,1776414570.053000000,/odom_adapted.pose.pose.position.x,-0.1616134296607719
58.727,1776414570.073000000,/odom_adapted.pose.pose.position.x,-0.1616134296607719
58.749,1776414570.095000000,/odom_adapted.pose.pose.position.x,-0.1616134296607719
58.782,1776414570.128000000,/odom_adapted.pose.pose.position.x,-0.1616134296607719
58.786,1776414570.132000000,/odom_adapted.pose.pose.position.x,-0.1616134296607719
58.827,1776414570.173000000,/odom_adapted.pose.pose.position.x,-0.1616134296607719
58.827,1776414570.173000000,/odom_adapted.pose.pose.position.x,-0.1616134296607719
58.847,1776414570.193000000,/odom_adapted.pose.pose.position.x,-0.1616134296607719
58.881,1776414570.227000000,/odom_adapted.pose.pose.position.x,-0.1616134296607719
58.885,1776414570.231000000,/odom_adapted.pose.pose.position.x,-0.1616134296607719
58.906,1776414570.252000000,/odom_adapted.pose.pose.position.x,-0.1616134296607719
58.939,1776414570.285000000,/odom_adapted.pose.pose.position.x,-0.1616134296607719
58.955,1776414570.301000000,/odom_adapted.pose.pose.position.x,-0.1616134296607719
58.966,1776414570.312000000,/odom_adapted.pose.pose.position.x,-0.1616134296607719
58.998,1776414570.344000000,/odom_adapted.pose.pose.position.x,-0.1616134296607719
59.01,1776414570.356000000,/odom_adapted.pose.pose.position.x,-0.1616134296607719
59.04,1776414570.386000000,/odom_adapted.pose.pose.position.x,-0.1616134296607719
59.056,1776414570.402000000,/odom_adapted.pose.pose.position.x,-0.1616134296607719
59.067,1776414570.413000000,/odom_adapted.pose.pose.position.x,-0.1616134296607719
59.089,1776414570.435000000,/odom_adapted.pose.pose.position.x,-0.1616134296607719
59.118,1776414570.464000000,/odom_adapted.pose.pose.position.x,-0.1616134296607719
59.127,1776414570.473000000,/odom_adapted.pose.pose.position.x,-0.1616134296607719
59.164,1776414570.510000000,/odom_adapted.pose.pose.position.x,-0.1616134296607719
59.18,1776414570.526000000,/odom_adapted.pose.pose.position.x,-0.1616134296607719
59.192,1776414570.538000000,/odom_adapted.pose.pose.position.x,-0.1616134296607719
59.213,1776414570.559000000,/odom_adapted.pose.pose.position.x,-0.1616134296607719
59.227,1776414570.573000000,/odom_adapted.pose.pose.position.x,-0.1616134296607719
59.247,1776414570.593000000,/odom_adapted.pose.pose.position.x,-0.1616134296607719
59.285,1776414570.631000000,/odom_adapted.pose.pose.position.x,-0.1616134296607719
59.289,1776414570.635000000,/odom_adapted.pose.pose.position.x,-0.1616134296607719
59.306,1776414570.652000000,/odom_adapted.pose.pose.position.x,-0.1616134296607719
59.328,1776414570.674000000,/odom_adapted.pose.pose.position.x,-0.1616134296607719
59.348,1776414570.694000000,/odom_adapted.pose.pose.position.x,-0.1616134296607719
59.38,1776414570.726000000,/odom_adapted.pose.pose.position.x,-0.1616134296607719
59.397,1776414570.743000000,/odom_adapted.pose.pose.position.x,-0.1616134296607719
59.405,1776414570.751000000,/odom_adapted.pose.pose.position.x,-0.1616134296607719
59.426,1776414570.772000000,/odom_adapted.pose.pose.position.x,-0.1616134296607719
59.449,1776414570.795000000,/odom_adapted.pose.pose.position.x,-0.1616134296607719
59.48,1776414570.826000000,/odom_adapted.pose.pose.position.x,-0.1616134296607719
59.496,1776414570.842000000,/odom_adapted.pose.pose.position.x,-0.1616134296607719
59.505,1776414570.851000000,/odom_adapted.pose.pose.position.x,-0.1616134296607719
59.527,1776414570.873000000,/odom_adapted.pose.pose.position.x,-0.1616134296607719
59.547,1776414570.893000000,/odom_adapted.pose.pose.position.x,-0.1616134296607719
59.579,1776414570.925000000,/odom_adapted.pose.pose.position.x,-0.1616134296607719
59.597,1776414570.943000000,/odom_adapted.pose.pose.position.x,-0.1616134296607719
59.605,1776414570.951000000,/odom_adapted.pose.pose.position.x,-0.1616134296607719
59.627,1776414570.973000000,/odom_adapted.pose.pose.position.x,-0.1616134296607719
59.647,1776414570.993000000,/odom_adapted.pose.pose.position.x,-0.1616134296607719
59.679,1776414571.025000000,/odom_adapted.pose.pose.position.x,-0.1616134296607719
59.696,1776414571.042000000,/odom_adapted.pose.pose.position.x,-0.1616134296607719
59.705,1776414571.051000000,/odom_adapted.pose.pose.position.x,-0.1616134296607719
59.728,1776414571.074000000,/odom_adapted.pose.pose.position.x,-0.1616134296607719
59.748,1776414571.094000000,/odom_adapted.pose.pose.position.x,-0.1616134296607719
59.779,1776414571.125000000,/odom_adapted.pose.pose.position.x,-0.1616134296607719
59.796,1776414571.142000000,/odom_adapted.pose.pose.position.x,-0.1616134296607719
59.807,1776414571.153000000,/odom_adapted.pose.pose.position.x,-0.1616134296607719
59.83,1776414571.176000000,/odom_adapted.pose.pose.position.x,-0.1616134296607719
59.85,1776414571.196000000,/odom_adapted.pose.pose.position.x,-0.1616134296607719
59.879,1776414571.225000000,/odom_adapted.pose.pose.position.x,-0.1616134296607719
59.895,1776414571.241000000,/odom_adapted.pose.pose.position.x,-0.1616134296607719
59.913,1776414571.259000000,/odom_adapted.pose.pose.position.x,-0.1616134296607719
59.944,1776414571.290000000,/odom_adapted.pose.pose.position.x,-0.1616134296607719
59.955,1776414571.301000000,/odom_adapted.pose.pose.position.x,-0.1616134296607719
59.968,1776414571.314000000,/odom_adapted.pose.pose.position.x,-0.1616134296607719
59.989,1776414571.335000000,/odom_adapted.pose.pose.position.x,-0.1616134296607719
60.022,1776414571.368000000,/odom_adapted.pose.pose.position.x,-0.1616134296607719
60.029,1776414571.375000000,/odom_adapted.pose.pose.position.x,-0.1616134296607719
60.048,1776414571.394000000,/odom_adapted.pose.pose.position.x,-0.1616134296607719
60.081,1776414571.427000000,/odom_adapted.pose.pose.position.x,-0.1616134296607719
60.096,1776414571.442000000,/odom_adapted.pose.pose.position.x,-0.1616134296607719
60.119,1776414571.465000000,/odom_adapted.pose.pose.position.x,-0.1616134296607719
60.125,1776414571.471000000,/odom_adapted.pose.pose.position.x,-0.1616134296607719
60.151,1776414571.497000000,/odom_adapted.pose.pose.position.x,-0.1616134296607719
60.18,1776414571.526000000,/odom_adapted.pose.pose.position.x,-0.1616134296607719
60.185,1776414571.531000000,/odom_adapted.pose.pose.position.x,-0.1616134296607719
60.22,1776414571.566000000,/odom_adapted.pose.pose.position.x,-0.1616134296607719
60.24,1776414571.586000000,/odom_adapted.pose.pose.position.x,-0.1616134296607719
60.257,1776414571.603000000,/odom_adapted.pose.pose.position.x,-0.1616134296607719
60.28,1776414571.626000000,/odom_adapted.pose.pose.position.x,-0.1616134296607719
60.298,1776414571.644000000,/odom_adapted.pose.pose.position.x,-0.1616134296607719
60.32,1776414571.666000000,/odom_adapted.pose.pose.position.x,-0.1616134296607719
60.339,1776414571.685000000,/odom_adapted.pose.pose.position.x,-0.1616134296607719
60.356,1776414571.702000000,/odom_adapted.pose.pose.position.x,-0.1616134296607719
60.38,1776414571.726000000,/odom_adapted.pose.pose.position.x,-0.1616134296607719
60.396,1776414571.742000000,/odom_adapted.pose.pose.position.x,-0.1616134296607719
60.421,1776414571.767000000,/odom_adapted.pose.pose.position.x,-0.1616134296607719
60.443,1776414571.789000000,/odom_adapted.pose.pose.position.x,-0.1616134296607719
60.447,1776414571.793000000,/odom_adapted.pose.pose.position.x,-0.1616134296607719
60.479,1776414571.825000000,/odom_adapted.pose.pose.position.x,-0.1616134296607719
60.496,1776414571.842000000,/odom_adapted.pose.pose.position.x,-0.1616134296607719
60.525,1776414571.871000000,/odom_adapted.pose.pose.position.x,-0.1616134296607719
60.528,1776414571.874000000,/odom_adapted.pose.pose.position.x,-0.1616134296607719
60.547,1776414571.893000000,/odom_adapted.pose.pose.position.x,-0.1616134296607719
60.58,1776414571.926000000,/odom_adapted.pose.pose.position.x,-0.1616134296607719
60.597,1776414571.943000000,/odom_adapted.pose.pose.position.x,-0.1616134296607719
60.62,1776414571.966000000,/odom_adapted.pose.pose.position.x,-0.1616134296607719
2.596,1776414513.942000000,/odom.pose.pose.position.x,-1.7442845296123795e-7
2.596,1776414513.942000000,/odom.pose.pose.position.x,-1.6723557717630104e-7
2.62,1776414513.966000000,/odom.pose.pose.position.x,-1.6466198832634846e-7
2.659,1776414514.005000000,/odom.pose.pose.position.x,-1.6339509207516873e-7
2.664,1776414514.010000000,/odom.pose.pose.position.x,-1.6285299659037812e-7
2.694,1776414514.040000000,/odom.pose.pose.position.x,-1.314260362300514e-7
2.729,1776414514.075000000,/odom.pose.pose.position.x,-1.2550746130110488e-7
2.729,1776414514.075000000,/odom.pose.pose.position.x,-1.2487319652220866e-7
2.7640000000000002,1776414514.110000000,/odom.pose.pose.position.x,-1.2413360974801093e-7
2.786,1776414514.132000000,/odom.pose.pose.position.x,-2.991008521372283e-7
2.793,1776414514.139000000,/odom.pose.pose.position.x,-3.3595274021354624e-7
2.827,1776414514.173000000,/odom.pose.pose.position.x,-3.4365383174793243e-7
2.873,1776414514.219000000,/odom.pose.pose.position.x,-3.4790123619747967e-7
2.891,1776414514.237000000,/odom.pose.pose.position.x,-3.5092479496594954e-7
2.891,1776414514.237000000,/odom.pose.pose.position.x,-4.0903009198740035e-7
2.931,1776414514.277000000,/odom.pose.pose.position.x,-4.2233493141538405e-7
2.949,1776414514.295000000,/odom.pose.pose.position.x,-4.273898030550112e-7
2.95,1776414514.296000000,/odom.pose.pose.position.x,-4.2911760042837087e-7
2.952,1776414514.298000000,/odom.pose.pose.position.x,-4.2986231060544277e-7
2.996,1776414514.342000000,/odom.pose.pose.position.x,-2.7817143843529625e-7
3.014,1776414514.360000000,/odom.pose.pose.position.x,-2.5939156343352306e-7
3.016,1776414514.362000000,/odom.pose.pose.position.x,-2.531545356156709e-7
3.063,1776414514.409000000,/odom.pose.pose.position.x,-2.5026241459210593e-7
3.085,1776414514.431000000,/odom.pose.pose.position.x,-2.493944280009825e-7
3.085,1776414514.431000000,/odom.pose.pose.position.x,-2.61270312401922e-7
3.091,1776414514.437000000,/odom.pose.pose.position.x,-2.625894782889747e-7
3.159,1776414514.505000000,/odom.pose.pose.position.x,-2.6304992797132213e-7
3.159,1776414514.505000000,/odom.pose.pose.position.x,-2.632325168198301e-7
3.162,1776414514.508000000,/odom.pose.pose.position.x,-2.632951859988073e-7
3.164,1776414514.510000000,/odom.pose.pose.position.x,-1.7320733213305597e-7
3.219,1776414514.565000000,/odom.pose.pose.position.x,-1.6316944226929156e-7
3.219,1776414514.565000000,/odom.pose.pose.position.x,-1.5951574794035808e-7
3.226,1776414514.572000000,/odom.pose.pose.position.x,-1.58010224116486e-7
3.31,1776414514.656000000,/odom.pose.pose.position.x,-1.5745615364238934e-7
3.31,1776414514.656000000,/odom.pose.pose.position.x,-4.1190818138728364e-7
3.339,1776414514.685000000,/odom.pose.pose.position.x,-4.396800847702945e-7
3.339,1776414514.685000000,/odom.pose.pose.position.x,-4.503436817021572e-7
3.356,1776414514.702000000,/odom.pose.pose.position.x,-4.545121407924628e-7
3.357,1776414514.703000000,/odom.pose.pose.position.x,-4.560189011593992e-7
3.386,1776414514.732000000,/odom.pose.pose.position.x,-3.228745604194242e-7
3.386,1776414514.732000000,/odom.pose.pose.position.x,-3.082567849820338e-7
3.418,1776414514.764000000,/odom.pose.pose.position.x,-3.0273785733766156e-7
3.427,1776414514.773000000,/odom.pose.pose.position.x,-3.0061802096791537e-7
3.446,1776414514.792000000,/odom.pose.pose.position.x,-2.998146135669044e-7
3.461,1776414514.807000000,/odom.pose.pose.position.x,-3.4290386662535694e-7
3.489,1776414514.835000000,/odom.pose.pose.position.x,-3.4782277899240526e-7
3.518,1776414514.864000000,/odom.pose.pose.position.x,-3.4945622789793394e-7
3.5460000000000003,1776414514.892000000,/odom.pose.pose.position.x,-3.500902803456825e-7
3.548,1776414514.894000000,/odom.pose.pose.position.x,-3.503439198771811e-7
3.56,1776414514.906000000,/odom.pose.pose.position.x,-4.155412278069828e-7
3.588,1776414514.934000000,/odom.pose.pose.position.x,-4.225933468136581e-7
3.615,1776414514.961000000,/odom.pose.pose.position.x,-4.252996001103216e-7
3.624,1776414514.970000000,/odom.pose.pose.position.x,-4.262959359442373e-7
3.65,1776414514.996000000,/odom.pose.pose.position.x,-4.266834362669058e-7
3.661,1776414515.007000000,/odom.pose.pose.position.x,-4.268293533715112e-7
3.686,1776414515.032000000,/odom.pose.pose.position.x,-4.710605283909433e-7
3.716,1776414515.062000000,/odom.pose.pose.position.x,-4.748131545368055e-7
3.726,1776414515.072000000,/odom.pose.pose.position.x,-4.765368155980893e-7
3.752,1776414515.098000000,/odom.pose.pose.position.x,-4.772137122401686e-7
3.762,1776414515.108000000,/odom.pose.pose.position.x,-5.43144194553559e-7
3.792,1776414515.138000000,/odom.pose.pose.position.x,-5.505138176779906e-7
3.8040000000000003,1776414515.150000000,/odom.pose.pose.position.x,-5.530546615286248e-7
3.823,1776414515.169000000,/odom.pose.pose.position.x,-5.540661221659227e-7
3.856,1776414515.202000000,/odom.pose.pose.position.x,-5.544530517352327e-7
3.864,1776414515.210000000,/odom.pose.pose.position.x,-8.128105985427781e-7
3.896,1776414515.242000000,/odom.pose.pose.position.x,-8.389605243901291e-7
3.933,1776414515.279000000,/odom.pose.pose.position.x,-8.488952378216006e-7
3.958,1776414515.304000000,/odom.pose.pose.position.x,-8.527796050920485e-7
3.959,1776414515.305000000,/odom.pose.pose.position.x,-8.542104378628964e-7
3.963,1776414515.309000000,/odom.pose.pose.position.x,-9.734718747374336e-7
3.995,1776414515.341000000,/odom.pose.pose.position.x,-9.857752215754148e-7
4.021,1776414515.367000000,/odom.pose.pose.position.x,-9.903548001340502e-7
4.027,1776414515.373000000,/odom.pose.pose.position.x,-9.921283834263303e-7
4.051,1776414515.397000000,/odom.pose.pose.position.x,-9.9279441986858e-7
4.062,1776414515.408000000,/odom.pose.pose.position.x,-0.000001477155556016982
4.093,1776414515.439000000,/odom.pose.pose.position.x,-0.0000015266926394978248
4.13,1776414515.476000000,/odom.pose.pose.position.x,-0.0000015493398653915639
4.13,1776414515.476000000,/odom.pose.pose.position.x,-0.0000015544230001659427
4.158,1776414515.504000000,/odom.pose.pose.position.x,-0.0000015576015290484275
4.164,1776414515.510000000,/odom.pose.pose.position.x,-0.0000010482647595410522
4.279,1776414515.625000000,/odom.pose.pose.position.x,-8.238569950978524e-7
4.301,1776414515.647000000,/odom.pose.pose.position.x,-8.232552775997871e-7
4.302,1776414515.648000000,/odom.pose.pose.position.x,-0.0000010331950898624686
4.308,1776414515.654000000,/odom.pose.pose.position.x,-0.0000010678149812892025
4.343,1776414515.689000000,/odom.pose.pose.position.x,-0.0000010786543724368829
4.366,1776414515.712000000,/odom.pose.pose.position.x,-0.0000010808109660368286
4.368,1776414515.714000000,/odom.pose.pose.position.x,-0.0000010816745084853423
4.393,1776414515.739000000,/odom.pose.pose.position.x,-8.142229285177572e-7
4.4030000000000005,1776414515.749000000,/odom.pose.pose.position.x,-7.81665108528041e-7
4.445,1776414515.791000000,/odom.pose.pose.position.x,-7.698835897560565e-7
4.471,1776414515.817000000,/odom.pose.pose.position.x,-7.658135772864301e-7
4.491,1776414515.837000000,/odom.pose.pose.position.x,-7.647577314769608e-7
4.491,1776414515.837000000,/odom.pose.pose.position.x,-7.106849121002922e-7
4.494,1776414515.840000000,/odom.pose.pose.position.x,-7.051262073491592e-7
4.5280000000000005,1776414515.874000000,/odom.pose.pose.position.x,-7.032036260813003e-7
4.55,1776414515.896000000,/odom.pose.pose.position.x,-7.024277701450966e-7
4.553,1776414515.899000000,/odom.pose.pose.position.x,-7.021690550667643e-7
4.5920000000000005,1776414515.938000000,/odom.pose.pose.position.x,-9.227782032633606e-7
4.593,1776414515.939000000,/odom.pose.pose.position.x,-9.434871679632271e-7
4.618,1776414515.964000000,/odom.pose.pose.position.x,-9.511651031477536e-7
4.624,1776414515.970000000,/odom.pose.pose.position.x,-9.532997456320516e-7
4.661,1776414516.007000000,/odom.pose.pose.position.x,-9.553977162341042e-7
4.662,1776414516.008000000,/odom.pose.pose.position.x,-0.0000010232233436925205
4.7330000000000005,1776414516.079000000,/odom.pose.pose.position.x,-0.000001033239223929424
4.772,1776414516.118000000,/odom.pose.pose.position.x,-0.0000010371560208292026
4.774,1776414516.120000000,/odom.pose.pose.position.x,-0.000001038339122975414
4.812,1776414516.158000000,/odom.pose.pose.position.x,-0.000001038933433431506
4.812,1776414516.158000000,/odom.pose.pose.position.x,-0.0000010301931908040445
4.836,1776414516.182000000,/odom.pose.pose.position.x,-0.0000010293820991892388
4.836,1776414516.182000000,/odom.pose.pose.position.x,-0.0000010290746125033845
4.855,1776414516.201000000,/odom.pose.pose.position.x,-0.0000010289563776212477
4.859,1776414516.205000000,/odom.pose.pose.position.x,-0.0000010289007399654768
4.884,1776414516.230000000,/odom.pose.pose.position.x,-0.000001119599531165399
4.914,1776414516.260000000,/odom.pose.pose.position.x,-0.0000011292707681284021
4.915,1776414516.261000000,/odom.pose.pose.position.x,-0.0000011340774332906175
4.947,1776414516.293000000,/odom.pose.pose.position.x,-0.0000011345990712492814
4.949,1776414516.295000000,/odom.pose.pose.position.x,-0.000001135375334054297
4.981,1776414516.327000000,/odom.pose.pose.position.x,-0.0000011823297617083209
4.984,1776414516.330000000,/odom.pose.pose.position.x,-0.000001188206581200386
5.02,1776414516.366000000,/odom.pose.pose.position.x,-0.0000011903833989257231
5.026,1776414516.372000000,/odom.pose.pose.position.x,-0.0000011912187763959261
5.05,1776414516.396000000,/odom.pose.pose.position.x,-0.0000011915291065589217
5.08,1776414516.426000000,/odom.pose.pose.position.x,-0.0000013453527281720158
5.084,1776414516.430000000,/odom.pose.pose.position.x,-0.000001359311180553579
5.116,1776414516.462000000,/odom.pose.pose.position.x,-0.0000013644493436905694
5.125,1776414516.471000000,/odom.pose.pose.position.x,-0.0000013664591906737492
5.147,1776414516.493000000,/odom.pose.pose.position.x,-0.0000013672169235448595
5.161,1776414516.507000000,/odom.pose.pose.position.x,-0.0000012895967929474166
5.182,1776414516.528000000,/odom.pose.pose.position.x,-0.000001282694797072316
5.212,1776414516.558000000,/odom.pose.pose.position.x,-0.0000012801246117714827
5.227,1776414516.573000000,/odom.pose.pose.position.x,-0.0000012791434244505338
5.247,1776414516.593000000,/odom.pose.pose.position.x,-0.0000012787571942571572
5.261,1776414516.607000000,/odom.pose.pose.position.x,-0.0000011294577135356566
5.284,1776414516.630000000,/odom.pose.pose.position.x,-0.0000011159750653092448
5.314,1776414516.660000000,/odom.pose.pose.position.x,-0.000001110414519692497
5.327,1776414516.673000000,/odom.pose.pose.position.x,-0.0000011087150474551126
5.355,1776414516.701000000,/odom.pose.pose.position.x,-0.0000011079844440894085
5.359,1776414516.705000000,/odom.pose.pose.position.x,-0.0000012562387149966482
5.385,1776414516.731000000,/odom.pose.pose.position.x,-0.0000012690414788505203
5.414,1776414516.760000000,/odom.pose.pose.position.x,-0.000001273779670831971
5.425,1776414516.771000000,/odom.pose.pose.position.x,-0.00000127565026038398
5.452,1776414516.798000000,/odom.pose.pose.position.x,-0.0000012763637883773404
5.484,1776414516.830000000,/odom.pose.pose.position.x,-0.00000121930910616208
5.488,1776414516.834000000,/odom.pose.pose.position.x,-0.0000012115464586646186
5.516,1776414516.862000000,/odom.pose.pose.position.x,-0.0000012119572903284833
5.525,1776414516.871000000,/odom.pose.pose.position.x,-0.0000012122099176951319
5.55,1776414516.896000000,/odom.pose.pose.position.x,-0.0000012123288999679157
5.594,1776414516.940000000,/odom.pose.pose.position.x,-0.0000016569651354296806
5.595,1776414516.941000000,/odom.pose.pose.position.x,-0.0000016377728436230625
5.624,1776414516.970000000,/odom.pose.pose.position.x,-0.0000016306740009317528
5.626,1776414516.972000000,/odom.pose.pose.position.x,-0.0000016281025708414026
5.697,1776414517.043000000,/odom.pose.pose.position.x,-0.0000016271162748364546
5.724,1776414517.070000000,/odom.pose.pose.position.x,-0.0000016566262494657868
5.724,1776414517.070000000,/odom.pose.pose.position.x,-0.0000016553115288504454
5.726,1776414517.072000000,/odom.pose.pose.position.x,-0.0000016548345680807934
5.7330000000000005,1776414517.079000000,/odom.pose.pose.position.x,-0.0000016546690620120156
5.784,1776414517.130000000,/odom.pose.pose.position.x,-0.0000016546242252048076
5.787,1776414517.133000000,/odom.pose.pose.position.x,-0.0000014402070863075927
5.79,1776414517.136000000,/odom.pose.pose.position.x,-0.0000014482760941905732
5.822,1776414517.168000000,/odom.pose.pose.position.x,-0.0000014513626772447303
5.824,1776414517.170000000,/odom.pose.pose.position.x,-0.0000014525106725643264
5.874,1776414517.220000000,/odom.pose.pose.position.x,-0.0000014529570762356488
5.9030000000000005,1776414517.249000000,/odom.pose.pose.position.x,-0.0000014336589800186555
5.923,1776414517.269000000,/odom.pose.pose.position.x,-0.0000014344703748013454
5.924,1776414517.270000000,/odom.pose.pose.position.x,-0.000001434750180592742
5.928,1776414517.274000000,/odom.pose.pose.position.x,-0.0000014348649101135983
5.955,1776414517.301000000,/odom.pose.pose.position.x,-0.0000014349201915091385
5.966,1776414517.312000000,/odom.pose.pose.position.x,-0.0000013409593353385634
5.981,1776414517.327000000,/odom.pose.pose.position.x,-0.0000013440092872814893
6.016,1776414517.362000000,/odom.pose.pose.position.x,-0.0000013451741562260137
6.027,1776414517.373000000,/odom.pose.pose.position.x,-0.0000013456125850939939
6.051,1776414517.397000000,/odom.pose.pose.position.x,-0.000001345788394095055
6.069,1776414517.415000000,/odom.pose.pose.position.x,-0.000001313611255281844
6.091,1776414517.437000000,/odom.pose.pose.position.x,-0.0000013145989863836206
6.114,1776414517.460000000,/odom.pose.pose.position.x,-0.000001314987100054415
6.124,1776414517.470000000,/odom.pose.pose.position.x,-0.0000013151362075445635
6.148,1776414517.494000000,/odom.pose.pose.position.x,-0.0000013151991817103979
6.182,1776414517.528000000,/odom.pose.pose.position.x,-0.000001618229382853655
6.185,1776414517.531000000,/odom.pose.pose.position.x,-0.0000016097686995297392
6.204,1776414517.550000000,/odom.pose.pose.position.x,-0.0000016066144935323373
6.239,1776414517.585000000,/odom.pose.pose.position.x,-0.0000016054717693774435
6.254,1776414517.600000000,/odom.pose.pose.position.x,-0.0000016050410869827103
6.284,1776414517.630000000,/odom.pose.pose.position.x,-0.00000123744579125813
6.285,1776414517.631000000,/odom.pose.pose.position.x,-0.000001247018034636379
6.316,1776414517.662000000,/odom.pose.pose.position.x,-0.0000012506487178339771
6.325,1776414517.671000000,/odom.pose.pose.position.x,-0.0000012519795405059291
6.349,1776414517.695000000,/odom.pose.pose.position.x,-0.0000012524848287418938
6.379,1776414517.725000000,/odom.pose.pose.position.x,-0.0000015442430975152033
6.384,1776414517.730000000,/odom.pose.pose.position.x,-0.0000015373492403366602
6.4190000000000005,1776414517.765000000,/odom.pose.pose.position.x,-0.00000153474847736755
6.425,1776414517.771000000,/odom.pose.pose.position.x,-0.0000015337791730853563
6.45,1776414517.796000000,/odom.pose.pose.position.x,-0.0000015334244460514055
6.462,1776414517.808000000,/odom.pose.pose.position.x,-0.0000014025179991229855
6.485,1776414517.831000000,/odom.pose.pose.position.x,-0.0000014052385897658144
6.517,1776414517.863000000,/odom.pose.pose.position.x,-0.00000140626686250722
6.521,1776414517.867000000,/odom.pose.pose.position.x,-0.0000014066258708604405
6.551,1776414517.897000000,/odom.pose.pose.position.x,-0.0000014067782855686784
6.582,1776414517.928000000,/odom.pose.pose.position.x,-0.000001275856777342094
6.585,1776414517.931000000,/odom.pose.pose.position.x,-0.0000012782929678360964
6.617,1776414517.963000000,/odom.pose.pose.position.x,-0.0000012795188933474688
6.624,1776414517.970000000,/odom.pose.pose.position.x,-0.0000012799179154287699
6.648,1776414517.994000000,/odom.pose.pose.position.x,-0.0000012800649475772687
6.662,1776414518.008000000,/odom.pose.pose.position.x,-0.0000011550439221600581
6.684,1776414518.030000000,/odom.pose.pose.position.x,-0.0000011575420741085063
6.704,1776414518.050000000,/odom.pose.pose.position.x,-0.0000011584846516944509
6.724,1776414518.070000000,/odom.pose.pose.position.x,-0.0000011588368219466693
6.748,1776414518.094000000,/odom.pose.pose.position.x,-0.000001158953191341538
6.763,1776414518.109000000,/odom.pose.pose.position.x,-0.0000010735635554761837
6.793,1776414518.139000000,/odom.pose.pose.position.x,-0.0000010750607098475623
6.814,1776414518.160000000,/odom.pose.pose.position.x,-0.0000010756311229741478
6.824,1776414518.170000000,/odom.pose.pose.position.x,-0.0000010758405368742797
6.845,1776414518.191000000,/odom.pose.pose.position.x,-0.0000010759175530805858
6.883,1776414518.229000000,/odom.pose.pose.position.x,-0.0000013353396524840431
6.8870000000000005,1776414518.233000000,/odom.pose.pose.position.x,-0.0000013313766478035628
6.917,1776414518.263000000,/odom.pose.pose.position.x,-0.000001329859478525568
6.924,1776414518.270000000,/odom.pose.pose.position.x,-0.000001329279727399947
6.947,1776414518.293000000,/odom.pose.pose.position.x,-0.0000013290892063486283
6.982,1776414518.328000000,/odom.pose.pose.position.x,-0.0000010453942392196568
6.989,1776414518.335000000,/odom.pose.pose.position.x,-0.0000010495234181100763
7.013,1776414518.359000000,/odom.pose.pose.position.x,-0.0000010504864427350002
7.024,1776414518.370000000,/odom.pose.pose.position.x,-0.000001050853166762679
7.047,1776414518.393000000,/odom.pose.pose.position.x,-0.0000010508674500973021
7.084,1776414518.430000000,/odom.pose.pose.position.x,-0.0000013622715328926515
7.09,1776414518.436000000,/odom.pose.pose.position.x,-0.0000013587433933733126
7.114,1776414518.460000000,/odom.pose.pose.position.x,-0.0000013574372775902906
7.124,1776414518.470000000,/odom.pose.pose.position.x,-0.0000013568648739274715
7.148,1776414518.494000000,/odom.pose.pose.position.x,-0.0000013567214221212111
7.161,1776414518.507000000,/odom.pose.pose.position.x,-0.000001733194540050266
7.194,1776414518.540000000,/odom.pose.pose.position.x,-0.0000017292863472129539
7.219,1776414518.565000000,/odom.pose.pose.position.x,-0.0000017290126737808322
7.251,1776414518.597000000,/odom.pose.pose.position.x,-0.000001728847163864652
7.252,1776414518.598000000,/odom.pose.pose.position.x,-0.0000017288045425030243
7.261,1776414518.607000000,/odom.pose.pose.position.x,-0.0000012766251792976183
7.285,1776414518.631000000,/odom.pose.pose.position.x,-0.000001281325631392412
7.325,1776414518.671000000,/odom.pose.pose.position.x,-0.0000012815286363082466
7.326,1776414518.672000000,/odom.pose.pose.position.x,-0.000001281759793053414
7.349,1776414518.695000000,/odom.pose.pose.position.x,-0.0000012816325083128778
7.361,1776414518.707000000,/odom.pose.pose.position.x,-0.0000011962966070346373
7.385,1776414518.731000000,/odom.pose.pose.position.x,-0.0000011971742181119718
7.414,1776414518.760000000,/odom.pose.pose.position.x,-0.0000011970785583059139
7.428,1776414518.774000000,/odom.pose.pose.position.x,-0.0000011970763570487504
7.449,1776414518.795000000,/odom.pose.pose.position.x,-0.0000011970104011260045
7.462,1776414518.808000000,/odom.pose.pose.position.x,-0.0000010470370602332928
7.5280000000000005,1776414518.874000000,/odom.pose.pose.position.x,-0.0000010482579184055134
7.5280000000000005,1776414518.874000000,/odom.pose.pose.position.x,-0.0000010485548243647117
7.529,1776414518.875000000,/odom.pose.pose.position.x,-0.0000010486740375721877
7.546,1776414518.892000000,/odom.pose.pose.position.x,-0.000001048738465473548
7.561,1776414518.907000000,/odom.pose.pose.position.x,-0.0000012006269076742298
7.585,1776414518.931000000,/odom.pose.pose.position.x,-0.000001199542895781446
7.6129999999999995,1776414518.959000000,/odom.pose.pose.position.x,-0.0000011990200918122824
7.624,1776414518.970000000,/odom.pose.pose.position.x,-0.000001198871255098178
7.648,1776414518.994000000,/odom.pose.pose.position.x,-0.0000011989446718470279
7.682,1776414519.028000000,/odom.pose.pose.position.x,-8.766376142923546e-7
7.689,1776414519.035000000,/odom.pose.pose.position.x,-8.790824663105453e-7
7.725,1776414519.071000000,/odom.pose.pose.position.x,-8.779370793682846e-7
7.727,1776414519.073000000,/odom.pose.pose.position.x,-8.776757524660053e-7
7.744,1776414519.090000000,/odom.pose.pose.position.x,-8.777062969459607e-7
7.792,1776414519.138000000,/odom.pose.pose.position.x,-9.509474679560807e-7
7.795,1776414519.141000000,/odom.pose.pose.position.x,-9.506036178675531e-7
7.823,1776414519.169000000,/odom.pose.pose.position.x,-9.504158322760176e-7
7.8260000000000005,1776414519.172000000,/odom.pose.pose.position.x,-9.503549678007157e-7
7.854,1776414519.200000000,/odom.pose.pose.position.x,-9.503341424583653e-7
7.8870000000000005,1776414519.233000000,/odom.pose.pose.position.x,-5.153531408146379e-7
7.889,1776414519.235000000,/odom.pose.pose.position.x,-5.177176502356825e-7
7.909,1776414519.255000000,/odom.pose.pose.position.x,-5.186488629705021e-7
7.943,1776414519.289000000,/odom.pose.pose.position.x,-5.188612807121468e-7
7.995,1776414519.341000000,/odom.pose.pose.position.x,-5.185526313629755e-7
7.995,1776414519.341000000,/odom.pose.pose.position.x,-9.931910887530633e-7
7.9990000000000006,1776414519.345000000,/odom.pose.pose.position.x,-9.914640574616837e-7
8.002,1776414519.348000000,/odom.pose.pose.position.x,-9.902093853874986e-7
8.046,1776414519.392000000,/odom.pose.pose.position.x,-9.899665289080727e-7
8.069,1776414519.415000000,/odom.pose.pose.position.x,-9.898646435359508e-7
8.089,1776414519.435000000,/odom.pose.pose.position.x,-9.951459869126777e-7
8.093,1776414519.439000000,/odom.pose.pose.position.x,-9.951080123065887e-7
8.12,1776414519.466000000,/odom.pose.pose.position.x,-9.951489393597654e-7
8.122,1776414519.468000000,/odom.pose.pose.position.x,-9.951805500298623e-7
8.154,1776414519.500000000,/odom.pose.pose.position.x,-9.951782460319178e-7
8.18,1776414519.526000000,/odom.pose.pose.position.x,-7.72155529625536e-7
8.188,1776414519.534000000,/odom.pose.pose.position.x,-7.729470240220129e-7
8.215,1776414519.561000000,/odom.pose.pose.position.x,-7.731145087696416e-7
8.259,1776414519.605000000,/odom.pose.pose.position.x,-0.0000688343997411577
8.26,1776414519.606000000,/odom.pose.pose.position.x,-0.00021658679359317542
8.289,1776414519.635000000,/odom.pose.pose.position.x,-0.00037193241292011596
8.326,1776414519.672000000,/odom.pose.pose.position.x,-0.0005565130465669591
8.328,1776414519.674000000,/odom.pose.pose.position.x,-0.000670992690023933
8.329,1776414519.675000000,/odom.pose.pose.position.x,-0.0007794430727305092
8.35,1776414519.696000000,/odom.pose.pose.position.x,-0.0005683467065786994
8.379,1776414519.725000000,/odom.pose.pose.position.x,-0.0005518240283827082
8.389,1776414519.735000000,/odom.pose.pose.position.x,-0.0005493585370721514
8.418,1776414519.764000000,/odom.pose.pose.position.x,-0.0005490975154188154
8.427,1776414519.773000000,/odom.pose.pose.position.x,-0.0005490464981263044
8.448,1776414519.794000000,/odom.pose.pose.position.x,-0.0005490419668245447
8.48,1776414519.826000000,/odom.pose.pose.position.x,-0.0005492588867257959
8.484,1776414519.830000000,/odom.pose.pose.position.x,-0.0005492626760789412
8.514,1776414519.860000000,/odom.pose.pose.position.x,-0.000549265654491342
8.524000000000001,1776414519.870000000,/odom.pose.pose.position.x,-0.0005492681537026438
8.548,1776414519.894000000,/odom.pose.pose.position.x,-0.0005492702767081961
8.56,1776414519.906000000,/odom.pose.pose.position.x,-0.0005489808355373379
8.581,1776414519.927000000,/odom.pose.pose.position.x,-0.0005489834431212454
8.616,1776414519.962000000,/odom.pose.pose.position.x,-0.0005489855377023869
8.648,1776414519.994000000,/odom.pose.pose.position.x,-0.0005489875778165137
8.648,1776414519.994000000,/odom.pose.pose.position.x,-0.000548988641789532
8.662,1776414520.008000000,/odom.pose.pose.position.x,-0.0005489439595228786
8.687,1776414520.033000000,/odom.pose.pose.position.x,-0.0005489419556883523
8.715,1776414520.061000000,/odom.pose.pose.position.x,-0.0005489484181514636
8.748,1776414520.094000000,/odom.pose.pose.position.x,-0.0005489470941552902
8.748,1776414520.094000000,/odom.pose.pose.position.x,-0.0005489517957250858
8.78,1776414520.126000000,/odom.pose.pose.position.x,-0.0005489706709621852
8.788,1776414520.134000000,/odom.pose.pose.position.x,-0.000548972566087114
8.812,1776414520.158000000,/odom.pose.pose.position.x,-0.0005489753774015653
8.846,1776414520.192000000,/odom.pose.pose.position.x,-0.0005489767338783891
8.847,1776414520.193000000,/odom.pose.pose.position.x,-0.0005489780032094901
8.861,1776414520.207000000,/odom.pose.pose.position.x,-0.0005491383016814447
8.89,1776414520.236000000,/odom.pose.pose.position.x,-0.0005491401059979722
8.913,1776414520.259000000,/odom.pose.pose.position.x,-0.0005491415328021341
8.924,1776414520.270000000,/odom.pose.pose.position.x,-0.0005491433113582401
8.945,1776414520.291000000,/odom.pose.pose.position.x,-0.0005491447049164844
8.962,1776414520.308000000,/odom.pose.pose.position.x,-0.0005492063727082923
8.984,1776414520.330000000,/odom.pose.pose.position.x,-0.0005492079517311317
9.012,1776414520.358000000,/odom.pose.pose.position.x,-0.0005492082585492066
9.021,1776414520.367000000,/odom.pose.pose.position.x,-0.0005492103240881432
9.048,1776414520.394000000,/odom.pose.pose.position.x,-0.0005492117636087839
9.078,1776414520.424000000,/odom.pose.pose.position.x,-0.0005495422485359613
9.085,1776414520.431000000,/odom.pose.pose.position.x,-0.000549544372256616
9.118,1776414520.464000000,/odom.pose.pose.position.x,-0.0005495457468882869
9.127,1776414520.473000000,/odom.pose.pose.position.x,-0.000549545198788053
9.146,1776414520.492000000,/odom.pose.pose.position.x,-0.0005495480015518867
9.177,1776414520.523000000,/odom.pose.pose.position.x,-0.0005493218579919657
9.185,1776414520.531000000,/odom.pose.pose.position.x,-0.000549324444628651
9.213,1776414520.559000000,/odom.pose.pose.position.x,-0.0005493250638748556
9.223,1776414520.569000000,/odom.pose.pose.position.x,-0.0005493270986168836
9.249,1776414520.595000000,/odom.pose.pose.position.x,-0.0005697440598406526
9.281,1776414520.627000000,/odom.pose.pose.position.x,-0.0006155095077953035
9.287,1776414520.633000000,/odom.pose.pose.position.x,-0.0007356542276619124
9.316,1776414520.662000000,/odom.pose.pose.position.x,-0.0009002445819971071
9.324,1776414520.670000000,/odom.pose.pose.position.x,-0.0014366493830089055
9.346,1776414520.692000000,/odom.pose.pose.position.x,-0.002085495614100752
9.38,1776414520.726000000,/odom.pose.pose.position.x,-0.003017405947600438
9.388,1776414520.734000000,/odom.pose.pose.position.x,-0.004090508898426034
9.417,1776414520.763000000,/odom.pose.pose.position.x,-0.005080735086650063
9.427,1776414520.773000000,/odom.pose.pose.position.x,-0.006091623666054189
9.451,1776414520.797000000,/odom.pose.pose.position.x,-0.007421691590618825
9.489,1776414520.835000000,/odom.pose.pose.position.x,-0.008651127375188894
9.492,1776414520.838000000,/odom.pose.pose.position.x,-0.010314775136863436
9.518,1776414520.864000000,/odom.pose.pose.position.x,-0.012010150763600248
9.526,1776414520.872000000,/odom.pose.pose.position.x,-0.013500461098956992
9.553,1776414520.899000000,/odom.pose.pose.position.x,-0.014970209265899934
9.599,1776414520.945000000,/odom.pose.pose.position.x,-0.01628302044436757
9.599,1776414520.945000000,/odom.pose.pose.position.x,-0.01799970869588563
9.604,1776414520.950000000,/odom.pose.pose.position.x,-0.01969037695362586
9.625,1776414520.971000000,/odom.pose.pose.position.x,-0.02134223308599806
9.647,1776414520.993000000,/odom.pose.pose.position.x,-0.023087933208143743
9.664,1776414521.010000000,/odom.pose.pose.position.x,-0.024702098248537988
9.684,1776414521.030000000,/odom.pose.pose.position.x,-0.026402295751298197
9.712,1776414521.058000000,/odom.pose.pose.position.x,-0.02810092564831437
9.728,1776414521.074000000,/odom.pose.pose.position.x,-0.029927081483761185
9.755,1776414521.101000000,/odom.pose.pose.position.x,-0.03174634918409967
9.765,1776414521.111000000,/odom.pose.pose.position.x,-0.033219812860745504
9.784,1776414521.130000000,/odom.pose.pose.position.x,-0.03492163232843176
9.83,1776414521.176000000,/odom.pose.pose.position.x,-0.03694969013697829
9.831,1776414521.177000000,/odom.pose.pose.position.x,-0.0389925148136932
9.842,1776414521.188000000,/odom.pose.pose.position.x,-0.040705947939268905
9.867,1776414521.213000000,/odom.pose.pose.position.x,-0.04218403914557014
9.901,1776414521.247000000,/odom.pose.pose.position.x,-0.04411868612476765
9.902,1776414521.248000000,/odom.pose.pose.position.x,-0.04606221596478382
9.94,1776414521.286000000,/odom.pose.pose.position.x,-0.047764618151811176
9.943,1776414521.289000000,/odom.pose.pose.position.x,-0.049460256093500556
9.964,1776414521.310000000,/odom.pose.pose.position.x,-0.05092875656276341
9.984,1776414521.330000000,/odom.pose.pose.position.x,-0.052964759616246276
10.004,1776414521.350000000,/odom.pose.pose.position.x,-0.055005936710080375
10.024,1776414521.370000000,/odom.pose.pose.position.x,-0.05671736520791782
10.049,1776414521.395000000,/odom.pose.pose.position.x,-0.05841559249840966
10.082,1776414521.428000000,/odom.pose.pose.position.x,-0.060209012459496246
10.084,1776414521.430000000,/odom.pose.pose.position.x,-0.062251839359468826
10.119,1776414521.465000000,/odom.pose.pose.position.x,-0.06406990901283317
10.151,1776414521.497000000,/odom.pose.pose.position.x,-0.06588459947924541
10.152,1776414521.498000000,/odom.pose.pose.position.x,-0.06769854754249649
10.184,1776414521.530000000,/odom.pose.pose.position.x,-0.06927321589714572
10.187,1776414521.533000000,/odom.pose.pose.position.x,-0.07131100175665471
10.215,1776414521.561000000,/odom.pose.pose.position.x,-0.07335491256538569
10.224,1776414521.570000000,/odom.pose.pose.position.x,-0.07517861202041709
10.249,1776414521.595000000,/odom.pose.pose.position.x,-0.0769903166440154
10.28,1776414521.626000000,/odom.pose.pose.position.x,-0.07880348179500529
10.287,1776414521.633000000,/odom.pose.pose.position.x,-0.08084681840896901
10.314,1776414521.660000000,/odom.pose.pose.position.x,-0.08266745218733425
10.325,1776414521.671000000,/odom.pose.pose.position.x,-0.08448428013827829
10.351,1776414521.697000000,/odom.pose.pose.position.x,-0.08652135914588813
10.383,1776414521.729000000,/odom.pose.pose.position.x,-0.08831894438358734
10.385,1776414521.731000000,/odom.pose.pose.position.x,-0.09025981903609881
10.416,1776414521.762000000,/odom.pose.pose.position.x,-0.09219948660375399
10.427,1776414521.773000000,/odom.pose.pose.position.x,-0.09414073063298345
10.452,1776414521.798000000,/odom.pose.pose.position.x,-0.09628981038390645
10.484,1776414521.830000000,/odom.pose.pose.position.x,-0.09820288960124887
10.486,1776414521.832000000,/odom.pose.pose.position.x,-0.10036215288272042
10.515,1776414521.861000000,/odom.pose.pose.position.x,-0.10240068583242116
10.525,1776414521.871000000,/odom.pose.pose.position.x,-0.1044384645681981
10.546,1776414521.892000000,/odom.pose.pose.position.x,-0.10671411000020363
10.583,1776414521.929000000,/odom.pose.pose.position.x,-0.10874383136630651
10.584,1776414521.930000000,/odom.pose.pose.position.x,-0.11102632342299613
10.615,1776414521.961000000,/odom.pose.pose.position.x,-0.11341468627687334
10.624,1776414521.970000000,/odom.pose.pose.position.x,-0.11547011904933466
10.647,1776414521.993000000,/odom.pose.pose.position.x,-0.11763027334945891
10.68,1776414522.026000000,/odom.pose.pose.position.x,-0.11965189139791622
10.685,1776414522.031000000,/odom.pose.pose.position.x,-0.12192932256758103
10.713000000000001,1776414522.059000000,/odom.pose.pose.position.x,-0.12420730263663715
10.724,1776414522.070000000,/odom.pose.pose.position.x,-0.12648344475564166
10.75,1776414522.096000000,/odom.pose.pose.position.x,-0.1286486938250259
10.783,1776414522.129000000,/odom.pose.pose.position.x,-0.13055731513639054
10.787,1776414522.133000000,/odom.pose.pose.position.x,-0.13277965090939406
10.818,1776414522.164000000,/odom.pose.pose.position.x,-0.13520354330865086
10.827,1776414522.173000000,/odom.pose.pose.position.x,-0.13746262102933465
10.846,1776414522.192000000,/odom.pose.pose.position.x,-0.13975540597971176
10.878,1776414522.224000000,/odom.pose.pose.position.x,-0.14153774003570113
10.887,1776414522.233000000,/odom.pose.pose.position.x,-0.14380909827857122
10.915,1776414522.261000000,/odom.pose.pose.position.x,-0.14608813257993208
10.924,1776414522.270000000,/odom.pose.pose.position.x,-0.14745146887593624
10.947,1776414522.293000000,/odom.pose.pose.position.x,-0.14866622437819194
10.961,1776414522.307000000,/odom.pose.pose.position.x,-0.14906244809518499
10.986,1776414522.332000000,/odom.pose.pose.position.x,-0.1495401322161191
11.015,1776414522.361000000,/odom.pose.pose.position.x,-0.14684506396586752
11.027,1776414522.373000000,/odom.pose.pose.position.x,-0.14668638756043076
11.048,1776414522.394000000,/odom.pose.pose.position.x,-0.14667200502884392
11.08,1776414522.426000000,/odom.pose.pose.position.x,-0.14666738791306563
11.084,1776414522.430000000,/odom.pose.pose.position.x,-0.14666770847975127
11.118,1776414522.464000000,/odom.pose.pose.position.x,-0.14666722979754637
11.13,1776414522.476000000,/odom.pose.pose.position.x,-0.14666650725518074
11.148,1776414522.494000000,/odom.pose.pose.position.x,-0.14666555275018237
11.183,1776414522.529000000,/odom.pose.pose.position.x,-0.14666378916868128
11.186,1776414522.532000000,/odom.pose.pose.position.x,-0.1466629184654905
11.217,1776414522.563000000,/odom.pose.pose.position.x,-0.14666207070664017
11.225,1776414522.571000000,/odom.pose.pose.position.x,-0.14666119420132906
11.253,1776414522.599000000,/odom.pose.pose.position.x,-0.14666039689340019
11.263,1776414522.609000000,/odom.pose.pose.position.x,-0.1466595987763651
11.296,1776414522.642000000,/odom.pose.pose.position.x,-0.14665864301274406
11.318,1776414522.664000000,/odom.pose.pose.position.x,-0.14665728998179894
11.324,1776414522.670000000,/odom.pose.pose.position.x,-0.14665689013005018
11.347,1776414522.693000000,/odom.pose.pose.position.x,-0.1466561504111096
11.38,1776414522.726000000,/odom.pose.pose.position.x,-0.14665565836261357
11.391,1776414522.737000000,/odom.pose.pose.position.x,-0.14665474551478677
11.414,1776414522.760000000,/odom.pose.pose.position.x,-0.14665308164650176
11.424,1776414522.770000000,/odom.pose.pose.position.x,-0.14665322861630176
11.447,1776414522.793000000,/odom.pose.pose.position.x,-0.1466525393855516
11.463,1776414522.809000000,/odom.pose.pose.position.x,-0.14665239602012914
11.484,1776414522.830000000,/odom.pose.pose.position.x,-0.14665154059558122
11.519,1776414522.865000000,/odom.pose.pose.position.x,-0.14664961353907038
11.523,1776414522.869000000,/odom.pose.pose.position.x,-0.14664934553830733
11.548,1776414522.894000000,/odom.pose.pose.position.x,-0.14664995201569084
11.561,1776414522.907000000,/odom.pose.pose.position.x,-0.146649141752809
11.584,1776414522.930000000,/odom.pose.pose.position.x,-0.1466488756338715
11.613,1776414522.959000000,/odom.pose.pose.position.x,-0.14664811315130966
11.622,1776414522.968000000,/odom.pose.pose.position.x,-0.14664781173305874
11.647,1776414522.993000000,/odom.pose.pose.position.x,-0.14664738956514298
11.68,1776414523.026000000,/odom.pose.pose.position.x,-0.14655644172216212
11.684,1776414523.030000000,/odom.pose.pose.position.x,-0.14619034906190434
11.716,1776414523.062000000,/odom.pose.pose.position.x,-0.14555917717172812
11.73,1776414523.076000000,/odom.pose.pose.position.x,-0.14471408045939796
11.747,1776414523.093000000,/odom.pose.pose.position.x,-0.14342074703539318
11.785,1776414523.131000000,/odom.pose.pose.position.x,-0.14202865808027654
11.786,1776414523.132000000,/odom.pose.pose.position.x,-0.14012566021392445
11.815,1776414523.161000000,/odom.pose.pose.position.x,-0.13806958103968137
11.826,1776414523.172000000,/odom.pose.pose.position.x,-0.13578153451110025
11.851,1776414523.197000000,/odom.pose.pose.position.x,-0.13342699128674754
11.861,1776414523.207000000,/odom.pose.pose.position.x,-0.13104037522559445
11.885,1776414523.231000000,/odom.pose.pose.position.x,-0.1283047424633185
11.914,1776414523.260000000,/odom.pose.pose.position.x,-0.12555100694125926
11.925,1776414523.271000000,/odom.pose.pose.position.x,-0.1227956854097389
11.947,1776414523.293000000,/odom.pose.pose.position.x,-0.12004751355722995
11.961,1776414523.307000000,/odom.pose.pose.position.x,-0.11760173462933776
11.983,1776414523.329000000,/odom.pose.pose.position.x,-0.11487046323135865
12.013,1776414523.359000000,/odom.pose.pose.position.x,-0.11212775996773851
12.028,1776414523.374000000,/odom.pose.pose.position.x,-0.1093007778049945
12.05,1776414523.396000000,/odom.pose.pose.position.x,-0.10645199694108594
12.067,1776414523.413000000,/odom.pose.pose.position.x,-0.10507880985901065
12.101,1776414523.447000000,/odom.pose.pose.position.x,-0.10364951425555177
12.11,1776414523.456000000,/odom.pose.pose.position.x,-0.1027834859242149
12.124,1776414523.470000000,/odom.pose.pose.position.x,-0.1023768177203057
12.143,1776414523.489000000,/odom.pose.pose.position.x,-0.10197462191128609
12.181,1776414523.527000000,/odom.pose.pose.position.x,-0.10488526641144302
12.184,1776414523.530000000,/odom.pose.pose.position.x,-0.1050635767225657
12.216,1776414523.562000000,/odom.pose.pose.position.x,-0.10508305620604916
12.224,1776414523.570000000,/odom.pose.pose.position.x,-0.10508755326329232
12.246,1776414523.592000000,/odom.pose.pose.position.x,-0.10508743975589328
12.281,1776414523.627000000,/odom.pose.pose.position.x,-0.10508782173035434
12.287,1776414523.633000000,/odom.pose.pose.position.x,-0.10508759953911695
12.319,1776414523.665000000,/odom.pose.pose.position.x,-0.10508725134049632
12.356,1776414523.702000000,/odom.pose.pose.position.x,-0.10508736710454522
12.357,1776414523.703000000,/odom.pose.pose.position.x,-0.10508727925898373
12.361,1776414523.707000000,/odom.pose.pose.position.x,-0.1050877442288101
12.392,1776414523.738000000,/odom.pose.pose.position.x,-0.1050876877758203
12.424,1776414523.770000000,/odom.pose.pose.position.x,-0.10508762358330549
12.424,1776414523.770000000,/odom.pose.pose.position.x,-0.10508756195670185
12.454,1776414523.800000000,/odom.pose.pose.position.x,-0.1050874917439049
12.459,1776414523.805000000,/odom.pose.pose.position.x,-0.10508768760755674
12.485,1776414523.831000000,/odom.pose.pose.position.x,-0.10508763650165617
12.849,1776414524.195000000,/odom.pose.pose.position.x,-0.1050875745864935
12.849,1776414524.195000000,/odom.pose.pose.position.x,-0.10508752522667675
12.849,1776414524.195000000,/odom.pose.pose.position.x,-0.10508750929896403
12.849,1776414524.195000000,/odom.pose.pose.position.x,-0.10508736673249858
12.849,1776414524.195000000,/odom.pose.pose.position.x,-0.10508732946350627
12.849,1776414524.195000000,/odom.pose.pose.position.x,-0.10508714435262366
12.849,1776414524.195000000,/odom.pose.pose.position.x,-0.10508714495130694
12.849,1776414524.195000000,/odom.pose.pose.position.x,-0.10508707299691986
12.849,1776414524.195000000,/odom.pose.pose.position.x,-0.10508700695683386
12.849,1776414524.195000000,/odom.pose.pose.position.x,-0.10508674589232277
12.849,1776414524.195000000,/odom.pose.pose.position.x,-0.10508699337332392
12.849,1776414524.195000000,/odom.pose.pose.position.x,-0.10508677922774778
12.849,1776414524.195000000,/odom.pose.pose.position.x,-0.10508688605986259
12.849,1776414524.195000000,/odom.pose.pose.position.x,-0.1052642247526011
12.849,1776414524.195000000,/odom.pose.pose.position.x,-0.10571866259250837
12.849,1776414524.195000000,/odom.pose.pose.position.x,-0.10681741496956275
12.849,1776414524.195000000,/odom.pose.pose.position.x,-0.1085322144451001
12.851,1776414524.197000000,/odom.pose.pose.position.x,-0.11094388551786082
12.917,1776414524.263000000,/odom.pose.pose.position.x,-0.11365878109423884
12.917,1776414524.263000000,/odom.pose.pose.position.x,-0.11728708902611937
12.917,1776414524.263000000,/odom.pose.pose.position.x,-0.12128815560367151
12.927,1776414524.273000000,/odom.pose.pose.position.x,-0.1259503498519292
12.947,1776414524.293000000,/odom.pose.pose.position.x,-0.13091690402178208
12.962,1776414524.308000000,/odom.pose.pose.position.x,-0.13577753256392536
12.992,1776414524.338000000,/odom.pose.pose.position.x,-0.14129861752440767
13.013,1776414524.359000000,/odom.pose.pose.position.x,-0.1472751574282724
13.047,1776414524.393000000,/odom.pose.pose.position.x,-0.15332366066351388
13.047,1776414524.393000000,/odom.pose.pose.position.x,-0.15942439506062536
13.062,1776414524.408000000,/odom.pose.pose.position.x,-0.16491180146203105
13.082,1776414524.428000000,/odom.pose.pose.position.x,-0.17159544253821615
13.112,1776414524.458000000,/odom.pose.pose.position.x,-0.1776589612965077
13.148,1776414524.494000000,/odom.pose.pose.position.x,-0.18416098246103094
13.15,1776414524.496000000,/odom.pose.pose.position.x,-0.19068311414888206
13.19,1776414524.536000000,/odom.pose.pose.position.x,-0.19666692560015353
13.191,1776414524.537000000,/odom.pose.pose.position.x,-0.20285802696651362
13.217,1776414524.563000000,/odom.pose.pose.position.x,-0.20985445562867575
13.226,1776414524.572000000,/odom.pose.pose.position.x,-0.21598219145219708
13.251,1776414524.597000000,/odom.pose.pose.position.x,-0.22266274405596706
13.262,1776414524.608000000,/odom.pose.pose.position.x,-0.22807833302063454
13.283,1776414524.629000000,/odom.pose.pose.position.x,-0.23435855916359702
13.319,1776414524.665000000,/odom.pose.pose.position.x,-0.23945524452725994
13.327,1776414524.673000000,/odom.pose.pose.position.x,-0.24421361560605276
13.346,1776414524.692000000,/odom.pose.pose.position.x,-0.24782841000263536
13.359,1776414524.705000000,/odom.pose.pose.position.x,-0.2500127102150692
13.389,1776414524.735000000,/odom.pose.pose.position.x,-0.2520344016181384
13.415,1776414524.761000000,/odom.pose.pose.position.x,-0.25356393573348923
13.424,1776414524.770000000,/odom.pose.pose.position.x,-0.2543187690858344
13.448,1776414524.794000000,/odom.pose.pose.position.x,-0.25474279397287286
13.482,1776414524.828000000,/odom.pose.pose.position.x,-0.2484394303245251
13.486,1776414524.832000000,/odom.pose.pose.position.x,-0.24811462901223896
13.516,1776414524.862000000,/odom.pose.pose.position.x,-0.24807696384455674
13.527,1776414524.873000000,/odom.pose.pose.position.x,-0.2480757652382423
13.55,1776414524.896000000,/odom.pose.pose.position.x,-0.2480883680058689
13.587,1776414524.933000000,/odom.pose.pose.position.x,-0.2481116685495781
13.587,1776414524.933000000,/odom.pose.pose.position.x,-0.24876555909826653
13.613,1776414524.959000000,/odom.pose.pose.position.x,-0.24995211448179042
13.624,1776414524.970000000,/odom.pose.pose.position.x,-0.25223400863031825
13.647,1776414524.993000000,/odom.pose.pose.position.x,-0.2555255802332892
13.683,1776414525.029000000,/odom.pose.pose.position.x,-0.2599046062196785
13.687,1776414525.033000000,/odom.pose.pose.position.x,-0.2659654922140554
13.719,1776414525.065000000,/odom.pose.pose.position.x,-0.2735277916128774
13.726,1776414525.072000000,/odom.pose.pose.position.x,-0.28223153550388136
13.75,1776414525.096000000,/odom.pose.pose.position.x,-0.2916541894650144
13.783,1776414525.129000000,/odom.pose.pose.position.x,-0.3004457810595863
13.788,1776414525.134000000,/odom.pose.pose.position.x,-0.3095783857521494
13.817,1776414525.163000000,/odom.pose.pose.position.x,-0.318891726172969
13.826,1776414525.172000000,/odom.pose.pose.position.x,-0.32455447478687877
13.853,1776414525.199000000,/odom.pose.pose.position.x,-0.3293453899309689
13.863,1776414525.209000000,/odom.pose.pose.position.x,-0.3309978823410355
13.895,1776414525.241000000,/odom.pose.pose.position.x,-0.33320481763303006
13.925,1776414525.271000000,/odom.pose.pose.position.x,-0.3349052397003076
13.928,1776414525.274000000,/odom.pose.pose.position.x,-0.33598490666406167
13.953,1776414525.299000000,/odom.pose.pose.position.x,-0.33692372389662384
13.979,1776414525.325000000,/odom.pose.pose.position.x,-0.33670128579211267
13.992,1776414525.338000000,/odom.pose.pose.position.x,-0.3371899247664711
14.014,1776414525.360000000,/odom.pose.pose.position.x,-0.3375383559938521
14.024,1776414525.370000000,/odom.pose.pose.position.x,-0.337935038729736
14.049,1776414525.395000000,/odom.pose.pose.position.x,-0.3380327573267774
14.062,1776414525.408000000,/odom.pose.pose.position.x,-0.33779288492145193
14.085,1776414525.431000000,/odom.pose.pose.position.x,-0.3355967499663293
14.118,1776414525.464000000,/odom.pose.pose.position.x,-0.33547870323954104
14.148,1776414525.494000000,/odom.pose.pose.position.x,-0.33566387651184365
14.15,1776414525.496000000,/odom.pose.pose.position.x,-0.33598972182692227
14.18,1776414525.526000000,/odom.pose.pose.position.x,-0.33695418851664793
14.186,1776414525.532000000,/odom.pose.pose.position.x,-0.3385813809315015
14.214,1776414525.560000000,/odom.pose.pose.position.x,-0.34151457265731405
14.228,1776414525.574000000,/odom.pose.pose.position.x,-0.34563877333625936
14.252,1776414525.598000000,/odom.pose.pose.position.x,-0.35135529661840265
14.283,1776414525.629000000,/odom.pose.pose.position.x,-0.3576011821454577
14.285,1776414525.631000000,/odom.pose.pose.position.x,-0.3658600164500836
14.32,1776414525.666000000,/odom.pose.pose.position.x,-0.370872004659385
14.322,1776414525.668000000,/odom.pose.pose.position.x,-0.3758254833294546
14.35,1776414525.696000000,/odom.pose.pose.position.x,-0.38094409223174697
14.382,1776414525.728000000,/odom.pose.pose.position.x,-0.38051829553327365
14.394,1776414525.740000000,/odom.pose.pose.position.x,-0.3853310248839488
14.417,1776414525.763000000,/odom.pose.pose.position.x,-0.3869835101231129
14.428,1776414525.774000000,/odom.pose.pose.position.x,-0.38832875191859184
14.452,1776414525.798000000,/odom.pose.pose.position.x,-0.389204477332024
14.482,1776414525.828000000,/odom.pose.pose.position.x,-0.3891371989220059
14.486,1776414525.832000000,/odom.pose.pose.position.x,-0.38951270560733414
14.516,1776414525.862000000,/odom.pose.pose.position.x,-0.3898995181823883
14.548,1776414525.894000000,/odom.pose.pose.position.x,-0.38983542173148855
14.549,1776414525.895000000,/odom.pose.pose.position.x,-0.3898041165111393
14.584,1776414525.930000000,/odom.pose.pose.position.x,-0.3872291197927844
14.589,1776414525.935000000,/odom.pose.pose.position.x,-0.3871125485958689
14.613,1776414525.959000000,/odom.pose.pose.position.x,-0.3871113021974851
14.628,1776414525.974000000,/odom.pose.pose.position.x,-0.3871125325572734
14.653,1776414525.999000000,/odom.pose.pose.position.x,-0.3871092404675027
14.685,1776414526.031000000,/odom.pose.pose.position.x,-0.38711038509468887
14.686,1776414526.032000000,/odom.pose.pose.position.x,-0.3871080587139613
14.717,1776414526.063000000,/odom.pose.pose.position.x,-0.38710541898898826
14.725,1776414526.071000000,/odom.pose.pose.position.x,-0.387102954387696
14.756,1776414526.102000000,/odom.pose.pose.position.x,-0.38709791979895924
14.788,1776414526.134000000,/odom.pose.pose.position.x,-0.3870980098358207
14.79,1776414526.136000000,/odom.pose.pose.position.x,-0.38709561412708604
14.82,1776414526.166000000,/odom.pose.pose.position.x,-0.3870941236890654
14.822,1776414526.168000000,/odom.pose.pose.position.x,-0.3870912303261423
14.852,1776414526.198000000,/odom.pose.pose.position.x,-0.38708867719996604
14.882,1776414526.228000000,/odom.pose.pose.position.x,-0.38708662825339313
14.882,1776414526.228000000,/odom.pose.pose.position.x,-0.3870845133812884
14.916,1776414526.262000000,/odom.pose.pose.position.x,-0.3870827159523555
14.925,1776414526.271000000,/odom.pose.pose.position.x,-0.3870806005136045
14.948,1776414526.294000000,/odom.pose.pose.position.x,-0.3870760231073382
14.961,1776414526.307000000,/odom.pose.pose.position.x,-0.3870768756218986
14.986,1776414526.332000000,/odom.pose.pose.position.x,-0.38707502158086476
15.013,1776414526.359000000,/odom.pose.pose.position.x,-0.3870739668156113
15.03,1776414526.376000000,/odom.pose.pose.position.x,-0.387071630502781
15.049,1776414526.395000000,/odom.pose.pose.position.x,-0.3870696184745559
15.061,1776414526.407000000,/odom.pose.pose.position.x,-0.38706774307242503
15.085,1776414526.431000000,/odom.pose.pose.position.x,-0.38706616431282564
15.112,1776414526.458000000,/odom.pose.pose.position.x,-0.3870650759089731
15.163,1776414526.509000000,/odom.pose.pose.position.x,-0.38706319391176247
15.194,1776414526.540000000,/odom.pose.pose.position.x,-0.38705910346814193
15.194,1776414526.540000000,/odom.pose.pose.position.x,-0.38705982941170347
15.213,1776414526.559000000,/odom.pose.pose.position.x,-0.3870584101246273
15.239,1776414526.585000000,/odom.pose.pose.position.x,-0.3870570332524098
15.255,1776414526.601000000,/odom.pose.pose.position.x,-0.38705586436687967
15.255,1776414526.601000000,/odom.pose.pose.position.x,-0.3870544843196513
15.291,1776414526.637000000,/odom.pose.pose.position.x,-0.3870532569691474
15.293,1776414526.639000000,/odom.pose.pose.position.x,-0.38705198635181454
15.327,1776414526.673000000,/odom.pose.pose.position.x,-0.387050757454812
15.327,1776414526.673000000,/odom.pose.pose.position.x,-0.38704964119698987
15.362,1776414526.708000000,/odom.pose.pose.position.x,-0.3870484673130482
15.364,1776414526.710000000,/odom.pose.pose.position.x,-0.3870476253846667
15.393,1776414526.739000000,/odom.pose.pose.position.x,-0.38704659419967957
15.42,1776414526.766000000,/odom.pose.pose.position.x,-0.3870455907288562
15.424,1776414526.770000000,/odom.pose.pose.position.x,-0.38704454235535574
15.45,1776414526.796000000,/odom.pose.pose.position.x,-0.38704349856301545
15.485,1776414526.831000000,/odom.pose.pose.position.x,-0.3870421488110162
15.492,1776414526.838000000,/odom.pose.pose.position.x,-0.3870411422957092
15.516,1776414526.862000000,/odom.pose.pose.position.x,-0.38704035756965727
15.524000000000001,1776414526.870000000,/odom.pose.pose.position.x,-0.3870393984055458
15.552,1776414526.898000000,/odom.pose.pose.position.x,-0.3870384592378463
15.564,1776414526.910000000,/odom.pose.pose.position.x,-0.3870374262412963
15.59,1776414526.936000000,/odom.pose.pose.position.x,-0.387036475965565
15.614,1776414526.960000000,/odom.pose.pose.position.x,-0.3870357165862716
15.624,1776414526.970000000,/odom.pose.pose.position.x,-0.3870349621583266
15.65,1776414526.996000000,/odom.pose.pose.position.x,-0.38703414649019474
15.661,1776414527.007000000,/odom.pose.pose.position.x,-0.38703369318463465
15.693,1776414527.039000000,/odom.pose.pose.position.x,-0.3870326431457341
15.717,1776414527.063000000,/odom.pose.pose.position.x,-0.3870322110771771
15.729,1776414527.075000000,/odom.pose.pose.position.x,-0.38703116924804726
15.748,1776414527.094000000,/odom.pose.pose.position.x,-0.38703082661813976
15.761,1776414527.107000000,/odom.pose.pose.position.x,-0.38697035065235186
15.784,1776414527.130000000,/odom.pose.pose.position.x,-0.38685883980570795
15.818,1776414527.164000000,/odom.pose.pose.position.x,-0.3867574461344312
15.827,1776414527.173000000,/odom.pose.pose.position.x,-0.3866514150150194
15.855,1776414527.201000000,/odom.pose.pose.position.x,-0.3865398926708282
15.869,1776414527.215000000,/odom.pose.pose.position.x,-0.3864369841357037
15.897,1776414527.243000000,/odom.pose.pose.position.x,-0.3866423078245813
15.901,1776414527.247000000,/odom.pose.pose.position.x,-0.3866619414512362
15.925,1776414527.271000000,/odom.pose.pose.position.x,-0.386666256447545
15.951,1776414527.297000000,/odom.pose.pose.position.x,-0.3866672023768793
15.961,1776414527.307000000,/odom.pose.pose.position.x,-0.38666717038792203
15.983,1776414527.329000000,/odom.pose.pose.position.x,-0.38666681315576434
16.019,1776414527.365000000,/odom.pose.pose.position.x,-0.3866665381492242
16.026,1776414527.372000000,/odom.pose.pose.position.x,-0.386666043071949
16.053,1776414527.399000000,/odom.pose.pose.position.x,-0.38666548602468
16.061,1776414527.407000000,/odom.pose.pose.position.x,-0.38666488601927457
16.088,1776414527.434000000,/odom.pose.pose.position.x,-0.38666444302425695
16.116,1776414527.462000000,/odom.pose.pose.position.x,-0.3866639281246576
16.125,1776414527.471000000,/odom.pose.pose.position.x,-0.3866635075276942
16.151,1776414527.497000000,/odom.pose.pose.position.x,-0.38667182124634
16.165,1776414527.511000000,/odom.pose.pose.position.x,-0.38670053644044083
16.186,1776414527.532000000,/odom.pose.pose.position.x,-0.3867007213274335
16.225,1776414527.571000000,/odom.pose.pose.position.x,-0.38669666048942275
16.232,1776414527.578000000,/odom.pose.pose.position.x,-0.3866916866614143
16.257,1776414527.603000000,/odom.pose.pose.position.x,-0.3865275610200472
16.266,1776414527.612000000,/odom.pose.pose.position.x,-0.38633424067091726
16.291,1776414527.637000000,/odom.pose.pose.position.x,-0.3860289398256734
16.324,1776414527.670000000,/odom.pose.pose.position.x,-0.3857055821284682
16.326,1776414527.672000000,/odom.pose.pose.position.x,-0.3853763309337126
16.353,1776414527.699000000,/odom.pose.pose.position.x,-0.3850437947379947
16.364,1776414527.710000000,/odom.pose.pose.position.x,-0.38483258885960375
16.385,1776414527.731000000,/odom.pose.pose.position.x,-0.3846198162389874
16.415,1776414527.761000000,/odom.pose.pose.position.x,-0.38440813854455924
16.423000000000002,1776414527.769000000,/odom.pose.pose.position.x,-0.38419909478913256
16.447,1776414527.793000000,/odom.pose.pose.position.x,-0.3839890936621071
16.461,1776414527.807000000,/odom.pose.pose.position.x,-0.38378354294912337
16.486,1776414527.832000000,/odom.pose.pose.position.x,-0.38337524569261533
16.518,1776414527.864000000,/odom.pose.pose.position.x,-0.38296138994131196
16.525,1776414527.871000000,/odom.pose.pose.position.x,-0.382548338586559
16.548000000000002,1776414527.894000000,/odom.pose.pose.position.x,-0.38213607589764215
16.564,1776414527.910000000,/odom.pose.pose.position.x,-0.38172831815785613
16.584,1776414527.930000000,/odom.pose.pose.position.x,-0.3814150792853779
16.617,1776414527.963000000,/odom.pose.pose.position.x,-0.3811041312965624
16.622,1776414527.968000000,/odom.pose.pose.position.x,-0.3807976747987474
16.641,1776414527.987000000,/odom.pose.pose.position.x,-0.38049082515655414
16.666,1776414528.012000000,/odom.pose.pose.position.x,-0.3801880061733971
16.69,1776414528.036000000,/odom.pose.pose.position.x,-0.3798857799343777
16.722,1776414528.068000000,/odom.pose.pose.position.x,-0.3795835788256174
16.727,1776414528.073000000,/odom.pose.pose.position.x,-0.37928476932349636
16.757,1776414528.103000000,/odom.pose.pose.position.x,-0.3790915839154218
16.761,1776414528.107000000,/odom.pose.pose.position.x,-0.3789021827385153
16.791,1776414528.137000000,/odom.pose.pose.position.x,-0.3789170280089532
16.822,1776414528.168000000,/odom.pose.pose.position.x,-0.37894380925252247
16.823,1776414528.169000000,/odom.pose.pose.position.x,-0.37888406333317004
16.854,1776414528.200000000,/odom.pose.pose.position.x,-0.3788292194255578
16.861,1776414528.207000000,/odom.pose.pose.position.x,-0.3789659954463104
16.895,1776414528.241000000,/odom.pose.pose.position.x,-0.3791132909947224
16.924,1776414528.270000000,/odom.pose.pose.position.x,-0.3791747409194904
16.926,1776414528.272000000,/odom.pose.pose.position.x,-0.3792419619683974
16.961,1776414528.307000000,/odom.pose.pose.position.x,-0.3794245942216963
16.963,1776414528.309000000,/odom.pose.pose.position.x,-0.3796108637706595
16.993,1776414528.339000000,/odom.pose.pose.position.x,-0.3798081721580745
17.023,1776414528.369000000,/odom.pose.pose.position.x,-0.3801401949383601
17.025,1776414528.371000000,/odom.pose.pose.position.x,-0.3804833886659499
17.059,1776414528.405000000,/odom.pose.pose.position.x,-0.3807004259936827
17.064,1776414528.410000000,/odom.pose.pose.position.x,-0.3809990908031867
17.092,1776414528.438000000,/odom.pose.pose.position.x,-0.3813106347382745
17.124,1776414528.470000000,/odom.pose.pose.position.x,-0.38183353245991297
17.127,1776414528.473000000,/odom.pose.pose.position.x,-0.38236555831409513
17.158,1776414528.504000000,/odom.pose.pose.position.x,-0.38282765814268604
17.163,1776414528.509000000,/odom.pose.pose.position.x,-0.3832853527049809
17.197,1776414528.543000000,/odom.pose.pose.position.x,-0.3837542525072562
17.222,1776414528.568000000,/odom.pose.pose.position.x,-0.3842263615520661
17.227,1776414528.573000000,/odom.pose.pose.position.x,-0.38476817440501726
17.256,1776414528.602000000,/odom.pose.pose.position.x,-0.38531323061564005
17.261,1776414528.607000000,/odom.pose.pose.position.x,-0.385788982213982
17.289,1776414528.635000000,/odom.pose.pose.position.x,-0.3862739371459126
17.304,1776414528.650000000,/odom.pose.pose.position.x,-0.3867608392479204
17.329,1776414528.675000000,/odom.pose.pose.position.x,-0.3871680461316983
17.358,1776414528.704000000,/odom.pose.pose.position.x,-0.38758511396332984
17.365,1776414528.711000000,/odom.pose.pose.position.x,-0.3879943585285585
17.388,1776414528.734000000,/odom.pose.pose.position.x,-0.38841792766372285
17.409,1776414528.755000000,/odom.pose.pose.position.x,-0.3888470575018507
17.428,1776414528.774000000,/odom.pose.pose.position.x,-0.3892811394480009
17.459,1776414528.805000000,/odom.pose.pose.position.x,-0.38974102636047847
17.461,1776414528.807000000,/odom.pose.pose.position.x,-0.3901629228841947
17.493,1776414528.839000000,/odom.pose.pose.position.x,-0.39061379028198123
17.527,1776414528.873000000,/odom.pose.pose.position.x,-0.3910710071534865
17.529,1776414528.875000000,/odom.pose.pose.position.x,-0.3915314249803938
17.559,1776414528.905000000,/odom.pose.pose.position.x,-0.3919992996924831
17.565,1776414528.911000000,/odom.pose.pose.position.x,-0.3924027690846804
17.593,1776414528.939000000,/odom.pose.pose.position.x,-0.3928112491947705
17.623,1776414528.969000000,/odom.pose.pose.position.x,-0.3931835652507788
17.624,1776414528.970000000,/odom.pose.pose.position.x,-0.3935643719035998
17.652,1776414528.998000000,/odom.pose.pose.position.x,-0.3939535631531728
17.662,1776414529.008000000,/odom.pose.pose.position.x,-0.39435115207494265
17.685,1776414529.031000000,/odom.pose.pose.position.x,-0.39500149464278694
17.72,1776414529.066000000,/odom.pose.pose.position.x,-0.395670135388713
17.731,1776414529.077000000,/odom.pose.pose.position.x,-0.3962327888823359
17.757,1776414529.103000000,/odom.pose.pose.position.x,-0.39684991508632084
17.765,1776414529.111000000,/odom.pose.pose.position.x,-0.3972322229603964
17.787,1776414529.133000000,/odom.pose.pose.position.x,-0.39766170021713615
17.816,1776414529.162000000,/odom.pose.pose.position.x,-0.3981608817067291
17.826,1776414529.172000000,/odom.pose.pose.position.x,-0.3986616633569439
17.857,1776414529.203000000,/odom.pose.pose.position.x,-0.3992013795022046
17.866,1776414529.212000000,/odom.pose.pose.position.x,-0.3998912366128745
17.891,1776414529.237000000,/odom.pose.pose.position.x,-0.4006203216913269
17.921,1776414529.267000000,/odom.pose.pose.position.x,-0.4012723141840161
17.931,1776414529.277000000,/odom.pose.pose.position.x,-0.4019367058384854
17.962,1776414529.308000000,/odom.pose.pose.position.x,-0.4024851127654846
17.969,1776414529.315000000,/odom.pose.pose.position.x,-0.4029908504369261
17.988,1776414529.334000000,/odom.pose.pose.position.x,-0.4035323605816946
18.019,1776414529.365000000,/odom.pose.pose.position.x,-0.40422240229063006
18.028,1776414529.374000000,/odom.pose.pose.position.x,-0.4049292207837884
18.051,1776414529.397000000,/odom.pose.pose.position.x,-0.40548420242713845
18.083,1776414529.429000000,/odom.pose.pose.position.x,-0.406046145045474
18.089,1776414529.435000000,/odom.pose.pose.position.x,-0.4066465192873312
18.12,1776414529.466000000,/odom.pose.pose.position.x,-0.4072546149643782
18.127,1776414529.473000000,/odom.pose.pose.position.x,-0.40786999831217374
18.157,1776414529.503000000,/odom.pose.pose.position.x,-0.4086595193376238
18.165,1776414529.511000000,/odom.pose.pose.position.x,-0.40945663364143076
18.188,1776414529.534000000,/odom.pose.pose.position.x,-0.4102463729181661
18.222,1776414529.568000000,/odom.pose.pose.position.x,-0.4110505568472714
18.227,1776414529.573000000,/odom.pose.pose.position.x,-0.41170045445312076
18.258,1776414529.604000000,/odom.pose.pose.position.x,-0.4128008713441445
18.261,1776414529.607000000,/odom.pose.pose.position.x,-0.41393390769977967
18.287,1776414529.633000000,/odom.pose.pose.position.x,-0.4150847893519431
18.32,1776414529.666000000,/odom.pose.pose.position.x,-0.41591930866366245
18.332,1776414529.678000000,/odom.pose.pose.position.x,-0.41675394361908
18.356,1776414529.702000000,/odom.pose.pose.position.x,-0.41760214858359684
18.393,1776414529.739000000,/odom.pose.pose.position.x,-0.41845535175620885
18.393,1776414529.739000000,/odom.pose.pose.position.x,-0.4194875765446342
18.417,1776414529.763000000,/odom.pose.pose.position.x,-0.42053473484386084
18.434,1776414529.780000000,/odom.pose.pose.position.x,-0.42141386725425334
18.457,1776414529.803000000,/odom.pose.pose.position.x,-0.4222976407501741
18.465,1776414529.811000000,/odom.pose.pose.position.x,-0.4233578574882185
18.491,1776414529.837000000,/odom.pose.pose.position.x,-0.42443244390610063
18.522,1776414529.868000000,/odom.pose.pose.position.x,-0.425512276048951
18.526,1776414529.872000000,/odom.pose.pose.position.x,-0.4265969355624642
18.555,1776414529.901000000,/odom.pose.pose.position.x,-0.4277030679294191
18.564,1776414529.910000000,/odom.pose.pose.position.x,-0.4288112045500412
18.596,1776414529.942000000,/odom.pose.pose.position.x,-0.43003483684954985
18.627,1776414529.973000000,/odom.pose.pose.position.x,-0.4312522460075584
18.629,1776414529.975000000,/odom.pose.pose.position.x,-0.4322638069967979
18.659,1776414530.005000000,/odom.pose.pose.position.x,-0.4332727915421438
18.685,1776414530.031000000,/odom.pose.pose.position.x,-0.43432704848494785
18.685,1776414530.031000000,/odom.pose.pose.position.x,-0.4353940127634545
18.721,1776414530.067000000,/odom.pose.pose.position.x,-0.4364719702950655
18.724,1776414530.070000000,/odom.pose.pose.position.x,-0.4376211543967895
18.759,1776414530.105000000,/odom.pose.pose.position.x,-0.4387684651399505
18.792,1776414530.138000000,/odom.pose.pose.position.x,-0.4392211652191062
18.792,1776414530.138000000,/odom.pose.pose.position.x,-0.4407155405437015
18.827,1776414530.173000000,/odom.pose.pose.position.x,-0.44183843418885904
18.827,1776414530.173000000,/odom.pose.pose.position.x,-0.4430480411841472
18.86,1776414530.206000000,/odom.pose.pose.position.x,-0.44426303333647477
18.89,1776414530.236000000,/odom.pose.pose.position.x,-0.44547184210801355
18.892,1776414530.238000000,/odom.pose.pose.position.x,-0.44670240783882087
18.919,1776414530.265000000,/odom.pose.pose.position.x,-0.4480134933370135
18.935,1776414530.281000000,/odom.pose.pose.position.x,-0.44933204445017516
18.955,1776414530.301000000,/odom.pose.pose.position.x,-0.4506596761093385
18.97,1776414530.316000000,/odom.pose.pose.position.x,-0.45171173200016007
18.99,1776414530.336000000,/odom.pose.pose.position.x,-0.4527736637247287
19.02,1776414530.366000000,/odom.pose.pose.position.x,-0.4540555014739653
19.026,1776414530.372000000,/odom.pose.pose.position.x,-0.4553516533767801
19.055,1776414530.401000000,/odom.pose.pose.position.x,-0.45670363710631057
19.088,1776414530.434000000,/odom.pose.pose.position.x,-0.45805608145746124
19.089,1776414530.435000000,/odom.pose.pose.position.x,-0.459278123371002
19.126,1776414530.472000000,/odom.pose.pose.position.x,-0.46042098634547607
19.126,1776414530.472000000,/odom.pose.pose.position.x,-0.46157719558350047
19.159,1776414530.505000000,/odom.pose.pose.position.x,-0.4627233725421127
19.189,1776414530.535000000,/odom.pose.pose.position.x,-0.4630508540828808
19.19,1776414530.536000000,/odom.pose.pose.position.x,-0.46328773195095935
19.218,1776414530.564000000,/odom.pose.pose.position.x,-0.461359494821455
19.231,1776414530.577000000,/odom.pose.pose.position.x,-0.4612506947746829
19.258,1776414530.604000000,/odom.pose.pose.position.x,-0.46124166297541275
19.261,1776414530.607000000,/odom.pose.pose.position.x,-0.4612418698094926
19.295,1776414530.641000000,/odom.pose.pose.position.x,-0.46124163225656606
19.356,1776414530.702000000,/odom.pose.pose.position.x,-0.46124073917678493
19.356,1776414530.702000000,/odom.pose.pose.position.x,-0.4612395394552139
19.359,1776414530.705000000,/odom.pose.pose.position.x,-0.46123817545340706
19.362,1776414530.708000000,/odom.pose.pose.position.x,-0.4612368811628762
19.419,1776414530.765000000,/odom.pose.pose.position.x,-0.4612355857982911
19.421,1776414530.767000000,/odom.pose.pose.position.x,-0.46123421518897245
19.431,1776414530.777000000,/odom.pose.pose.position.x,-0.461233065790969
19.463,1776414530.809000000,/odom.pose.pose.position.x,-0.4612317699149387
19.464,1776414530.810000000,/odom.pose.pose.position.x,-0.4612305960881929
19.493,1776414530.839000000,/odom.pose.pose.position.x,-0.4612294250391443
19.517,1776414530.863000000,/odom.pose.pose.position.x,-0.4612282743258695
19.555,1776414530.901000000,/odom.pose.pose.position.x,-0.4612271680793496
19.566,1776414530.912000000,/odom.pose.pose.position.x,-0.4612260356996089
19.622,1776414530.968000000,/odom.pose.pose.position.x,-0.46122491285228123
19.623,1776414530.969000000,/odom.pose.pose.position.x,-0.46122392355526076
19.623,1776414530.969000000,/odom.pose.pose.position.x,-0.46122290162323554
19.623,1776414530.969000000,/odom.pose.pose.position.x,-0.46122189634871785
19.653,1776414530.999000000,/odom.pose.pose.position.x,-0.46122089420834
19.666,1776414531.012000000,/odom.pose.pose.position.x,-0.46121995723748865
19.696,1776414531.042000000,/odom.pose.pose.position.x,-0.4612190900258463
19.722,1776414531.068000000,/odom.pose.pose.position.x,-0.46121818911908447
19.727,1776414531.073000000,/odom.pose.pose.position.x,-0.4612173176138948
19.754,1776414531.100000000,/odom.pose.pose.position.x,-0.46121646422321344
19.764,1776414531.110000000,/odom.pose.pose.position.x,-0.4612156131101009
19.79,1776414531.136000000,/odom.pose.pose.position.x,-0.46121484566113075
19.821,1776414531.167000000,/odom.pose.pose.position.x,-0.461214056297492
19.836,1776414531.182000000,/odom.pose.pose.position.x,-0.4612133098768287
19.856,1776414531.202000000,/odom.pose.pose.position.x,-0.4612125701677795
19.866,1776414531.212000000,/odom.pose.pose.position.x,-0.4612118616582307
19.895,1776414531.241000000,/odom.pose.pose.position.x,-0.4612112149321395
19.923000000000002,1776414531.269000000,/odom.pose.pose.position.x,-0.46121051545712843
19.925,1776414531.271000000,/odom.pose.pose.position.x,-0.4612099059902903
19.957,1776414531.303000000,/odom.pose.pose.position.x,-0.46120924122591306
19.963,1776414531.309000000,/odom.pose.pose.position.x,-0.46120861932007223
19.995,1776414531.341000000,/odom.pose.pose.position.x,-0.46120798970352317
20.026,1776414531.372000000,/odom.pose.pose.position.x,-0.4612073469644369
20.026,1776414531.372000000,/odom.pose.pose.position.x,-0.4612067860338058
20.058,1776414531.404000000,/odom.pose.pose.position.x,-0.46120623018878687
20.07,1776414531.416000000,/odom.pose.pose.position.x,-0.46120570044803455
20.09,1776414531.436000000,/odom.pose.pose.position.x,-0.46120514001961216
20.124,1776414531.470000000,/odom.pose.pose.position.x,-0.4612046127729473
20.124,1776414531.470000000,/odom.pose.pose.position.x,-0.46120411678197193
20.157,1776414531.503000000,/odom.pose.pose.position.x,-0.4612036120571633
20.165,1776414531.511000000,/odom.pose.pose.position.x,-0.4612031449227998
20.195,1776414531.541000000,/odom.pose.pose.position.x,-0.4612026486326035
20.252,1776414531.598000000,/odom.pose.pose.position.x,-0.4612021513682932
20.252,1776414531.598000000,/odom.pose.pose.position.x,-0.46120168892589714
20.255,1776414531.601000000,/odom.pose.pose.position.x,-0.4612012220957426
20.29,1776414531.636000000,/odom.pose.pose.position.x,-0.4612007446996533
20.292,1776414531.638000000,/odom.pose.pose.position.x,-0.4612003265494387
20.321,1776414531.667000000,/odom.pose.pose.position.x,-0.46119961813639054
20.324,1776414531.670000000,/odom.pose.pose.position.x,-0.4611995359857284
20.351,1776414531.697000000,/odom.pose.pose.position.x,-0.46119910789074814
20.384,1776414531.730000000,/odom.pose.pose.position.x,-0.4611987074541398
20.387,1776414531.733000000,/odom.pose.pose.position.x,-0.46119832912585973
20.425,1776414531.771000000,/odom.pose.pose.position.x,-0.4611979537129093
20.425,1776414531.771000000,/odom.pose.pose.position.x,-0.46119758530522836
20.453,1776414531.799000000,/odom.pose.pose.position.x,-0.4611972110804625
20.486,1776414531.832000000,/odom.pose.pose.position.x,-0.46119688889878374
20.486,1776414531.832000000,/odom.pose.pose.position.x,-0.4611965597929077
20.517,1776414531.863000000,/odom.pose.pose.position.x,-0.4611962267199487
20.528,1776414531.874000000,/odom.pose.pose.position.x,-0.4611959088601444
20.55,1776414531.896000000,/odom.pose.pose.position.x,-0.4611955897009013
20.584,1776414531.930000000,/odom.pose.pose.position.x,-0.4611952701354597
20.587,1776414531.933000000,/odom.pose.pose.position.x,-0.4611950119063424
20.625,1776414531.971000000,/odom.pose.pose.position.x,-0.4611947069271448
20.656,1776414532.002000000,/odom.pose.pose.position.x,-0.4611944470743295
20.658,1776414532.004000000,/odom.pose.pose.position.x,-0.4611941893450985
20.685,1776414532.031000000,/odom.pose.pose.position.x,-0.4611939248475427
20.692,1776414532.038000000,/odom.pose.pose.position.x,-0.4611936903426228
20.721,1776414532.067000000,/odom.pose.pose.position.x,-0.4611933999092705
20.726,1776414532.072000000,/odom.pose.pose.position.x,-0.461193176745399
20.755,1776414532.101000000,/odom.pose.pose.position.x,-0.46119295218069706
20.788,1776414532.134000000,/odom.pose.pose.position.x,-0.4611927127424914
20.789,1776414532.135000000,/odom.pose.pose.position.x,-0.4611925323916581
20.819,1776414532.165000000,/odom.pose.pose.position.x,-0.46119232684855377
20.829,1776414532.175000000,/odom.pose.pose.position.x,-0.46119208867752487
20.852,1776414532.198000000,/odom.pose.pose.position.x,-0.4611918584397326
20.862000000000002,1776414532.208000000,/odom.pose.pose.position.x,-0.46119167630221847
20.882,1776414532.228000000,/odom.pose.pose.position.x,-0.46119147507094516
20.92,1776414532.266000000,/odom.pose.pose.position.x,-0.4611912641558452
20.925,1776414532.271000000,/odom.pose.pose.position.x,-0.4611910648198884
20.952,1776414532.298000000,/odom.pose.pose.position.x,-0.4611908789385025
20.983,1776414532.329000000,/odom.pose.pose.position.x,-0.46119071759972363
20.986,1776414532.332000000,/odom.pose.pose.position.x,-0.46119053092050494
21.016,1776414532.362000000,/odom.pose.pose.position.x,-0.46119036070340075
21.026,1776414532.372000000,/odom.pose.pose.position.x,-0.46119019050196247
21.05,1776414532.396000000,/odom.pose.pose.position.x,-0.4611900119185264
21.084,1776414532.430000000,/odom.pose.pose.position.x,-0.4611898612786652
21.087,1776414532.433000000,/odom.pose.pose.position.x,-0.461189701249009
21.118,1776414532.464000000,/odom.pose.pose.position.x,-0.4611895488685865
21.128,1776414532.474000000,/odom.pose.pose.position.x,-0.4611894133466306
21.155,1776414532.501000000,/odom.pose.pose.position.x,-0.46118925552702555
21.183,1776414532.529000000,/odom.pose.pose.position.x,-0.4611891619270121
21.185,1776414532.531000000,/odom.pose.pose.position.x,-0.4611890241559423
21.221,1776414532.567000000,/odom.pose.pose.position.x,-0.4611889017170725
21.256,1776414532.602000000,/odom.pose.pose.position.x,-0.4611887810203315
21.257,1776414532.603000000,/odom.pose.pose.position.x,-0.4611886661402171
21.289,1776414532.635000000,/odom.pose.pose.position.x,-0.4611885519054776
21.291,1776414532.637000000,/odom.pose.pose.position.x,-0.46118842563079604
21.323,1776414532.669000000,/odom.pose.pose.position.x,-0.4611883065080127
21.325,1776414532.671000000,/odom.pose.pose.position.x,-0.4611881965338002
21.355,1776414532.701000000,/odom.pose.pose.position.x,-0.46118807764541403
21.362,1776414532.708000000,/odom.pose.pose.position.x,-0.4611879002978928
21.388,1776414532.734000000,/odom.pose.pose.position.x,-0.46118780521397407
21.419,1776414532.765000000,/odom.pose.pose.position.x,-0.4611877013106851
21.428,1776414532.774000000,/odom.pose.pose.position.x,-0.4611875952384389
21.452,1776414532.798000000,/odom.pose.pose.position.x,-0.46118748726170056
21.481,1776414532.827000000,/odom.pose.pose.position.x,-0.4611874476923313
21.486,1776414532.832000000,/odom.pose.pose.position.x,-0.461187394912478
21.514,1776414532.860000000,/odom.pose.pose.position.x,-0.4611873043807595
21.551,1776414532.897000000,/odom.pose.pose.position.x,-0.46118720304685223
21.552,1776414532.898000000,/odom.pose.pose.position.x,-0.4611871131134297
21.562,1776414532.908000000,/odom.pose.pose.position.x,-0.46118697431336153
21.593,1776414532.939000000,/odom.pose.pose.position.x,-0.46118688187614165
21.622,1776414532.968000000,/odom.pose.pose.position.x,-0.461186799712326
21.654,1776414533.000000000,/odom.pose.pose.position.x,-0.4611866379474061
21.655,1776414533.001000000,/odom.pose.pose.position.x,-0.46118662895773777
21.693,1776414533.039000000,/odom.pose.pose.position.x,-0.4611865594010386
21.695,1776414533.041000000,/odom.pose.pose.position.x,-0.4611862998342639
21.722,1776414533.068000000,/odom.pose.pose.position.x,-0.4611863929785006
21.727,1776414533.073000000,/odom.pose.pose.position.x,-0.4611862172021247
21.756,1776414533.102000000,/odom.pose.pose.position.x,-0.46118627732861905
21.785,1776414533.131000000,/odom.pose.pose.position.x,-0.4611862045705996
21.794,1776414533.140000000,/odom.pose.pose.position.x,-0.46114038632581944
21.815,1776414533.161000000,/odom.pose.pose.position.x,-0.4610427573001823
21.829,1776414533.175000000,/odom.pose.pose.position.x,-0.4608991644871965
21.853,1776414533.199000000,/odom.pose.pose.position.x,-0.4607222646654407
21.862000000000002,1776414533.208000000,/odom.pose.pose.position.x,-0.4605269111717318
21.887,1776414533.233000000,/odom.pose.pose.position.x,-0.4604190242492685
21.917,1776414533.263000000,/odom.pose.pose.position.x,-0.46064538949426054
21.924,1776414533.270000000,/odom.pose.pose.position.x,-0.46066177335939634
21.95,1776414533.296000000,/odom.pose.pose.position.x,-0.4606646362534534
21.963,1776414533.309000000,/odom.pose.pose.position.x,-0.46066488157252394
21.983,1776414533.329000000,/odom.pose.pose.position.x,-0.4606649121877573
22.015,1776414533.361000000,/odom.pose.pose.position.x,-0.46066486568961595
22.024,1776414533.370000000,/odom.pose.pose.position.x,-0.46066473609511305
22.048,1776414533.394000000,/odom.pose.pose.position.x,-0.46066464352915615
22.084,1776414533.430000000,/odom.pose.pose.position.x,-0.46066457340059336
22.084,1776414533.430000000,/odom.pose.pose.position.x,-0.4606644429427888
22.116,1776414533.462000000,/odom.pose.pose.position.x,-0.460664459932873
22.123,1776414533.469000000,/odom.pose.pose.position.x,-0.46066441497845606
22.15,1776414533.496000000,/odom.pose.pose.position.x,-0.4606644036860799
22.186,1776414533.532000000,/odom.pose.pose.position.x,-0.4606642549212726
22.188,1776414533.534000000,/odom.pose.pose.position.x,-0.4606642848463379
22.224,1776414533.570000000,/odom.pose.pose.position.x,-0.46066423433955433
22.224,1776414533.570000000,/odom.pose.pose.position.x,-0.46066424409000906
22.253,1776414533.599000000,/odom.pose.pose.position.x,-0.4606641605973742
22.284,1776414533.630000000,/odom.pose.pose.position.x,-0.460663928356013
22.287,1776414533.633000000,/odom.pose.pose.position.x,-0.46066404327017046
22.315,1776414533.661000000,/odom.pose.pose.position.x,-0.4606639983029427
22.365,1776414533.711000000,/odom.pose.pose.position.x,-0.46066390597301327
22.389,1776414533.735000000,/odom.pose.pose.position.x,-0.4606639259101632
22.407,1776414533.753000000,/odom.pose.pose.position.x,-0.46066382081125196
22.407,1776414533.753000000,/odom.pose.pose.position.x,-0.460663853265282
22.447,1776414533.793000000,/odom.pose.pose.position.x,-0.4606637104554325
22.447,1776414533.793000000,/odom.pose.pose.position.x,-0.46066378487353066
22.449,1776414533.795000000,/odom.pose.pose.position.x,-0.4606637435105423
22.485,1776414533.831000000,/odom.pose.pose.position.x,-0.4606637208924449
22.487,1776414533.833000000,/odom.pose.pose.position.x,-0.46066369932380974
22.503,1776414533.849000000,/odom.pose.pose.position.x,-0.46066360349327445
22.527,1776414533.873000000,/odom.pose.pose.position.x,-0.46066364266391335
22.56,1776414533.906000000,/odom.pose.pose.position.x,-0.46066360985494126
22.56,1776414533.906000000,/odom.pose.pose.position.x,-0.4606635851262911
22.587,1776414533.933000000,/odom.pose.pose.position.x,-0.460663567669809
22.605,1776414533.951000000,/odom.pose.pose.position.x,-0.460663544008632
22.638,1776414533.984000000,/odom.pose.pose.position.x,-0.4606635253677862
22.663,1776414534.009000000,/odom.pose.pose.position.x,-0.4606634068992388
22.69,1776414534.036000000,/odom.pose.pose.position.x,-0.4606634779296772
22.692,1776414534.038000000,/odom.pose.pose.position.x,-0.460663446087735
22.704,1776414534.050000000,/odom.pose.pose.position.x,-0.46066344157042566
22.746,1776414534.092000000,/odom.pose.pose.position.x,-0.46066346298972927
22.746,1776414534.092000000,/odom.pose.pose.position.x,-0.46066339064850115
22.783,1776414534.129000000,/odom.pose.pose.position.x,-0.4606633608847501
22.785,1776414534.131000000,/odom.pose.pose.position.x,-0.46066333543262533
22.817,1776414534.163000000,/odom.pose.pose.position.x,-0.4606633112191996
22.85,1776414534.196000000,/odom.pose.pose.position.x,-0.46066329688295565
22.85,1776414534.196000000,/odom.pose.pose.position.x,-0.4606632725348551
22.882,1776414534.228000000,/odom.pose.pose.position.x,-0.4606632507371794
22.885,1776414534.231000000,/odom.pose.pose.position.x,-0.46066323879710913
22.916,1776414534.262000000,/odom.pose.pose.position.x,-0.46066325717530576
22.926,1776414534.272000000,/odom.pose.pose.position.x,-0.4606632202414211
22.947,1776414534.293000000,/odom.pose.pose.position.x,-0.46066318331161754
22.983,1776414534.329000000,/odom.pose.pose.position.x,-0.460663162634082
22.986,1776414534.332000000,/odom.pose.pose.position.x,-0.46066314915700124
23.015,1776414534.361000000,/odom.pose.pose.position.x,-0.4606631324045314
23.051,1776414534.397000000,/odom.pose.pose.position.x,-0.46066311972864127
23.052,1776414534.398000000,/odom.pose.pose.position.x,-0.46066305613438024
23.069,1776414534.415000000,/odom.pose.pose.position.x,-0.46066311701058393
23.101,1776414534.447000000,/odom.pose.pose.position.x,-0.46066308638870396
23.121,1776414534.467000000,/odom.pose.pose.position.x,-0.4606630619034236
23.128,1776414534.474000000,/odom.pose.pose.position.x,-0.46066304800963837
23.156,1776414534.502000000,/odom.pose.pose.position.x,-0.46062281775906433
23.189,1776414534.535000000,/odom.pose.pose.position.x,-0.46053579981551224
23.189,1776414534.535000000,/odom.pose.pose.position.x,-0.4603581894340539
23.219,1776414534.565000000,/odom.pose.pose.position.x,-0.46012512068316286
23.224,1776414534.570000000,/odom.pose.pose.position.x,-0.459799108895402
23.262,1776414534.608000000,/odom.pose.pose.position.x,-0.45943656646703374
23.288,1776414534.634000000,/odom.pose.pose.position.x,-0.4588716487174099
23.288,1776414534.634000000,/odom.pose.pose.position.x,-0.458257930558989
23.322,1776414534.668000000,/odom.pose.pose.position.x,-0.45761564417246425
23.322,1776414534.668000000,/odom.pose.pose.position.x,-0.45695567646967067
23.353,1776414534.699000000,/odom.pose.pose.position.x,-0.4560842140281222
23.381,1776414534.727000000,/odom.pose.pose.position.x,-0.4551869525330866
23.388,1776414534.734000000,/odom.pose.pose.position.x,-0.45403996677392355
23.416,1776414534.762000000,/odom.pose.pose.position.x,-0.45285021365422423
23.424,1776414534.770000000,/odom.pose.pose.position.x,-0.45162956112978564
23.451,1776414534.797000000,/odom.pose.pose.position.x,-0.45039371702825487
23.485,1776414534.831000000,/odom.pose.pose.position.x,-0.4490352404056
23.487,1776414534.833000000,/odom.pose.pose.position.x,-0.44766117407805894
23.518,1776414534.864000000,/odom.pose.pose.position.x,-0.4463753202963884
23.522,1776414534.868000000,/odom.pose.pose.position.x,-0.4450989002837656
23.552,1776414534.898000000,/odom.pose.pose.position.x,-0.4438345312005549
23.581,1776414534.927000000,/odom.pose.pose.position.x,-0.4424063632621443
23.585,1776414534.931000000,/odom.pose.pose.position.x,-0.4409661648599685
23.615,1776414534.961000000,/odom.pose.pose.position.x,-0.43958838893005076
23.65,1776414534.996000000,/odom.pose.pose.position.x,-0.4383679622018158
23.651,1776414534.997000000,/odom.pose.pose.position.x,-0.4371688576282324
23.685,1776414535.031000000,/odom.pose.pose.position.x,-0.43606038891193066
23.687,1776414535.033000000,/odom.pose.pose.position.x,-0.4349651784590695
23.716,1776414535.062000000,/odom.pose.pose.position.x,-0.4339491492208654
23.724,1776414535.070000000,/odom.pose.pose.position.x,-0.43296075299153686
23.754,1776414535.100000000,/odom.pose.pose.position.x,-0.43174372580999704
23.787,1776414535.133000000,/odom.pose.pose.position.x,-0.4305350243616822
23.789,1776414535.135000000,/odom.pose.pose.position.x,-0.42948167152431155
23.819,1776414535.165000000,/odom.pose.pose.position.x,-0.42844326975660657
23.849,1776414535.195000000,/odom.pose.pose.position.x,-0.42741887091323355
23.85,1776414535.196000000,/odom.pose.pose.position.x,-0.42640226662283676
23.888,1776414535.234000000,/odom.pose.pose.position.x,-0.42539577804616124
23.889,1776414535.235000000,/odom.pose.pose.position.x,-0.42424499304400337
23.928,1776414535.274000000,/odom.pose.pose.position.x,-0.4231043020075235
23.956,1776414535.302000000,/odom.pose.pose.position.x,-0.421976784993196
23.957,1776414535.303000000,/odom.pose.pose.position.x,-0.4208651493745958
23.991,1776414535.337000000,/odom.pose.pose.position.x,-0.41981362775397585
23.992,1776414535.338000000,/odom.pose.pose.position.x,-0.41876743988179493
24.021,1776414535.367000000,/odom.pose.pose.position.x,-0.417732539187622
24.054,1776414535.400000000,/odom.pose.pose.position.x,-0.41670687323378536
24.057,1776414535.403000000,/odom.pose.pose.position.x,-0.4158017308406757
24.092,1776414535.438000000,/odom.pose.pose.position.x,-0.4149201940774762
24.092,1776414535.438000000,/odom.pose.pose.position.x,-0.4139310493942436
24.116,1776414535.462000000,/odom.pose.pose.position.x,-0.41294985010436625
24.127,1776414535.473000000,/odom.pose.pose.position.x,-0.4121031926852306
24.152,1776414535.498000000,/odom.pose.pose.position.x,-0.41126529660862554
24.18,1776414535.526000000,/odom.pose.pose.position.x,-0.41032036187795334
24.194,1776414535.540000000,/odom.pose.pose.position.x,-0.40937417669946835
24.224,1776414535.570000000,/odom.pose.pose.position.x,-0.40841814288568384
24.225,1776414535.571000000,/odom.pose.pose.position.x,-0.4075029948618105
24.261,1776414535.607000000,/odom.pose.pose.position.x,-0.40688736843610823
24.284,1776414535.630000000,/odom.pose.pose.position.x,-0.4063928407730016
24.288,1776414535.634000000,/odom.pose.pose.position.x,-0.40570889464137494
24.319,1776414535.665000000,/odom.pose.pose.position.x,-0.4050582669548218
24.348,1776414535.694000000,/odom.pose.pose.position.x,-0.40442452637616433
24.352,1776414535.698000000,/odom.pose.pose.position.x,-0.4037732387876015
24.382,1776414535.728000000,/odom.pose.pose.position.x,-0.4032447756122443
24.387,1776414535.733000000,/odom.pose.pose.position.x,-0.4027063874028092
24.415,1776414535.761000000,/odom.pose.pose.position.x,-0.40219577798875694
24.425,1776414535.771000000,/odom.pose.pose.position.x,-0.40171494403203734
24.451,1776414535.797000000,/odom.pose.pose.position.x,-0.40126395723781455
24.463,1776414535.809000000,/odom.pose.pose.position.x,-0.40069245223592853
24.484,1776414535.830000000,/odom.pose.pose.position.x,-0.40014771648487063
24.514,1776414535.860000000,/odom.pose.pose.position.x,-0.3996764626792864
24.525,1776414535.871000000,/odom.pose.pose.position.x,-0.3990923955854053
24.55,1776414535.896000000,/odom.pose.pose.position.x,-0.39849880214529726
24.591,1776414535.937000000,/odom.pose.pose.position.x,-0.3980310336837853
24.591,1776414535.937000000,/odom.pose.pose.position.x,-0.397566679991354
24.622,1776414535.968000000,/odom.pose.pose.position.x,-0.397149369012066
24.624,1776414535.970000000,/odom.pose.pose.position.x,-0.3967684035078958
24.649,1776414535.995000000,/odom.pose.pose.position.x,-0.39635443869655573
24.685,1776414536.031000000,/odom.pose.pose.position.x,-0.39600008776597406
24.685,1776414536.031000000,/odom.pose.pose.position.x,-0.3956946284889119
24.719,1776414536.065000000,/odom.pose.pose.position.x,-0.3954433187246319
24.725,1776414536.071000000,/odom.pose.pose.position.x,-0.39524495081948013
24.753,1776414536.099000000,/odom.pose.pose.position.x,-0.3950913817478426
24.762,1776414536.108000000,/odom.pose.pose.position.x,-0.39502016325528244
24.786,1776414536.132000000,/odom.pose.pose.position.x,-0.3948498146578252
24.818,1776414536.164000000,/odom.pose.pose.position.x,-0.3948645497401687
24.827,1776414536.173000000,/odom.pose.pose.position.x,-0.39494356134296293
24.855,1776414536.201000000,/odom.pose.pose.position.x,-0.3950853290574415
24.885,1776414536.231000000,/odom.pose.pose.position.x,-0.3951327180524897
24.888,1776414536.234000000,/odom.pose.pose.position.x,-0.3952434494767908
24.914,1776414536.260000000,/odom.pose.pose.position.x,-0.3954216590399016
24.925,1776414536.271000000,/odom.pose.pose.position.x,-0.3956415306126684
24.951,1776414536.297000000,/odom.pose.pose.position.x,-0.3958235587592582
24.985,1776414536.331000000,/odom.pose.pose.position.x,-0.39600955266721155
24.987000000000002,1776414536.333000000,/odom.pose.pose.position.x,-0.3963575123819946
25.02,1776414536.366000000,/odom.pose.pose.position.x,-0.39675185889379516
25.023,1776414536.369000000,/odom.pose.pose.position.x,-0.3971725544728935
25.049,1776414536.395000000,/odom.pose.pose.position.x,-0.39765464367607545
25.084,1776414536.430000000,/odom.pose.pose.position.x,-0.3981357356043019
25.091,1776414536.437000000,/odom.pose.pose.position.x,-0.39869614244589713
25.12,1776414536.466000000,/odom.pose.pose.position.x,-0.39918469569237175
25.125,1776414536.471000000,/odom.pose.pose.position.x,-0.3997132841966563
25.153,1776414536.499000000,/odom.pose.pose.position.x,-0.40040681376082776
25.162,1776414536.508000000,/odom.pose.pose.position.x,-0.401144337446184
25.183,1776414536.529000000,/odom.pose.pose.position.x,-0.40174300900509513
25.222,1776414536.568000000,/odom.pose.pose.position.x,-0.40238519654410815
25.226,1776414536.572000000,/odom.pose.pose.position.x,-0.403069214430745
25.257,1776414536.603000000,/odom.pose.pose.position.x,-0.40381845234772024
25.263,1776414536.609000000,/odom.pose.pose.position.x,-0.4045575033233652
25.285,1776414536.631000000,/odom.pose.pose.position.x,-0.40541618595323753
25.315,1776414536.661000000,/odom.pose.pose.position.x,-0.40630955548473124
25.323,1776414536.669000000,/odom.pose.pose.position.x,-0.40724417996250034
25.35,1776414536.696000000,/odom.pose.pose.position.x,-0.40813346872615547
25.363,1776414536.709000000,/odom.pose.pose.position.x,-0.4089880785927235
25.385,1776414536.731000000,/odom.pose.pose.position.x,-0.40984118822041987
25.417,1776414536.763000000,/odom.pose.pose.position.x,-0.4108366812782117
25.428,1776414536.774000000,/odom.pose.pose.position.x,-0.4115272323937894
25.449,1776414536.795000000,/odom.pose.pose.position.x,-0.41238197013526107
25.483,1776414536.829000000,/odom.pose.pose.position.x,-0.4131213311404283
25.514,1776414536.860000000,/odom.pose.pose.position.x,-0.4138111283611158
25.516,1776414536.862000000,/odom.pose.pose.position.x,-0.41446373283384474
25.525,1776414536.871000000,/odom.pose.pose.position.x,-0.41266432727625457
25.552,1776414536.898000000,/odom.pose.pose.position.x,-0.4125408539574439
25.562,1776414536.908000000,/odom.pose.pose.position.x,-0.4125239883869522
25.584,1776414536.930000000,/odom.pose.pose.position.x,-0.41252018775258514
25.618,1776414536.964000000,/odom.pose.pose.position.x,-0.41251761843189355
25.648,1776414536.994000000,/odom.pose.pose.position.x,-0.4125150307739963
25.648,1776414536.994000000,/odom.pose.pose.position.x,-0.41251239504950704
25.681,1776414537.027000000,/odom.pose.pose.position.x,-0.41250977093100255
25.692,1776414537.038000000,/odom.pose.pose.position.x,-0.4125072734972985
25.718,1776414537.064000000,/odom.pose.pose.position.x,-0.4125047353345278
25.749,1776414537.095000000,/odom.pose.pose.position.x,-0.41250225311097877
25.749,1776414537.095000000,/odom.pose.pose.position.x,-0.4124998306388517
25.763,1776414537.109000000,/odom.pose.pose.position.x,-0.4124974858235776
25.785,1776414537.131000000,/odom.pose.pose.position.x,-0.41249520679558965
25.817,1776414537.163000000,/odom.pose.pose.position.x,-0.41249298042186133
25.847,1776414537.193000000,/odom.pose.pose.position.x,-0.4124907833537456
25.849,1776414537.195000000,/odom.pose.pose.position.x,-0.41248864208603037
25.861,1776414537.207000000,/odom.pose.pose.position.x,-0.41248655618281244
25.885,1776414537.231000000,/odom.pose.pose.position.x,-0.41248456213859314
25.917,1776414537.263000000,/odom.pose.pose.position.x,-0.4124825792068962
25.95,1776414537.296000000,/odom.pose.pose.position.x,-0.41248072543505765
25.952,1776414537.298000000,/odom.pose.pose.position.x,-0.4124788256679912
25.962,1776414537.308000000,/odom.pose.pose.position.x,-0.41247660494163996
25.987000000000002,1776414537.333000000,/odom.pose.pose.position.x,-0.4124752523478824
26.016,1776414537.362000000,/odom.pose.pose.position.x,-0.41247323832306193
26.024,1776414537.370000000,/odom.pose.pose.position.x,-0.4124718975555317
26.051,1776414537.397000000,/odom.pose.pose.position.x,-0.4124701384220188
26.088,1776414537.434000000,/odom.pose.pose.position.x,-0.4124689788019145
26.088,1776414537.434000000,/odom.pose.pose.position.x,-0.41246734530608237
26.115,1776414537.461000000,/odom.pose.pose.position.x,-0.4124657609036188
26.127,1776414537.473000000,/odom.pose.pose.position.x,-0.4124642304152372
26.152,1776414537.498000000,/odom.pose.pose.position.x,-0.41246271880187535
26.164,1776414537.510000000,/odom.pose.pose.position.x,-0.4124610185264249
26.185,1776414537.531000000,/odom.pose.pose.position.x,-0.41245993593767966
26.218,1776414537.564000000,/odom.pose.pose.position.x,-0.41245859161689213
26.226,1776414537.572000000,/odom.pose.pose.position.x,-0.4124572579320455
26.256,1776414537.602000000,/odom.pose.pose.position.x,-0.4124557209935611
26.288,1776414537.634000000,/odom.pose.pose.position.x,-0.4124547833799824
26.29,1776414537.636000000,/odom.pose.pose.position.x,-0.4124533943803204
26.322,1776414537.668000000,/odom.pose.pose.position.x,-0.4124524342370755
26.326,1776414537.672000000,/odom.pose.pose.position.x,-0.4124508875112324
26.364,1776414537.710000000,/odom.pose.pose.position.x,-0.41245014498883414
26.393,1776414537.739000000,/odom.pose.pose.position.x,-0.4124488097491501
26.393,1776414537.739000000,/odom.pose.pose.position.x,-0.4124480278094688
26.425,1776414537.771000000,/odom.pose.pose.position.x,-0.4124467805231308
26.428,1776414537.774000000,/odom.pose.pose.position.x,-0.4124460056974762
26.46,1776414537.806000000,/odom.pose.pose.position.x,-0.4124450508001909
26.492,1776414537.838000000,/odom.pose.pose.position.x,-0.4124441151544967
26.518,1776414537.864000000,/odom.pose.pose.position.x,-0.41244317218564697
26.52,1776414537.866000000,/odom.pose.pose.position.x,-0.4124620451483443
26.527,1776414537.873000000,/odom.pose.pose.position.x,-0.41251268490324333
26.556,1776414537.902000000,/odom.pose.pose.position.x,-0.41273828512273064
26.561,1776414537.907000000,/odom.pose.pose.position.x,-0.4130980059518121
26.595,1776414537.941000000,/odom.pose.pose.position.x,-0.41385606865287883
26.617,1776414537.963000000,/odom.pose.pose.position.x,-0.41487663197865005
26.623,1776414537.969000000,/odom.pose.pose.position.x,-0.41616128818978193
26.653,1776414537.999000000,/odom.pose.pose.position.x,-0.41766457145622854
26.66,1776414538.006000000,/odom.pose.pose.position.x,-0.41938324536227173
26.692,1776414538.038000000,/odom.pose.pose.position.x,-0.42134733472324154
26.722,1776414538.068000000,/odom.pose.pose.position.x,-0.42359600269880726
26.728,1776414538.074000000,/odom.pose.pose.position.x,-0.42612780227145153
26.752,1776414538.098000000,/odom.pose.pose.position.x,-0.4285137498986687
26.788,1776414538.134000000,/odom.pose.pose.position.x,-0.4310894508173038
26.788,1776414538.134000000,/odom.pose.pose.position.x,-0.43244162798051294
26.82,1776414538.166000000,/odom.pose.pose.position.x,-0.43360855908239354
26.826,1776414538.172000000,/odom.pose.pose.position.x,-0.4341666897418972
26.853,1776414538.199000000,/odom.pose.pose.position.x,-0.4345496342172902
26.861,1776414538.207000000,/odom.pose.pose.position.x,-0.4309849832897128
26.892,1776414538.238000000,/odom.pose.pose.position.x,-0.4307743292647189
26.925,1776414538.271000000,/odom.pose.pose.position.x,-0.43074895835867416
26.925,1776414538.271000000,/odom.pose.pose.position.x,-0.4307462006871564
26.951,1776414538.297000000,/odom.pose.pose.position.x,-0.43074515800759966
26.961,1776414538.307000000,/odom.pose.pose.position.x,-0.43074461409396886
26.983,1776414538.329000000,/odom.pose.pose.position.x,-0.43074380345964475
27.021,1776414538.367000000,/odom.pose.pose.position.x,-0.4307424080996163
27.055,1776414538.401000000,/odom.pose.pose.position.x,-0.43074110710497837
27.055,1776414538.401000000,/odom.pose.pose.position.x,-0.4307398698976295
27.09,1776414538.436000000,/odom.pose.pose.position.x,-0.4307386977994297
27.09,1776414538.436000000,/odom.pose.pose.position.x,-0.4307377370977968
27.118,1776414538.464000000,/odom.pose.pose.position.x,-0.4307364876904811
27.125,1776414538.471000000,/odom.pose.pose.position.x,-0.4307345093035321
27.155,1776414538.501000000,/odom.pose.pose.position.x,-0.4307341463038728
27.191,1776414538.537000000,/odom.pose.pose.position.x,-0.43073306577706527
27.191,1776414538.537000000,/odom.pose.pose.position.x,-0.4307322915720136
27.219,1776414538.565000000,/odom.pose.pose.position.x,-0.43073100383073465
27.224,1776414538.570000000,/odom.pose.pose.position.x,-0.4307300623101807
27.254,1776414538.600000000,/odom.pose.pose.position.x,-0.43072913387633094
27.286,1776414538.632000000,/odom.pose.pose.position.x,-0.43072823876817856
27.289,1776414538.635000000,/odom.pose.pose.position.x,-0.430727335585694
27.318,1776414538.664000000,/odom.pose.pose.position.x,-0.43072643412837675
27.325,1776414538.671000000,/odom.pose.pose.position.x,-0.43072466853947655
27.358,1776414538.704000000,/odom.pose.pose.position.x,-0.43072473937797595
27.399,1776414538.745000000,/odom.pose.pose.position.x,-0.4307240077208263
27.399,1776414538.745000000,/odom.pose.pose.position.x,-0.43072334656865574
27.431,1776414538.777000000,/odom.pose.pose.position.x,-0.4307224888218179
27.431,1776414538.777000000,/odom.pose.pose.position.x,-0.4307216624297562
27.494,1776414538.840000000,/odom.pose.pose.position.x,-0.4307209588421086
27.495,1776414538.841000000,/odom.pose.pose.position.x,-0.43072030821185153
27.498,1776414538.844000000,/odom.pose.pose.position.x,-0.43071980373809887
27.665,1776414539.011000000,/odom.pose.pose.position.x,-0.4307191430301727
27.665,1776414539.011000000,/odom.pose.pose.position.x,-0.4307189753887505
27.665,1776414539.011000000,/odom.pose.pose.position.x,-0.43071822743769417
27.665,1776414539.011000000,/odom.pose.pose.position.x,-0.4307175152252845
27.665,1776414539.011000000,/odom.pose.pose.position.x,-0.43071683576218617
27.665,1776414539.011000000,/odom.pose.pose.position.x,-0.4307164667158936
27.665,1776414539.011000000,/odom.pose.pose.position.x,-0.4307157558241695
27.665,1776414539.011000000,/odom.pose.pose.position.x,-0.4307150127444184
27.665,1776414539.011000000,/odom.pose.pose.position.x,-0.4307146940750099
27.686,1776414539.032000000,/odom.pose.pose.position.x,-0.4307136845906786
27.749,1776414539.095000000,/odom.pose.pose.position.x,-0.43071359273446075
27.749,1776414539.095000000,/odom.pose.pose.position.x,-0.4306441688087595
27.753,1776414539.099000000,/odom.pose.pose.position.x,-0.4304940102695505
27.804,1776414539.150000000,/odom.pose.pose.position.x,-0.43037022616355713
27.804,1776414539.150000000,/odom.pose.pose.position.x,-0.4302394517451271
27.825,1776414539.171000000,/odom.pose.pose.position.x,-0.4300945033001238
27.827,1776414539.173000000,/odom.pose.pose.position.x,-0.4299690266711631
27.85,1776414539.196000000,/odom.pose.pose.position.x,-0.4301903141977157
27.863,1776414539.209000000,/odom.pose.pose.position.x,-0.4302078717189691
27.891,1776414539.237000000,/odom.pose.pose.position.x,-0.4302101645058559
27.917,1776414539.263000000,/odom.pose.pose.position.x,-0.4301732543746823
27.927,1776414539.273000000,/odom.pose.pose.position.x,-0.4301046280237135
27.948,1776414539.294000000,/odom.pose.pose.position.x,-0.4301422712142079
27.984,1776414539.330000000,/odom.pose.pose.position.x,-0.4301470226480149
27.987000000000002,1776414539.333000000,/odom.pose.pose.position.x,-0.4301475652703701
28.017,1776414539.363000000,/odom.pose.pose.position.x,-0.43014751162549325
28.029,1776414539.375000000,/odom.pose.pose.position.x,-0.43014713347443767
28.047,1776414539.393000000,/odom.pose.pose.position.x,-0.43014635653215555
28.079,1776414539.425000000,/odom.pose.pose.position.x,-0.43014641254091235
28.086,1776414539.432000000,/odom.pose.pose.position.x,-0.4301461389644921
28.113,1776414539.459000000,/odom.pose.pose.position.x,-0.43014579601085967
28.126,1776414539.472000000,/odom.pose.pose.position.x,-0.43014550409618435
28.15,1776414539.496000000,/odom.pose.pose.position.x,-0.43013263441294125
28.179,1776414539.525000000,/odom.pose.pose.position.x,-0.43010730065987324
28.186,1776414539.532000000,/odom.pose.pose.position.x,-0.43012356773075844
28.218,1776414539.564000000,/odom.pose.pose.position.x,-0.43012540827993256
28.25,1776414539.596000000,/odom.pose.pose.position.x,-0.43012578245745164
28.25,1776414539.596000000,/odom.pose.pose.position.x,-0.43012559848389614
28.282,1776414539.628000000,/odom.pose.pose.position.x,-0.4301253360233567
28.293,1776414539.639000000,/odom.pose.pose.position.x,-0.4301250859023775
28.315,1776414539.661000000,/odom.pose.pose.position.x,-0.43009337946865733
28.324,1776414539.670000000,/odom.pose.pose.position.x,-0.43002913973467344
28.346,1776414539.692000000,/odom.pose.pose.position.x,-0.4300624527243118
28.379,1776414539.725000000,/odom.pose.pose.position.x,-0.43006585852340323
28.39,1776414539.736000000,/odom.pose.pose.position.x,-0.43006633304758407
28.415,1776414539.761000000,/odom.pose.pose.position.x,-0.43003288785624794
28.425,1776414539.771000000,/odom.pose.pose.position.x,-0.42996821549998054
28.448,1776414539.794000000,/odom.pose.pose.position.x,-0.43000275142625627
28.462,1776414539.808000000,/odom.pose.pose.position.x,-0.4300061453338301
28.493,1776414539.839000000,/odom.pose.pose.position.x,-0.43000659779638756
28.518,1776414539.864000000,/odom.pose.pose.position.x,-0.43000658334873154
28.525,1776414539.871000000,/odom.pose.pose.position.x,-0.4300064364350675
28.55,1776414539.896000000,/odom.pose.pose.position.x,-0.43000624896866657
28.563,1776414539.909000000,/odom.pose.pose.position.x,-0.43000608224606945
28.582,1776414539.928000000,/odom.pose.pose.position.x,-0.43000590698312796
28.621,1776414539.967000000,/odom.pose.pose.position.x,-0.4300056337296438
28.623,1776414539.969000000,/odom.pose.pose.position.x,-0.43000554506492833
28.646,1776414539.992000000,/odom.pose.pose.position.x,-0.4300053767598814
28.703,1776414540.049000000,/odom.pose.pose.position.x,-0.4300052834346803
28.722,1776414540.068000000,/odom.pose.pose.position.x,-0.4300050889550287
28.723,1776414540.069000000,/odom.pose.pose.position.x,-0.430004906258259
28.726,1776414540.072000000,/odom.pose.pose.position.x,-0.4300047385295402
28.754,1776414540.100000000,/odom.pose.pose.position.x,-0.43000458277327225
28.762,1776414540.108000000,/odom.pose.pose.position.x,-0.43000447407232195
28.783,1776414540.129000000,/odom.pose.pose.position.x,-0.4300043227287802
28.817,1776414540.163000000,/odom.pose.pose.position.x,-0.4300041775064442
28.824,1776414540.170000000,/odom.pose.pose.position.x,-0.4300040350711563
28.848,1776414540.194000000,/odom.pose.pose.position.x,-0.4300038977566675
28.882,1776414540.228000000,/odom.pose.pose.position.x,-0.4300037786743215
28.885,1776414540.231000000,/odom.pose.pose.position.x,-0.43000366815310925
28.913,1776414540.259000000,/odom.pose.pose.position.x,-0.4300035204137348
28.924,1776414540.270000000,/odom.pose.pose.position.x,-0.4300034244927957
28.946,1776414540.292000000,/odom.pose.pose.position.x,-0.43000330432010575
28.962,1776414540.308000000,/odom.pose.pose.position.x,-0.43000318381412134
28.988,1776414540.334000000,/odom.pose.pose.position.x,-0.43000308255898595
29.012,1776414540.358000000,/odom.pose.pose.position.x,-0.4300029725976937
29.028,1776414540.374000000,/odom.pose.pose.position.x,-0.43000287157666633
29.051,1776414540.397000000,/odom.pose.pose.position.x,-0.4300027612702422
29.063,1776414540.409000000,/odom.pose.pose.position.x,-0.4300026641796708
29.087,1776414540.433000000,/odom.pose.pose.position.x,-0.43000257538760084
29.113,1776414540.459000000,/odom.pose.pose.position.x,-0.43000247607982783
29.148,1776414540.494000000,/odom.pose.pose.position.x,-0.430002414283118
29.148,1776414540.494000000,/odom.pose.pose.position.x,-0.4300023123691963
29.162,1776414540.508000000,/odom.pose.pose.position.x,-0.4300022209972586
29.183,1776414540.529000000,/odom.pose.pose.position.x,-0.430002133935068
29.217,1776414540.563000000,/odom.pose.pose.position.x,-0.4300020496601135
29.225,1776414540.571000000,/odom.pose.pose.position.x,-0.4300019680752777
29.245,1776414540.591000000,/odom.pose.pose.position.x,-0.4300018906513885
29.262,1776414540.608000000,/odom.pose.pose.position.x,-0.4300018130823252
29.291,1776414540.637000000,/odom.pose.pose.position.x,-0.43000174345615133
29.318,1776414540.664000000,/odom.pose.pose.position.x,-0.4300016800658393
29.324,1776414540.670000000,/odom.pose.pose.position.x,-0.4300016181401782
29.347,1776414540.693000000,/odom.pose.pose.position.x,-0.43000153627462456
29.394,1776414540.740000000,/odom.pose.pose.position.x,-0.43000146946783646
29.394,1776414540.740000000,/odom.pose.pose.position.x,-0.4300014087168347
29.418,1776414540.764000000,/odom.pose.pose.position.x,-0.43000125127871475
29.461,1776414540.807000000,/odom.pose.pose.position.x,-0.4300012771014177
29.464,1776414540.810000000,/odom.pose.pose.position.x,-0.43000112466719725
29.464,1776414540.810000000,/odom.pose.pose.position.x,-0.4300011568646713
29.486,1776414540.832000000,/odom.pose.pose.position.x,-0.43000111197476876
29.513,1776414540.859000000,/odom.pose.pose.position.x,-0.43000103517722615
29.524,1776414540.870000000,/odom.pose.pose.position.x,-0.43000098440191564
29.551,1776414540.897000000,/odom.pose.pose.position.x,-0.4300009312369353
29.562,1776414540.908000000,/odom.pose.pose.position.x,-0.4300008732661636
29.587,1776414540.933000000,/odom.pose.pose.position.x,-0.43000082266473383
29.614,1776414540.960000000,/odom.pose.pose.position.x,-0.4300007258310617
29.629,1776414540.975000000,/odom.pose.pose.position.x,-0.43000073666558986
29.649,1776414540.995000000,/odom.pose.pose.position.x,-0.43000069565805255
29.662,1776414541.008000000,/odom.pose.pose.position.x,-0.43000065203586674
29.687,1776414541.033000000,/odom.pose.pose.position.x,-0.43000052133175465
29.718,1776414541.064000000,/odom.pose.pose.position.x,-0.4300005776756796
29.728,1776414541.074000000,/odom.pose.pose.position.x,-0.4300004446151452
29.754,1776414541.100000000,/odom.pose.pose.position.x,-0.4299345571147475
29.768,1776414541.114000000,/odom.pose.pose.position.x,-0.429789305439898
29.784,1776414541.130000000,/odom.pose.pose.position.x,-0.4294940520859592
29.814,1776414541.160000000,/odom.pose.pose.position.x,-0.429074540911751
29.825,1776414541.171000000,/odom.pose.pose.position.x,-0.4285088295202116
29.852,1776414541.198000000,/odom.pose.pose.position.x,-0.4278289569454128
29.879,1776414541.225000000,/odom.pose.pose.position.x,-0.4268801836191566
29.883,1776414541.229000000,/odom.pose.pose.position.x,-0.42584588147280455
29.913,1776414541.259000000,/odom.pose.pose.position.x,-0.4247712985416139
29.926,1776414541.272000000,/odom.pose.pose.position.x,-0.42368377750080927
29.948,1776414541.294000000,/odom.pose.pose.position.x,-0.42240629828955584
29.962,1776414541.308000000,/odom.pose.pose.position.x,-0.4211192182543479
29.983,1776414541.329000000,/odom.pose.pose.position.x,-0.41995105823268936
30.017,1776414541.363000000,/odom.pose.pose.position.x,-0.4188002382276778
30.029,1776414541.375000000,/odom.pose.pose.position.x,-0.4173560413592792
30.046,1776414541.392000000,/odom.pose.pose.position.x,-0.415971180558474
30.062,1776414541.408000000,/odom.pose.pose.position.x,-0.41471188146375804
30.083,1776414541.429000000,/odom.pose.pose.position.x,-0.41348384929909926
30.118,1776414541.464000000,/odom.pose.pose.position.x,-0.4122804984776019
30.154,1776414541.500000000,/odom.pose.pose.position.x,-0.41088550087005055
30.154,1776414541.500000000,/odom.pose.pose.position.x,-0.40964347819477004
30.185,1776414541.531000000,/odom.pose.pose.position.x,-0.4085503943810338
30.187,1776414541.533000000,/odom.pose.pose.position.x,-0.4073134383828496
30.216,1776414541.562000000,/odom.pose.pose.position.x,-0.4061137342972331
30.248,1776414541.594000000,/odom.pose.pose.position.x,-0.4051285330087207
30.249,1776414541.595000000,/odom.pose.pose.position.x,-0.40417324761798
30.263,1776414541.609000000,/odom.pose.pose.position.x,-0.4032600957435257
30.293,1776414541.639000000,/odom.pose.pose.position.x,-0.40238174815427613
30.318,1776414541.664000000,/odom.pose.pose.position.x,-0.40155246617796164
30.327,1776414541.673000000,/odom.pose.pose.position.x,-0.4007027294723499
30.35,1776414541.696000000,/odom.pose.pose.position.x,-0.3998259403308396
30.362,1776414541.708000000,/odom.pose.pose.position.x,-0.39894081389154296
30.387,1776414541.733000000,/odom.pose.pose.position.x,-0.39801195712579723
30.415,1776414541.761000000,/odom.pose.pose.position.x,-0.3971231296730732
30.424,1776414541.770000000,/odom.pose.pose.position.x,-0.3962854859481076
30.447,1776414541.793000000,/odom.pose.pose.position.x,-0.39544123693852357
30.46,1776414541.806000000,/odom.pose.pose.position.x,-0.3946382389159194
30.483,1776414541.829000000,/odom.pose.pose.position.x,-0.39387299273825577
30.514,1776414541.860000000,/odom.pose.pose.position.x,-0.393241787804388
30.548000000000002,1776414541.894000000,/odom.pose.pose.position.x,-0.3925601021228482
30.552,1776414541.898000000,/odom.pose.pose.position.x,-0.3920678268609648
30.563,1776414541.909000000,/odom.pose.pose.position.x,-0.39151031639679373
30.582,1776414541.928000000,/odom.pose.pose.position.x,-0.39099781412746715
30.615,1776414541.961000000,/odom.pose.pose.position.x,-0.39102655382560586
30.625,1776414541.971000000,/odom.pose.pose.position.x,-0.3910909208424664
30.65,1776414541.996000000,/odom.pose.pose.position.x,-0.3920337969563287
30.681,1776414542.027000000,/odom.pose.pose.position.x,-0.3920433589513214
30.682,1776414542.028000000,/odom.pose.pose.position.x,-0.3920316774694602
30.716,1776414542.062000000,/odom.pose.pose.position.x,-0.3920255742471512
30.725,1776414542.071000000,/odom.pose.pose.position.x,-0.3920229578615431
30.748,1776414542.094000000,/odom.pose.pose.position.x,-0.3920217005360709
30.761,1776414542.107000000,/odom.pose.pose.position.x,-0.3920216729801007
30.784,1776414542.130000000,/odom.pose.pose.position.x,-0.39202111356914376
30.815,1776414542.161000000,/odom.pose.pose.position.x,-0.3920206327530073
30.827,1776414542.173000000,/odom.pose.pose.position.x,-0.39202017547548
30.85,1776414542.196000000,/odom.pose.pose.position.x,-0.39201972178742567
30.863,1776414542.209000000,/odom.pose.pose.position.x,-0.39201929310536787
30.883,1776414542.229000000,/odom.pose.pose.position.x,-0.3920188611561026
30.916,1776414542.262000000,/odom.pose.pose.position.x,-0.39201845129499274
30.924,1776414542.270000000,/odom.pose.pose.position.x,-0.3920180461095655
30.951,1776414542.297000000,/odom.pose.pose.position.x,-0.39201764733253597
30.963,1776414542.309000000,/odom.pose.pose.position.x,-0.39201728514032996
31.014,1776414542.360000000,/odom.pose.pose.position.x,-0.392016866517159
31.015,1776414542.361000000,/odom.pose.pose.position.x,-0.39201651970707285
31.027,1776414542.373000000,/odom.pose.pose.position.x,-0.3920161640411867
31.048,1776414542.394000000,/odom.pose.pose.position.x,-0.39201588845069735
31.062,1776414542.408000000,/odom.pose.pose.position.x,-0.39201547683536714
31.085,1776414542.431000000,/odom.pose.pose.position.x,-0.3920151931838378
31.119,1776414542.465000000,/odom.pose.pose.position.x,-0.392014810674423
31.122,1776414542.468000000,/odom.pose.pose.position.x,-0.3920144994584618
31.15,1776414542.496000000,/odom.pose.pose.position.x,-0.3920141889056136
31.162,1776414542.508000000,/odom.pose.pose.position.x,-0.39203037626530196
31.183,1776414542.529000000,/odom.pose.pose.position.x,-0.3920614645398643
31.219,1776414542.565000000,/odom.pose.pose.position.x,-0.3921100358518711
31.223,1776414542.569000000,/odom.pose.pose.position.x,-0.392095672873426
31.251,1776414542.597000000,/odom.pose.pose.position.x,-0.39206660627191847
31.262,1776414542.608000000,/odom.pose.pose.position.x,-0.3920674116641664
31.283,1776414542.629000000,/odom.pose.pose.position.x,-0.39206735253168584
31.318,1776414542.664000000,/odom.pose.pose.position.x,-0.3920671790137822
31.327,1776414542.673000000,/odom.pose.pose.position.x,-0.3920669649606336
31.348,1776414542.694000000,/odom.pose.pose.position.x,-0.3920667328274122
31.361,1776414542.707000000,/odom.pose.pose.position.x,-0.39206667374322257
31.384,1776414542.730000000,/odom.pose.pose.position.x,-0.3920664408135888
31.415,1776414542.761000000,/odom.pose.pose.position.x,-0.39206621480422
31.424,1776414542.770000000,/odom.pose.pose.position.x,-0.3920659913105143
31.449,1776414542.795000000,/odom.pose.pose.position.x,-0.3920657665847307
31.482,1776414542.828000000,/odom.pose.pose.position.x,-0.392065555575795
31.485,1776414542.831000000,/odom.pose.pose.position.x,-0.3920654023713285
31.513,1776414542.859000000,/odom.pose.pose.position.x,-0.39206514171912654
31.522,1776414542.868000000,/odom.pose.pose.position.x,-0.39206492949359745
31.549,1776414542.895000000,/odom.pose.pose.position.x,-0.3920413422468126
31.584,1776414542.930000000,/odom.pose.pose.position.x,-0.3919884134763222
31.586,1776414542.932000000,/odom.pose.pose.position.x,-0.39191354987379023
31.614,1776414542.960000000,/odom.pose.pose.position.x,-0.3918187538060169
31.624,1776414542.970000000,/odom.pose.pose.position.x,-0.3916815412130481
31.652,1776414542.998000000,/odom.pose.pose.position.x,-0.3915297864454011
31.683,1776414543.029000000,/odom.pose.pose.position.x,-0.3917072628775176
31.683,1776414543.029000000,/odom.pose.pose.position.x,-0.3917191323386967
31.718,1776414543.064000000,/odom.pose.pose.position.x,-0.39172025988027465
31.721,1776414543.067000000,/odom.pose.pose.position.x,-0.391720190693116
31.754,1776414543.100000000,/odom.pose.pose.position.x,-0.39172000304477606
31.782,1776414543.128000000,/odom.pose.pose.position.x,-0.3917201759279285
31.785,1776414543.131000000,/odom.pose.pose.position.x,-0.39172002477140627
31.816,1776414543.162000000,/odom.pose.pose.position.x,-0.39171987852869194
31.826,1776414543.172000000,/odom.pose.pose.position.x,-0.3917197312729219
31.851,1776414543.197000000,/odom.pose.pose.position.x,-0.39171959083574515
31.881,1776414543.227000000,/odom.pose.pose.position.x,-0.39171945691965476
31.884,1776414543.230000000,/odom.pose.pose.position.x,-0.39171932181619884
31.913,1776414543.259000000,/odom.pose.pose.position.x,-0.39171919349822076
31.928,1776414543.274000000,/odom.pose.pose.position.x,-0.391719064653947
31.95,1776414543.296000000,/odom.pose.pose.position.x,-0.39171893929972945
31.981,1776414543.327000000,/odom.pose.pose.position.x,-0.3917188194735699
31.983,1776414543.329000000,/odom.pose.pose.position.x,-0.391718700458406
32.015,1776414543.361000000,/odom.pose.pose.position.x,-0.39171858501548695
32.027,1776414543.373000000,/odom.pose.pose.position.x,-0.3917184704093455
32.048,1776414543.394000000,/odom.pose.pose.position.x,-0.39171835738601984
32.061,1776414543.407000000,/odom.pose.pose.position.x,-0.3917182689481814
32.082,1776414543.428000000,/odom.pose.pose.position.x,-0.3917181702553735
32.119,1776414543.465000000,/odom.pose.pose.position.x,-0.39171807473359926
32.125,1776414543.471000000,/odom.pose.pose.position.x,-0.3917179774303754
32.151,1776414543.497000000,/odom.pose.pose.position.x,-0.3917178796035067
32.163,1776414543.509000000,/odom.pose.pose.position.x,-0.39171777413885633
32.184,1776414543.530000000,/odom.pose.pose.position.x,-0.3917176790725466
32.216,1776414543.562000000,/odom.pose.pose.position.x,-0.39171759274983126
32.223,1776414543.569000000,/odom.pose.pose.position.x,-0.39171750669796473
32.249,1776414543.595000000,/odom.pose.pose.position.x,-0.3917174175320358
32.261,1776414543.607000000,/odom.pose.pose.position.x,-0.39171736411909897
32.293,1776414543.639000000,/odom.pose.pose.position.x,-0.3917172816115327
32.315,1776414543.661000000,/odom.pose.pose.position.x,-0.3917172035878463
32.325,1776414543.671000000,/odom.pose.pose.position.x,-0.391717126617911
32.346,1776414543.692000000,/odom.pose.pose.position.x,-0.39171704676909547
32.363,1776414543.709000000,/odom.pose.pose.position.x,-0.3917169560814963
32.387,1776414543.733000000,/odom.pose.pose.position.x,-0.39171688425883433
32.414,1776414543.760000000,/odom.pose.pose.position.x,-0.3917168164773374
32.42,1776414543.766000000,/odom.pose.pose.position.x,-0.3917167494757965
32.448,1776414543.794000000,/odom.pose.pose.position.x,-0.39171668274655996
32.482,1776414543.828000000,/odom.pose.pose.position.x,-0.39171663445267335
32.491,1776414543.837000000,/odom.pose.pose.position.x,-0.391716570600024
32.515,1776414543.861000000,/odom.pose.pose.position.x,-0.3917165112813979
32.529,1776414543.875000000,/odom.pose.pose.position.x,-0.39171645169352337
32.55,1776414543.896000000,/odom.pose.pose.position.x,-0.391716394365851
32.584,1776414543.930000000,/odom.pose.pose.position.x,-0.39171633222165364
32.589,1776414543.935000000,/odom.pose.pose.position.x,-0.39171628446753703
32.616,1776414543.962000000,/odom.pose.pose.position.x,-0.3917162188626373
32.622,1776414543.968000000,/odom.pose.pose.position.x,-0.39171616662231684
32.65,1776414543.996000000,/odom.pose.pose.position.x,-0.3917161161627054
32.679,1776414544.025000000,/odom.pose.pose.position.x,-0.39171604274953215
32.691,1776414544.037000000,/odom.pose.pose.position.x,-0.39171599022218606
32.713,1776414544.059000000,/odom.pose.pose.position.x,-0.39171594608821403
32.722,1776414544.068000000,/odom.pose.pose.position.x,-0.3917158997906027
32.745,1776414544.091000000,/odom.pose.pose.position.x,-0.39171585143825804
32.762,1776414544.108000000,/odom.pose.pose.position.x,-0.39171583673521504
32.784,1776414544.130000000,/odom.pose.pose.position.x,-0.39171579474909185
32.814,1776414544.160000000,/odom.pose.pose.position.x,-0.39171575452493895
32.822,1776414544.168000000,/odom.pose.pose.position.x,-0.3917157137780279
32.855,1776414544.201000000,/odom.pose.pose.position.x,-0.39171567242264554
32.879,1776414544.225000000,/odom.pose.pose.position.x,-0.3917156343550416
32.887,1776414544.233000000,/odom.pose.pose.position.x,-0.39171559757789526
32.912,1776414544.258000000,/odom.pose.pose.position.x,-0.391715562080813
32.921,1776414544.267000000,/odom.pose.pose.position.x,-0.3917155275586343
32.95,1776414544.296000000,/odom.pose.pose.position.x,-0.3917154932102471
32.962,1776414544.308000000,/odom.pose.pose.position.x,-0.391715457836635
32.987,1776414544.333000000,/odom.pose.pose.position.x,-0.39171542298391554
33.016,1776414544.362000000,/odom.pose.pose.position.x,-0.3917153915036744
33.051,1776414544.397000000,/odom.pose.pose.position.x,-0.3917153602935463
33.051,1776414544.397000000,/odom.pose.pose.position.x,-0.39171533028601696
33.062,1776414544.408000000,/odom.pose.pose.position.x,-0.3917152935073271
33.087,1776414544.433000000,/odom.pose.pose.position.x,-0.391715263649914
33.119,1776414544.465000000,/odom.pose.pose.position.x,-0.3917152369894421
33.123,1776414544.469000000,/odom.pose.pose.position.x,-0.39171520982114066
33.155,1776414544.501000000,/odom.pose.pose.position.x,-0.39171518101459735
33.164,1776414544.510000000,/odom.pose.pose.position.x,-0.39171513811687764
33.189,1776414544.535000000,/odom.pose.pose.position.x,-0.39171511034126577
33.217,1776414544.563000000,/odom.pose.pose.position.x,-0.3917150850612397
33.225,1776414544.571000000,/odom.pose.pose.position.x,-0.3917150605217287
33.25,1776414544.596000000,/odom.pose.pose.position.x,-0.39171503711648337
33.262,1776414544.608000000,/odom.pose.pose.position.x,-0.3917150129464317
33.297,1776414544.643000000,/odom.pose.pose.position.x,-0.3917149904056699
33.318,1776414544.664000000,/odom.pose.pose.position.x,-0.391714969045085
33.322,1776414544.668000000,/odom.pose.pose.position.x,-0.39171494748207203
33.35,1776414544.696000000,/odom.pose.pose.position.x,-0.391714926587123
33.382,1776414544.728000000,/odom.pose.pose.position.x,-0.3917148906422963
33.39,1776414544.736000000,/odom.pose.pose.position.x,-0.39171487124510895
33.417,1776414544.763000000,/odom.pose.pose.position.x,-0.39171485134735534
33.42,1776414544.766000000,/odom.pose.pose.position.x,-0.3917148323288789
33.457,1776414544.803000000,/odom.pose.pose.position.x,-0.3917148140556792
33.486,1776414544.832000000,/odom.pose.pose.position.x,-0.3917148117537579
33.488,1776414544.834000000,/odom.pose.pose.position.x,-0.3917147971111837
33.522,1776414544.868000000,/odom.pose.pose.position.x,-0.3917147750697642
33.522,1776414544.868000000,/odom.pose.pose.position.x,-0.3917147592791356
33.551,1776414544.897000000,/odom.pose.pose.position.x,-0.3917147433801209
33.582,1776414544.928000000,/odom.pose.pose.position.x,-0.39171476756718787
33.588,1776414544.934000000,/odom.pose.pose.position.x,-0.3917147521855906
33.618,1776414544.964000000,/odom.pose.pose.position.x,-0.39171473802768386
33.621,1776414544.967000000,/odom.pose.pose.position.x,-0.39171472361560694
33.649,1776414544.995000000,/odom.pose.pose.position.x,-0.39171470929694835
33.66,1776414545.006000000,/odom.pose.pose.position.x,-0.3917147058223106
33.695,1776414545.041000000,/odom.pose.pose.position.x,-0.3917146928745646
33.746,1776414545.092000000,/odom.pose.pose.position.x,-0.39171467894660184
33.746,1776414545.092000000,/odom.pose.pose.position.x,-0.39171466599019916
33.757,1776414545.103000000,/odom.pose.pose.position.x,-0.39171465330674776
33.783,1776414545.129000000,/odom.pose.pose.position.x,-0.3917146406795463
33.783,1776414545.129000000,/odom.pose.pose.position.x,-0.3917146280848871
33.814,1776414545.160000000,/odom.pose.pose.position.x,-0.391714616651893
33.824,1776414545.170000000,/odom.pose.pose.position.x,-0.39171460527530244
33.849,1776414545.195000000,/odom.pose.pose.position.x,-0.39171459473776776
33.88,1776414545.226000000,/odom.pose.pose.position.x,-0.39171469809513265
33.885,1776414545.231000000,/odom.pose.pose.position.x,-0.39171469962608024
33.914,1776414545.260000000,/odom.pose.pose.position.x,-0.3917146794380872
33.921,1776414545.267000000,/odom.pose.pose.position.x,-0.3917146799683064
33.947,1776414545.293000000,/odom.pose.pose.position.x,-0.3917146580258382
33.962,1776414545.308000000,/odom.pose.pose.position.x,-0.3917146360858133
33.984,1776414545.330000000,/odom.pose.pose.position.x,-0.3917833270249239
34.014,1776414545.360000000,/odom.pose.pose.position.x,-0.39193447165662354
34.023,1776414545.369000000,/odom.pose.pose.position.x,-0.3921611664045384
34.046,1776414545.392000000,/odom.pose.pose.position.x,-0.3924427556493847
34.061,1776414545.407000000,/odom.pose.pose.position.x,-0.3927546048714656
34.09,1776414545.436000000,/odom.pose.pose.position.x,-0.39308734236634035
34.115,1776414545.461000000,/odom.pose.pose.position.x,-0.39343106123649624
34.127,1776414545.473000000,/odom.pose.pose.position.x,-0.39384668189970107
34.149,1776414545.495000000,/odom.pose.pose.position.x,-0.3942723281169059
34.163,1776414545.509000000,/odom.pose.pose.position.x,-0.3946855405810224
34.184,1776414545.530000000,/odom.pose.pose.position.x,-0.3951158636231947
34.213,1776414545.559000000,/odom.pose.pose.position.x,-0.3953425712001297
34.248,1776414545.594000000,/odom.pose.pose.position.x,-0.3955611950792539
34.248,1776414545.594000000,/odom.pose.pose.position.x,-0.3949427769540698
34.262,1776414545.608000000,/odom.pose.pose.position.x,-0.3948980723582538
34.283,1776414545.629000000,/odom.pose.pose.position.x,-0.3948930403289859
34.314,1776414545.660000000,/odom.pose.pose.position.x,-0.39489258183808595
34.329,1776414545.675000000,/odom.pose.pose.position.x,-0.3948925257040165
34.347,1776414545.693000000,/odom.pose.pose.position.x,-0.3948925457681355
34.379,1776414545.725000000,/odom.pose.pose.position.x,-0.39489203905917664
34.392,1776414545.738000000,/odom.pose.pose.position.x,-0.3948920218965001
34.414,1776414545.760000000,/odom.pose.pose.position.x,-0.39489198816873183
34.422,1776414545.768000000,/odom.pose.pose.position.x,-0.3948919911532997
34.456,1776414545.802000000,/odom.pose.pose.position.x,-0.39489197670497356
34.486,1776414545.832000000,/odom.pose.pose.position.x,-0.3948918053257982
34.486,1776414545.832000000,/odom.pose.pose.position.x,-0.3948917912025344
34.517,1776414545.863000000,/odom.pose.pose.position.x,-0.3948917767818647
34.524,1776414545.870000000,/odom.pose.pose.position.x,-0.3948917643866425
34.547,1776414545.893000000,/odom.pose.pose.position.x,-0.3948917514288989
34.562,1776414545.908000000,/odom.pose.pose.position.x,-0.394891716263101
34.584,1776414545.930000000,/odom.pose.pose.position.x,-0.3948917035434497
34.615,1776414545.961000000,/odom.pose.pose.position.x,-0.3948916921751866
34.623,1776414545.969000000,/odom.pose.pose.position.x,-0.3948916772721604
34.651,1776414545.997000000,/odom.pose.pose.position.x,-0.3948916690634622
34.662,1776414546.008000000,/odom.pose.pose.position.x,-0.39489177389151225
34.685,1776414546.031000000,/odom.pose.pose.position.x,-0.3948917500771573
34.715,1776414546.061000000,/odom.pose.pose.position.x,-0.39489175747583516
34.724,1776414546.070000000,/odom.pose.pose.position.x,-0.3948917303440957
34.752,1776414546.098000000,/odom.pose.pose.position.x,-0.39489173824411045
34.781,1776414546.127000000,/odom.pose.pose.position.x,-0.3948915780945711
34.789,1776414546.135000000,/odom.pose.pose.position.x,-0.39489157463935715
34.818,1776414546.164000000,/odom.pose.pose.position.x,-0.39489155736850134
34.826,1776414546.172000000,/odom.pose.pose.position.x,-0.394891545679079
34.849,1776414546.195000000,/odom.pose.pose.position.x,-0.39489153613574934
34.885,1776414546.231000000,/odom.pose.pose.position.x,-0.39489172031006786
34.888,1776414546.234000000,/odom.pose.pose.position.x,-0.3948917154612641
34.913,1776414546.259000000,/odom.pose.pose.position.x,-0.394891707667493
34.923,1776414546.269000000,/odom.pose.pose.position.x,-0.39489170361021264
34.948,1776414546.294000000,/odom.pose.pose.position.x,-0.3948916955623644
34.979,1776414546.325000000,/odom.pose.pose.position.x,-0.39494094245962796
34.985,1776414546.331000000,/odom.pose.pose.position.x,-0.3950509869657267
35.014,1776414546.360000000,/odom.pose.pose.position.x,-0.3953640150278792
35.026,1776414546.372000000,/odom.pose.pose.position.x,-0.3959070274917434
35.051,1776414546.397000000,/odom.pose.pose.position.x,-0.3965799022747066
35.063,1776414546.409000000,/odom.pose.pose.position.x,-0.3975174315593492
35.084,1776414546.430000000,/odom.pose.pose.position.x,-0.39858447231598504
35.115,1776414546.461000000,/odom.pose.pose.position.x,-0.39994702953263883
35.148,1776414546.494000000,/odom.pose.pose.position.x,-0.4013737527292409
35.149,1776414546.495000000,/odom.pose.pose.position.x,-0.4027299426507092
35.163,1776414546.509000000,/odom.pose.pose.position.x,-0.4039131336518741
35.191,1776414546.537000000,/odom.pose.pose.position.x,-0.40565118636836683
35.221,1776414546.567000000,/odom.pose.pose.position.x,-0.40742464795152356
35.225,1776414546.571000000,/odom.pose.pose.position.x,-0.4091011803715359
35.251,1776414546.597000000,/odom.pose.pose.position.x,-0.41083146751604355
35.261,1776414546.607000000,/odom.pose.pose.position.x,-0.41249690950042334
35.286,1776414546.632000000,/odom.pose.pose.position.x,-0.41442527182893385
35.314,1776414546.660000000,/odom.pose.pose.position.x,-0.4163540497726321
35.323,1776414546.669000000,/odom.pose.pose.position.x,-0.4182732602086064
35.352,1776414546.698000000,/odom.pose.pose.position.x,-0.4202005224112787
35.361,1776414546.707000000,/odom.pose.pose.position.x,-0.42196886286381247
35.389,1776414546.735000000,/odom.pose.pose.position.x,-0.42399566467653116
35.421,1776414546.767000000,/odom.pose.pose.position.x,-0.4258925816124332
35.426,1776414546.772000000,/odom.pose.pose.position.x,-0.42780799577593887
35.448,1776414546.794000000,/odom.pose.pose.position.x,-0.4298989250622088
35.464,1776414546.810000000,/odom.pose.pose.position.x,-0.43174279359988393
35.484,1776414546.830000000,/odom.pose.pose.position.x,-0.43374361400856837
35.515,1776414546.861000000,/odom.pose.pose.position.x,-0.4357392899273579
35.525,1776414546.871000000,/odom.pose.pose.position.x,-0.437654334755258
35.553,1776414546.899000000,/odom.pose.pose.position.x,-0.4395766238168229
35.584,1776414546.930000000,/odom.pose.pose.position.x,-0.44154094841992436
35.587,1776414546.933000000,/odom.pose.pose.position.x,-0.4437797640342339
35.617,1776414546.963000000,/odom.pose.pose.position.x,-0.44601205792672605
35.624,1776414546.970000000,/odom.pose.pose.position.x,-0.448265824544125
35.648,1776414546.994000000,/odom.pose.pose.position.x,-0.45047355125707034
35.68,1776414547.026000000,/odom.pose.pose.position.x,-0.45244219841766653
35.686,1776414547.032000000,/odom.pose.pose.position.x,-0.4548918277780409
35.718,1776414547.064000000,/odom.pose.pose.position.x,-0.45733737700079696
35.719,1776414547.065000000,/odom.pose.pose.position.x,-0.4597862435177479
35.751,1776414547.097000000,/odom.pose.pose.position.x,-0.46223820403836574
35.782,1776414547.128000000,/odom.pose.pose.position.x,-0.4643851810733285
35.785,1776414547.131000000,/odom.pose.pose.position.x,-0.4668390654744426
35.814,1776414547.160000000,/odom.pose.pose.position.x,-0.46928208961667345
35.824,1776414547.170000000,/odom.pose.pose.position.x,-0.47172911533231704
35.849,1776414547.195000000,/odom.pose.pose.position.x,-0.4741766518401556
35.884,1776414547.230000000,/odom.pose.pose.position.x,-0.4763583781515664
35.888,1776414547.234000000,/odom.pose.pose.position.x,-0.4789364413928093
35.923,1776414547.269000000,/odom.pose.pose.position.x,-0.48152340597048243
35.923,1776414547.269000000,/odom.pose.pose.position.x,-0.4842039909470468
35.953,1776414547.299000000,/odom.pose.pose.position.x,-0.48689042086572765
35.983,1776414547.329000000,/odom.pose.pose.position.x,-0.48918750751076245
35.987,1776414547.333000000,/odom.pose.pose.position.x,-0.49177524998441574
36.017,1776414547.363000000,/odom.pose.pose.position.x,-0.4944600035814245
36.02,1776414547.366000000,/odom.pose.pose.position.x,-0.4971479271894415
36.052,1776414547.398000000,/odom.pose.pose.position.x,-0.49990096758910896
36.08,1776414547.426000000,/odom.pose.pose.position.x,-0.5023347770914364
36.085,1776414547.431000000,/odom.pose.pose.position.x,-0.5049236118644769
36.12,1776414547.466000000,/odom.pose.pose.position.x,-0.5075137491400842
36.125,1776414547.471000000,/odom.pose.pose.position.x,-0.5101029333340137
36.15,1776414547.496000000,/odom.pose.pose.position.x,-0.5126855497395546
36.184,1776414547.530000000,/odom.pose.pose.position.x,-0.5149684078887371
36.185,1776414547.531000000,/odom.pose.pose.position.x,-0.5176497050909638
36.215,1776414547.561000000,/odom.pose.pose.position.x,-0.5203300516493846
36.228,1776414547.574000000,/odom.pose.pose.position.x,-0.5231922517837757
36.249,1776414547.595000000,/odom.pose.pose.position.x,-0.5257022753806321
36.282,1776414547.628000000,/odom.pose.pose.position.x,-0.5279802029916589
36.287,1776414547.633000000,/odom.pose.pose.position.x,-0.5305710499164001
36.315,1776414547.661000000,/odom.pose.pose.position.x,-0.5331525909938803
36.328,1776414547.674000000,/odom.pose.pose.position.x,-0.5357371228670317
36.353,1776414547.699000000,/odom.pose.pose.position.x,-0.5371848061988097
36.36,1776414547.706000000,/odom.pose.pose.position.x,-0.5407974167914438
36.385,1776414547.731000000,/odom.pose.pose.position.x,-0.5435455142424104
36.418,1776414547.764000000,/odom.pose.pose.position.x,-0.5463010313653417
36.453,1776414547.799000000,/odom.pose.pose.position.x,-0.5488955934967719
36.453,1776414547.799000000,/odom.pose.pose.position.x,-0.5515000711480178
36.489,1776414547.835000000,/odom.pose.pose.position.x,-0.5537621830462478
36.492,1776414547.838000000,/odom.pose.pose.position.x,-0.5566250972453678
36.524,1776414547.870000000,/odom.pose.pose.position.x,-0.5590238009228922
36.524,1776414547.870000000,/odom.pose.pose.position.x,-0.5620589540017079
36.616,1776414547.962000000,/odom.pose.pose.position.x,-0.5642739104249518
36.616,1776414547.962000000,/odom.pose.pose.position.x,-0.566970568465527
36.644,1776414547.990000000,/odom.pose.pose.position.x,-0.5693292617278416
36.644,1776414547.990000000,/odom.pose.pose.position.x,-0.5720551494157375
36.664,1776414548.010000000,/odom.pose.pose.position.x,-0.5743431418551422
36.664,1776414548.010000000,/odom.pose.pose.position.x,-0.5769192464782352
36.689,1776414548.035000000,/odom.pose.pose.position.x,-0.5794630444070072
36.692,1776414548.038000000,/odom.pose.pose.position.x,-0.5819859264067889
36.727,1776414548.073000000,/odom.pose.pose.position.x,-0.584513283838083
36.727,1776414548.073000000,/odom.pose.pose.position.x,-0.587392374417466
36.761,1776414548.107000000,/odom.pose.pose.position.x,-0.5903152935225147
36.767,1776414548.113000000,/odom.pose.pose.position.x,-0.59322782806679
36.794,1776414548.140000000,/odom.pose.pose.position.x,-0.5963027605306517
36.822,1776414548.168000000,/odom.pose.pose.position.x,-0.5993945918915627
36.824,1776414548.170000000,/odom.pose.pose.position.x,-0.6025103172781653
36.845,1776414548.191000000,/odom.pose.pose.position.x,-0.6056373085115586
36.887,1776414548.233000000,/odom.pose.pose.position.x,-0.6089980231531237
36.895,1776414548.241000000,/odom.pose.pose.position.x,-0.6123865553367103
36.918,1776414548.264000000,/odom.pose.pose.position.x,-0.6157786521703132
36.921,1776414548.267000000,/odom.pose.pose.position.x,-0.6191661597166428
36.951,1776414548.297000000,/odom.pose.pose.position.x,-0.6225603335834873
36.981,1776414548.327000000,/odom.pose.pose.position.x,-0.6259134095116684
36.989,1776414548.335000000,/odom.pose.pose.position.x,-0.6292945982870676
37.014,1776414548.360000000,/odom.pose.pose.position.x,-0.6328223277566071
37.028,1776414548.374000000,/odom.pose.pose.position.x,-0.6363434038013454
37.053,1776414548.399000000,/odom.pose.pose.position.x,-0.6398743937705439
37.062,1776414548.408000000,/odom.pose.pose.position.x,-0.6433349513673299
37.084,1776414548.430000000,/odom.pose.pose.position.x,-0.6467349060702083
37.112,1776414548.458000000,/odom.pose.pose.position.x,-0.650144073125275
37.123,1776414548.469000000,/odom.pose.pose.position.x,-0.6535442155059332
37.149,1776414548.495000000,/odom.pose.pose.position.x,-0.6553140374917372
37.162,1776414548.508000000,/odom.pose.pose.position.x,-0.6603235661155853
37.191,1776414548.537000000,/odom.pose.pose.position.x,-0.6637428026825941
37.215,1776414548.561000000,/odom.pose.pose.position.x,-0.6674655434089612
37.228,1776414548.574000000,/odom.pose.pose.position.x,-0.6705433978852674
37.25,1776414548.596000000,/odom.pose.pose.position.x,-0.6738195375829551
37.262,1776414548.608000000,/odom.pose.pose.position.x,-0.6770640321216675
37.283,1776414548.629000000,/odom.pose.pose.position.x,-0.6804670560450944
37.317,1776414548.663000000,/odom.pose.pose.position.x,-0.6838730653252936
37.324,1776414548.670000000,/odom.pose.pose.position.x,-0.6870488688545504
37.356,1776414548.702000000,/odom.pose.pose.position.x,-0.6902176399601705
37.363,1776414548.709000000,/odom.pose.pose.position.x,-0.6933406921800159
37.386,1776414548.732000000,/odom.pose.pose.position.x,-0.6965065618560621
37.42,1776414548.766000000,/odom.pose.pose.position.x,-0.6996728022728469
37.422,1776414548.768000000,/odom.pose.pose.position.x,-0.7028403298329721
37.456,1776414548.802000000,/odom.pose.pose.position.x,-0.706002014231936
37.463,1776414548.809000000,/odom.pose.pose.position.x,-0.7091251546321697
37.483,1776414548.829000000,/odom.pose.pose.position.x,-0.7122910378519337
37.516,1776414548.862000000,/odom.pose.pose.position.x,-0.7154585607749748
37.52,1776414548.866000000,/odom.pose.pose.position.x,-0.7186287620484213
37.551,1776414548.897000000,/odom.pose.pose.position.x,-0.7219016562398819
37.562,1776414548.908000000,/odom.pose.pose.position.x,-0.7251484054616746
37.591,1776414548.937000000,/odom.pose.pose.position.x,-0.7282132929636048
37.614,1776414548.960000000,/odom.pose.pose.position.x,-0.7313434015843204
37.623,1776414548.969000000,/odom.pose.pose.position.x,-0.7345444664467251
37.649,1776414548.995000000,/odom.pose.pose.position.x,-0.7378192716158514
37.662,1776414549.008000000,/odom.pose.pose.position.x,-0.7410527630349395
37.688,1776414549.034000000,/odom.pose.pose.position.x,-0.7443249885583754
37.713,1776414549.059000000,/odom.pose.pose.position.x,-0.7476154355229538
37.72,1776414549.066000000,/odom.pose.pose.position.x,-0.7508901072588453
37.751,1776414549.097000000,/odom.pose.pose.position.x,-0.7541664221352423
37.763,1776414549.109000000,/odom.pose.pose.position.x,-0.7573935914689991
37.786,1776414549.132000000,/odom.pose.pose.position.x,-0.7607783271387374
37.826,1776414549.172000000,/odom.pose.pose.position.x,-0.7641668402435928
37.828,1776414549.174000000,/odom.pose.pose.position.x,-0.7675681422159228
37.845,1776414549.191000000,/odom.pose.pose.position.x,-0.7709834549412626
37.899,1776414549.245000000,/odom.pose.pose.position.x,-0.7743314977983166
37.92,1776414549.266000000,/odom.pose.pose.position.x,-0.7777367001307524
37.924,1776414549.270000000,/odom.pose.pose.position.x,-0.7813538720472271
37.927,1776414549.273000000,/odom.pose.pose.position.x,-0.7848856689816234
37.955,1776414549.301000000,/odom.pose.pose.position.x,-0.7888536582114294
37.963,1776414549.309000000,/odom.pose.pose.position.x,-0.7918903988593989
37.992,1776414549.338000000,/odom.pose.pose.position.x,-0.7953049453816446
38.006,1776414549.352000000,/odom.pose.pose.position.x,-0.7987038837108486
38.051,1776414549.397000000,/odom.pose.pose.position.x,-0.8023247804108483
38.053,1776414549.399000000,/odom.pose.pose.position.x,-0.8059432255634152
38.084,1776414549.430000000,/odom.pose.pose.position.x,-0.8095146533002476
38.085,1776414549.431000000,/odom.pose.pose.position.x,-0.8131283003950716
38.114,1776414549.460000000,/odom.pose.pose.position.x,-0.8165407366567188
38.123,1776414549.469000000,/odom.pose.pose.position.x,-0.8199441754750371
38.149,1776414549.495000000,/odom.pose.pose.position.x,-0.8235666251272894
38.162,1776414549.508000000,/odom.pose.pose.position.x,-0.8271075693643288
38.188,1776414549.534000000,/odom.pose.pose.position.x,-0.8307352194071687
38.217,1776414549.563000000,/odom.pose.pose.position.x,-0.834621586544162
38.223,1776414549.569000000,/odom.pose.pose.position.x,-0.837894330513249
38.249,1776414549.595000000,/odom.pose.pose.position.x,-0.8414330953545488
38.263,1776414549.609000000,/odom.pose.pose.position.x,-0.8447729593619808
38.29,1776414549.636000000,/odom.pose.pose.position.x,-0.8481673003984668
38.315,1776414549.661000000,/odom.pose.pose.position.x,-0.8517003292526444
38.328,1776414549.674000000,/odom.pose.pose.position.x,-0.8552356562818626
38.352,1776414549.698000000,/odom.pose.pose.position.x,-0.8586452172595112
38.362,1776414549.708000000,/odom.pose.pose.position.x,-0.8621480142490945
38.384,1776414549.730000000,/odom.pose.pose.position.x,-0.8653596138166915
38.415,1776414549.761000000,/odom.pose.pose.position.x,-0.8687634735034484
38.448,1776414549.794000000,/odom.pose.pose.position.x,-0.8721632688668667
38.45,1776414549.796000000,/odom.pose.pose.position.x,-0.875572193621288
38.461,1776414549.807000000,/odom.pose.pose.position.x,-0.8788806672239831
38.486,1776414549.832000000,/odom.pose.pose.position.x,-0.8824947827359084
38.514,1776414549.860000000,/odom.pose.pose.position.x,-0.886007926294213
38.53,1776414549.876000000,/odom.pose.pose.position.x,-0.8895243223006183
38.548,1776414549.894000000,/odom.pose.pose.position.x,-0.8931535827697593
38.58,1776414549.926000000,/odom.pose.pose.position.x,-0.8966628537074959
38.586,1776414549.932000000,/odom.pose.pose.position.x,-0.9003339136646629
38.612,1776414549.958000000,/odom.pose.pose.position.x,-0.9039239768724349
38.623,1776414549.969000000,/odom.pose.pose.position.x,-0.9075498515865388
38.649,1776414549.995000000,/odom.pose.pose.position.x,-0.9112845690671834
38.663,1776414550.009000000,/odom.pose.pose.position.x,-0.9149009100276276
38.683,1776414550.029000000,/odom.pose.pose.position.x,-0.9187603630698669
38.714,1776414550.060000000,/odom.pose.pose.position.x,-0.9226391352227757
38.748,1776414550.094000000,/odom.pose.pose.position.x,-0.9267113639787083
38.749,1776414550.095000000,/odom.pose.pose.position.x,-0.9289413932727959
38.762,1776414550.108000000,/odom.pose.pose.position.x,-0.9347343876705687
38.782,1776414550.128000000,/odom.pose.pose.position.x,-0.9388261456413746
38.822,1776414550.168000000,/odom.pose.pose.position.x,-0.9429146110938592
38.823,1776414550.169000000,/odom.pose.pose.position.x,-0.9469947665562483
38.855,1776414550.201000000,/odom.pose.pose.position.x,-0.9509754435728436
38.888,1776414550.234000000,/odom.pose.pose.position.x,-0.9548100889736191
38.888,1776414550.234000000,/odom.pose.pose.position.x,-0.9590076943171514
38.905,1776414550.251000000,/odom.pose.pose.position.x,-0.9637451845003837
38.932,1776414550.278000000,/odom.pose.pose.position.x,-0.967428917835544
38.95,1776414550.296000000,/odom.pose.pose.position.x,-0.9716379882712363
38.962,1776414550.308000000,/odom.pose.pose.position.x,-0.9756824664594247
38.983,1776414550.329000000,/odom.pose.pose.position.x,-0.9798907049738241
39.013,1776414550.359000000,/odom.pose.pose.position.x,-0.9842096255197152
39.023,1776414550.369000000,/odom.pose.pose.position.x,-0.9885290372429181
39.046,1776414550.392000000,/odom.pose.pose.position.x,-0.9928556706523757
39.062,1776414550.408000000,/odom.pose.pose.position.x,-0.9969973500523344
39.084,1776414550.430000000,/odom.pose.pose.position.x,-1.0013231724485994
39.114,1776414550.460000000,/odom.pose.pose.position.x,-1.005644720781996
39.124,1776414550.470000000,/odom.pose.pose.position.x,-1.0097423543312505
39.15,1776414550.496000000,/odom.pose.pose.position.x,-1.0138315783250575
39.18,1776414550.526000000,/odom.pose.pose.position.x,-1.0178369838794519
39.184,1776414550.530000000,/odom.pose.pose.position.x,-1.0220292170446266
39.216,1776414550.562000000,/odom.pose.pose.position.x,-1.0263562714760945
39.226,1776414550.572000000,/odom.pose.pose.position.x,-1.030677287397492
39.25,1776414550.596000000,/odom.pose.pose.position.x,-1.0350032814431849
39.262,1776414550.608000000,/odom.pose.pose.position.x,-1.039132972986562
39.282,1776414550.628000000,/odom.pose.pose.position.x,-1.0434776173042484
39.317,1776414550.663000000,/odom.pose.pose.position.x,-1.0477803611411403
39.323,1776414550.669000000,/odom.pose.pose.position.x,-1.0525553778098375
39.348,1776414550.694000000,/odom.pose.pose.position.x,-1.0564445420051272
39.362,1776414550.708000000,/odom.pose.pose.position.x,-1.0605554221745515
39.387,1776414550.733000000,/odom.pose.pose.position.x,-1.064883863429921
39.416,1776414550.762000000,/odom.pose.pose.position.x,-1.0692068757921656
39.425,1776414550.771000000,/odom.pose.pose.position.x,-1.0737359321425664
39.454,1776414550.800000000,/odom.pose.pose.position.x,-1.0785608213536273
39.481,1776414550.827000000,/odom.pose.pose.position.x,-1.082487894813329
39.492,1776414550.838000000,/odom.pose.pose.position.x,-1.0871917670099025
39.514,1776414550.860000000,/odom.pose.pose.position.x,-1.0913628552426644
39.52,1776414550.866000000,/odom.pose.pose.position.x,-1.0957836776859449
39.561,1776414550.907000000,/odom.pose.pose.position.x,-1.0981863002813288
39.563,1776414550.909000000,/odom.pose.pose.position.x,-1.104408736289623
39.586,1776414550.932000000,/odom.pose.pose.position.x,-1.107339890526553
39.613,1776414550.959000000,/odom.pose.pose.position.x,-1.1097998738122214
39.62,1776414550.966000000,/odom.pose.pose.position.x,-1.1115646315076637
39.648,1776414550.994000000,/odom.pose.pose.position.x,-1.1129609571373107
39.662,1776414551.008000000,/odom.pose.pose.position.x,-1.1133640987219344
39.693,1776414551.039000000,/odom.pose.pose.position.x,-1.113802874226785
39.713,1776414551.059000000,/odom.pose.pose.position.x,-1.1097597246119522
39.726,1776414551.072000000,/odom.pose.pose.position.x,-1.1095548278645886
39.748,1776414551.094000000,/odom.pose.pose.position.x,-1.109543360573797
39.784,1776414551.130000000,/odom.pose.pose.position.x,-1.1095385348790023
39.785,1776414551.131000000,/odom.pose.pose.position.x,-1.109537944615127
39.821,1776414551.167000000,/odom.pose.pose.position.x,-1.1095350465925304
39.825,1776414551.171000000,/odom.pose.pose.position.x,-1.109531394483476
39.845,1776414551.191000000,/odom.pose.pose.position.x,-1.109527417260858
39.887,1776414551.233000000,/odom.pose.pose.position.x,-1.109522746613159
39.89,1776414551.236000000,/odom.pose.pose.position.x,-1.10951879594829
39.923,1776414551.269000000,/odom.pose.pose.position.x,-1.1095147737905675
39.923,1776414551.269000000,/odom.pose.pose.position.x,-1.1095109700722512
39.945,1776414551.291000000,/odom.pose.pose.position.x,-1.1095072242547925
39.993,1776414551.339000000,/odom.pose.pose.position.x,-1.1095033405234502
39.996,1776414551.342000000,/odom.pose.pose.position.x,-1.1094999132134862
40.022,1776414551.368000000,/odom.pose.pose.position.x,-1.1094964321597662
40.026,1776414551.372000000,/odom.pose.pose.position.x,-1.1094928988728632
40.062,1776414551.408000000,/odom.pose.pose.position.x,-1.109489756466909
40.066,1776414551.412000000,/odom.pose.pose.position.x,-1.1094865798323443
40.096,1776414551.442000000,/odom.pose.pose.position.x,-1.1094835458513086
40.105,1776414551.451000000,/odom.pose.pose.position.x,-1.109480373473362
40.148,1776414551.494000000,/odom.pose.pose.position.x,-1.1094775013339944
40.154,1776414551.500000000,/odom.pose.pose.position.x,-1.1094745935359422
40.187,1776414551.533000000,/odom.pose.pose.position.x,-1.1094717033735446
40.198,1776414551.544000000,/odom.pose.pose.position.x,-1.1094690209101676
40.209,1776414551.555000000,/odom.pose.pose.position.x,-1.1094659153028277
40.253,1776414551.599000000,/odom.pose.pose.position.x,-1.1094636973065706
40.256,1776414551.602000000,/odom.pose.pose.position.x,-1.1094611236678487
40.287,1776414551.633000000,/odom.pose.pose.position.x,-1.1094587414334058
40.288,1776414551.634000000,/odom.pose.pose.position.x,-1.1094563716967403
40.327,1776414551.673000000,/odom.pose.pose.position.x,-1.1094539793679838
40.327,1776414551.673000000,/odom.pose.pose.position.x,-1.1094517457304585
40.345,1776414551.691000000,/odom.pose.pose.position.x,-1.1094494401615282
40.399,1776414551.745000000,/odom.pose.pose.position.x,-1.1094477859052052
40.418,1776414551.764000000,/odom.pose.pose.position.x,-1.109445430436714
40.422,1776414551.768000000,/odom.pose.pose.position.x,-1.1094419441527523
40.425,1776414551.771000000,/odom.pose.pose.position.x,-1.109441173203029
40.449,1776414551.795000000,/odom.pose.pose.position.x,-1.109439208979401
40.463,1776414551.809000000,/odom.pose.pose.position.x,-1.1094381129364315
40.482,1776414551.828000000,/odom.pose.pose.position.x,-1.1094358052494964
40.516,1776414551.862000000,/odom.pose.pose.position.x,-1.1094336468419919
40.52,1776414551.866000000,/odom.pose.pose.position.x,-1.109431791791339
40.549,1776414551.895000000,/odom.pose.pose.position.x,-1.109430026798047
40.561,1776414551.907000000,/odom.pose.pose.position.x,-1.1094285771204153
40.585,1776414551.931000000,/odom.pose.pose.position.x,-1.1094268013194144
40.613,1776414551.959000000,/odom.pose.pose.position.x,-1.109423888783056
40.62,1776414551.966000000,/odom.pose.pose.position.x,-1.1094233272435758
40.647,1776414551.993000000,/odom.pose.pose.position.x,-1.1094217892939269
40.662,1776414552.008000000,/odom.pose.pose.position.x,-1.1094205530371455
40.693,1776414552.039000000,/odom.pose.pose.position.x,-1.1094188855819074
40.717,1776414552.063000000,/odom.pose.pose.position.x,-1.1094171958729337
40.724,1776414552.070000000,/odom.pose.pose.position.x,-1.1094157748339706
40.747,1776414552.093000000,/odom.pose.pose.position.x,-1.1094143376900265
40.763,1776414552.109000000,/odom.pose.pose.position.x,-1.1094135891734205
40.79,1776414552.136000000,/odom.pose.pose.position.x,-1.1094122065286114
40.816,1776414552.162000000,/odom.pose.pose.position.x,-1.1094087629015927
40.824,1776414552.170000000,/odom.pose.pose.position.x,-1.1094094688679472
40.849,1776414552.195000000,/odom.pose.pose.position.x,-1.1094082565140633
40.881,1776414552.227000000,/odom.pose.pose.position.x,-1.1094077835492882
40.892,1776414552.238000000,/odom.pose.pose.position.x,-1.109406320659462
40.914,1776414552.260000000,/odom.pose.pose.position.x,-1.1094049077359365
40.926,1776414552.272000000,/odom.pose.pose.position.x,-1.1094038432176239
40.948,1776414552.294000000,/odom.pose.pose.position.x,-1.1094028005200618
40.979,1776414552.325000000,/odom.pose.pose.position.x,-1.1094026881906638
40.995,1776414552.341000000,/odom.pose.pose.position.x,-1.109401115524107
41.013,1776414552.359000000,/odom.pose.pose.position.x,-1.1093998299324548
41.025,1776414552.371000000,/odom.pose.pose.position.x,-1.1093988143771707
41.049,1776414552.395000000,/odom.pose.pose.position.x,-1.1093978381069534
41.078,1776414552.424000000,/odom.pose.pose.position.x,-1.1093975344650402
41.093,1776414552.439000000,/odom.pose.pose.position.x,-1.1093961775377745
41.114,1776414552.460000000,/odom.pose.pose.position.x,-1.1093930755001353
41.125,1776414552.471000000,/odom.pose.pose.position.x,-1.1093940838106693
41.148,1776414552.494000000,/odom.pose.pose.position.x,-1.109393203030888
41.164,1776414552.510000000,/odom.pose.pose.position.x,-1.1093926882750094
41.19,1776414552.536000000,/odom.pose.pose.position.x,-1.1093919661865044
41.213,1776414552.559000000,/odom.pose.pose.position.x,-1.1093911090275068
41.221,1776414552.567000000,/odom.pose.pose.position.x,-1.1093904487762505
41.251,1776414552.597000000,/odom.pose.pose.position.x,-1.1093896684292581
41.282,1776414552.628000000,/odom.pose.pose.position.x,-1.1093891955869088
41.286,1776414552.632000000,/odom.pose.pose.position.x,-1.1093885617196377
41.317,1776414552.663000000,/odom.pose.pose.position.x,-1.1093879991116808
41.324,1776414552.670000000,/odom.pose.pose.position.x,-1.1093873254306459
41.348,1776414552.694000000,/odom.pose.pose.position.x,-1.1093866820935057
41.362,1776414552.708000000,/odom.pose.pose.position.x,-1.109386377998544
41.385,1776414552.731000000,/odom.pose.pose.position.x,-1.1093858359264834
41.414,1776414552.760000000,/odom.pose.pose.position.x,-1.1093850395361722
41.424,1776414552.770000000,/odom.pose.pose.position.x,-1.1093846386366573
41.451,1776414552.797000000,/odom.pose.pose.position.x,-1.109384204356783
41.462,1776414552.808000000,/odom.pose.pose.position.x,-1.109383887880692
41.484,1776414552.830000000,/odom.pose.pose.position.x,-1.1093833160180535
41.515,1776414552.861000000,/odom.pose.pose.position.x,-1.1093829828487656
41.519,1776414552.865000000,/odom.pose.pose.position.x,-1.109382442780864
41.549,1776414552.895000000,/odom.pose.pose.position.x,-1.109382389714127
41.563,1776414552.909000000,/odom.pose.pose.position.x,-1.1093817383776403
41.583,1776414552.929000000,/odom.pose.pose.position.x,-1.1093812466802047
41.615,1776414552.961000000,/odom.pose.pose.position.x,-1.1093808362785353
41.622,1776414552.968000000,/odom.pose.pose.position.x,-1.1093803694886815
41.649,1776414552.995000000,/odom.pose.pose.position.x,-1.1093799439960987
41.679,1776414553.025000000,/odom.pose.pose.position.x,-1.1093795660635397
41.686,1776414553.032000000,/odom.pose.pose.position.x,-1.109379121356907
41.714,1776414553.060000000,/odom.pose.pose.position.x,-1.1093786462135726
41.724,1776414553.070000000,/odom.pose.pose.position.x,-1.1093783374617403
41.748,1776414553.094000000,/odom.pose.pose.position.x,-1.109377886188269
41.762,1776414553.108000000,/odom.pose.pose.position.x,-1.1093776271730595
41.784,1776414553.130000000,/odom.pose.pose.position.x,-1.1093772888920068
41.82,1776414553.166000000,/odom.pose.pose.position.x,-1.109376949105809
41.829,1776414553.175000000,/odom.pose.pose.position.x,-1.1093763792208458
41.848,1776414553.194000000,/odom.pose.pose.position.x,-1.1093762791256725
41.863,1776414553.209000000,/odom.pose.pose.position.x,-1.1093760616710862
41.886,1776414553.232000000,/odom.pose.pose.position.x,-1.109375738972054
41.916,1776414553.262000000,/odom.pose.pose.position.x,-1.1093754406371155
41.926,1776414553.272000000,/odom.pose.pose.position.x,-1.1093751251610173
41.954,1776414553.300000000,/odom.pose.pose.position.x,-1.109374815073111
41.977,1776414553.323000000,/odom.pose.pose.position.x,-1.1093746117116563
42.026,1776414553.372000000,/odom.pose.pose.position.x,-1.1093744300596258
42.026,1776414553.372000000,/odom.pose.pose.position.x,-1.1093740738006823
42.066,1776414553.412000000,/odom.pose.pose.position.x,-1.1093738445290497
42.075,1776414553.421000000,/odom.pose.pose.position.x,-1.1093736548938535
42.075,1776414553.421000000,/odom.pose.pose.position.x,-1.1093734654142302
42.1,1776414553.446000000,/odom.pose.pose.position.x,-1.1093732295887584
42.165,1776414553.511000000,/odom.pose.pose.position.x,-1.1093729356526523
42.165,1776414553.511000000,/odom.pose.pose.position.x,-1.10937268577057
42.204,1776414553.550000000,/odom.pose.pose.position.x,-1.1093724377326775
42.204,1776414553.550000000,/odom.pose.pose.position.x,-1.1093720933978188
42.205,1776414553.551000000,/odom.pose.pose.position.x,-1.1093719042638137
42.205,1776414553.551000000,/odom.pose.pose.position.x,-1.1093716558710764
42.222,1776414553.568000000,/odom.pose.pose.position.x,-1.1093714325116593
42.241,1776414553.587000000,/odom.pose.pose.position.x,-1.1093712697509215
42.282,1776414553.628000000,/odom.pose.pose.position.x,-1.1093710309822076
42.295,1776414553.641000000,/odom.pose.pose.position.x,-1.1093708994387481
42.321,1776414553.667000000,/odom.pose.pose.position.x,-1.1093707106629256
42.328,1776414553.674000000,/odom.pose.pose.position.x,-1.109370511272441
42.359,1776414553.705000000,/odom.pose.pose.position.x,-1.1093703520461902
42.364,1776414553.710000000,/odom.pose.pose.position.x,-1.1093702086972985
42.404,1776414553.750000000,/odom.pose.pose.position.x,-1.1093700638793784
42.437,1776414553.783000000,/odom.pose.pose.position.x,-1.1093698677783232
42.437,1776414553.783000000,/odom.pose.pose.position.x,-1.1093696866643588
42.448,1776414553.794000000,/odom.pose.pose.position.x,-1.109369532103877
42.494,1776414553.840000000,/odom.pose.pose.position.x,-1.109369208237747
42.494,1776414553.840000000,/odom.pose.pose.position.x,-1.1093690997653602
42.658,1776414554.004000000,/odom.pose.pose.position.x,-1.1093689346758357
42.662,1776414554.008000000,/odom.pose.pose.position.x,-1.1093693484559288
42.662,1776414554.008000000,/odom.pose.pose.position.x,-1.1093690494680075
42.662,1776414554.008000000,/odom.pose.pose.position.x,-1.1093689100273538
42.662,1776414554.008000000,/odom.pose.pose.position.x,-1.1093689634496715
42.662,1776414554.008000000,/odom.pose.pose.position.x,-1.1093688560003596
42.662,1776414554.008000000,/odom.pose.pose.position.x,-1.109368591985566
42.662,1776414554.008000000,/odom.pose.pose.position.x,-1.1093684675908746
42.663,1776414554.009000000,/odom.pose.pose.position.x,-1.1093684277873779
42.682,1776414554.028000000,/odom.pose.pose.position.x,-1.1093683397485012
42.71,1776414554.056000000,/odom.pose.pose.position.x,-1.1093681980683128
42.746,1776414554.092000000,/odom.pose.pose.position.x,-1.1093680533220194
42.765,1776414554.111000000,/odom.pose.pose.position.x,-1.109367962497312
42.765,1776414554.111000000,/odom.pose.pose.position.x,-1.109367716609105
42.785,1776414554.131000000,/odom.pose.pose.position.x,-1.1093676563244728
42.811,1776414554.157000000,/odom.pose.pose.position.x,-1.1093675321789522
42.851,1776414554.197000000,/odom.pose.pose.position.x,-1.1093674147734027
42.852,1776414554.198000000,/odom.pose.pose.position.x,-1.109367334204732
42.863,1776414554.209000000,/odom.pose.pose.position.x,-1.1093674339391373
42.887,1776414554.233000000,/odom.pose.pose.position.x,-1.1093673385727276
42.916,1776414554.262000000,/odom.pose.pose.position.x,-1.1093672144978994
42.95,1776414554.296000000,/odom.pose.pose.position.x,-1.1093671894463577
42.952,1776414554.298000000,/odom.pose.pose.position.x,-1.1093670601957262
42.963,1776414554.309000000,/odom.pose.pose.position.x,-1.1093668767395883
42.986,1776414554.332000000,/odom.pose.pose.position.x,-1.1093670482118356
43.016,1776414554.362000000,/odom.pose.pose.position.x,-1.1093669604777248
43.027,1776414554.373000000,/odom.pose.pose.position.x,-1.1093668719931247
43.052,1776414554.398000000,/odom.pose.pose.position.x,-1.109366792519583
43.062,1776414554.408000000,/odom.pose.pose.position.x,-1.1093663241526068
43.089,1776414554.435000000,/odom.pose.pose.position.x,-1.109366569248429
43.118,1776414554.464000000,/odom.pose.pose.position.x,-1.1093664679084323
43.126,1776414554.472000000,/odom.pose.pose.position.x,-1.109366382151405
43.154,1776414554.500000000,/odom.pose.pose.position.x,-1.1093663260038062
43.164,1776414554.510000000,/odom.pose.pose.position.x,-1.1093659455640992
43.187,1776414554.533000000,/odom.pose.pose.position.x,-1.1093662203169397
43.217,1776414554.563000000,/odom.pose.pose.position.x,-1.1093661842250124
43.223,1776414554.569000000,/odom.pose.pose.position.x,-1.1093661027500723
43.255,1776414554.601000000,/odom.pose.pose.position.x,-1.1093660742740281
43.286,1776414554.632000000,/odom.pose.pose.position.x,-1.109365841916969
43.286,1776414554.632000000,/odom.pose.pose.position.x,-1.1093660331653084
43.331,1776414554.677000000,/odom.pose.pose.position.x,-1.1093659439343841
43.331,1776414554.677000000,/odom.pose.pose.position.x,-1.1093660284907498
43.405,1776414554.751000000,/odom.pose.pose.position.x,-1.1093658731435085
43.405,1776414554.751000000,/odom.pose.pose.position.x,-1.1093652749518776
43.418,1776414554.764000000,/odom.pose.pose.position.x,-1.1093656701571135
43.421,1776414554.767000000,/odom.pose.pose.position.x,-1.1093656054619114
43.427,1776414554.773000000,/odom.pose.pose.position.x,-1.1093657008944593
43.455,1776414554.801000000,/odom.pose.pose.position.x,-1.1093655303680559
43.47,1776414554.816000000,/odom.pose.pose.position.x,-1.1093648887812102
43.498,1776414554.844000000,/odom.pose.pose.position.x,-1.1093652842574122
43.519,1776414554.865000000,/odom.pose.pose.position.x,-1.1093652181762936
43.526,1776414554.872000000,/odom.pose.pose.position.x,-1.1093653603836497
43.549,1776414554.895000000,/odom.pose.pose.position.x,-1.1093651948334051
43.584,1776414554.930000000,/odom.pose.pose.position.x,-1.1093650530287245
43.596000000000004,1776414554.942000000,/odom.pose.pose.position.x,-1.1093650202057117
43.618,1776414554.964000000,/odom.pose.pose.position.x,-1.1093649767213754
43.625,1776414554.971000000,/odom.pose.pose.position.x,-1.1093650899798644
43.658,1776414555.004000000,/odom.pose.pose.position.x,-1.1093649600293936
43.66,1776414555.006000000,/odom.pose.pose.position.x,-1.1093643408656149
43.686,1776414555.032000000,/odom.pose.pose.position.x,-1.1093647943012233
43.717,1776414555.063000000,/odom.pose.pose.position.x,-1.1093647345907196
43.725,1776414555.071000000,/odom.pose.pose.position.x,-1.1093648585624483
43.754,1776414555.100000000,/odom.pose.pose.position.x,-1.1093647042763877
43.764,1776414555.110000000,/odom.pose.pose.position.x,-1.1093640678651158
43.788,1776414555.134000000,/odom.pose.pose.position.x,-1.1093644969349783
43.822,1776414555.168000000,/odom.pose.pose.position.x,-1.109364457435308
43.827,1776414555.173000000,/odom.pose.pose.position.x,-1.109364450807822
43.864,1776414555.210000000,/odom.pose.pose.position.x,-1.1093644279866606
43.882,1776414555.228000000,/odom.pose.pose.position.x,-1.1093641532611176
43.915,1776414555.261000000,/odom.pose.pose.position.x,-1.109364147113903
43.918,1776414555.264000000,/odom.pose.pose.position.x,-1.1093641213079901
43.928,1776414555.274000000,/odom.pose.pose.position.x,-1.1093639041180865
43.95,1776414555.296000000,/odom.pose.pose.position.x,-1.1093641509677117
43.986,1776414555.332000000,/odom.pose.pose.position.x,-1.109251446672368
43.987,1776414555.333000000,/odom.pose.pose.position.x,-1.1090233873629431
44.014,1776414555.360000000,/odom.pose.pose.position.x,-1.1081009700809616
44.025,1776414555.371000000,/odom.pose.pose.position.x,-1.10668032353587
44.049,1776414555.395000000,/odom.pose.pose.position.x,-1.1042847588379883
44.081,1776414555.427000000,/odom.pose.pose.position.x,-1.1013206315177582
44.087,1776414555.433000000,/odom.pose.pose.position.x,-1.0977459792244402
44.116,1776414555.462000000,/odom.pose.pose.position.x,-1.0934233747102289
44.15,1776414555.496000000,/odom.pose.pose.position.x,-1.088661176144833
44.15,1776414555.496000000,/odom.pose.pose.position.x,-1.0832578554860477
44.185,1776414555.531000000,/odom.pose.pose.position.x,-1.077906702878453
44.185,1776414555.531000000,/odom.pose.pose.position.x,-1.0738407454013454
44.214,1776414555.560000000,/odom.pose.pose.position.x,-1.0690549291924374
44.226,1776414555.572000000,/odom.pose.pose.position.x,-1.0647744956136165
44.25,1776414555.596000000,/odom.pose.pose.position.x,-1.0597325333958691
44.28,1776414555.626000000,/odom.pose.pose.position.x,-1.057765412708929
44.285,1776414555.631000000,/odom.pose.pose.position.x,-1.053092192842749
44.316,1776414555.662000000,/odom.pose.pose.position.x,-1.0481800393112506
44.325,1776414555.671000000,/odom.pose.pose.position.x,-1.0429970098253516
44.346,1776414555.692000000,/odom.pose.pose.position.x,-1.0375431945498554
44.385,1776414555.731000000,/odom.pose.pose.position.x,-1.037337411751299
44.387,1776414555.733000000,/odom.pose.pose.position.x,-1.0321948423091034
44.416,1776414555.762000000,/odom.pose.pose.position.x,-1.0262184799880212
44.425,1776414555.771000000,/odom.pose.pose.position.x,-1.019845814692595
44.449,1776414555.795000000,/odom.pose.pose.position.x,-1.01308122933505
44.481,1776414555.827000000,/odom.pose.pose.position.x,-1.0143524106985782
44.491,1776414555.837000000,/odom.pose.pose.position.x,-1.00723422080166
44.516,1776414555.862000000,/odom.pose.pose.position.x,-0.9997296785587024
44.523,1776414555.869000000,/odom.pose.pose.position.x,-0.9912732636516044
44.553,1776414555.899000000,/odom.pose.pose.position.x,-0.984105936564908
44.581,1776414555.927000000,/odom.pose.pose.position.x,-0.9848288956254775
44.587,1776414555.933000000,/odom.pose.pose.position.x,-0.9770437808302729
44.616,1776414555.962000000,/odom.pose.pose.position.x,-0.9687149560329837
44.625,1776414555.971000000,/odom.pose.pose.position.x,-0.9622371335849023
44.648,1776414555.994000000,/odom.pose.pose.position.x,-0.9556366638765714
44.694,1776414556.040000000,/odom.pose.pose.position.x,-0.9605047940676216
44.694,1776414556.040000000,/odom.pose.pose.position.x,-0.9568703377229247
44.734,1776414556.080000000,/odom.pose.pose.position.x,-0.9542517884671692
44.734,1776414556.080000000,/odom.pose.pose.position.x,-0.9524653573502367
44.77,1776414556.116000000,/odom.pose.pose.position.x,-0.9534664514562599
44.794,1776414556.140000000,/odom.pose.pose.position.x,-0.9572730800273499
44.796,1776414556.142000000,/odom.pose.pose.position.x,-0.9572666199957024
44.862,1776414556.208000000,/odom.pose.pose.position.x,-0.9576117995018938
44.862,1776414556.208000000,/odom.pose.pose.position.x,-0.9586137312239434
44.863,1776414556.209000000,/odom.pose.pose.position.x,-0.9596349797718631
44.936,1776414556.282000000,/odom.pose.pose.position.x,-0.962054548452352
44.936,1776414556.282000000,/odom.pose.pose.position.x,-0.9626443433656046
44.955,1776414556.301000000,/odom.pose.pose.position.x,-0.9620239430221403
44.955,1776414556.301000000,/odom.pose.pose.position.x,-0.9612014616747379
44.957,1776414556.303000000,/odom.pose.pose.position.x,-0.9607201521281427
44.963,1776414556.309000000,/odom.pose.pose.position.x,-0.9593501275051362
45.001,1776414556.347000000,/odom.pose.pose.position.x,-0.9571525913993661
45.005,1776414556.351000000,/odom.pose.pose.position.x,-0.953815255607729
45.042,1776414556.388000000,/odom.pose.pose.position.x,-0.9498597614625011
45.11,1776414556.456000000,/odom.pose.pose.position.x,-0.9453767263132663
45.11,1776414556.456000000,/odom.pose.pose.position.x,-0.9418448111553966
45.113,1776414556.459000000,/odom.pose.pose.position.x,-0.9355800441363006
45.113,1776414556.459000000,/odom.pose.pose.position.x,-0.9288291878370464
45.125,1776414556.471000000,/odom.pose.pose.position.x,-0.9214993828184739
45.148,1776414556.494000000,/odom.pose.pose.position.x,-0.9139275184621312
45.184,1776414556.530000000,/odom.pose.pose.position.x,-0.9090244798293062
45.186,1776414556.532000000,/odom.pose.pose.position.x,-0.9010524506907565
45.218,1776414556.564000000,/odom.pose.pose.position.x,-0.892650316306183
45.224,1776414556.570000000,/odom.pose.pose.position.x,-0.8852163480150356
45.25,1776414556.596000000,/odom.pose.pose.position.x,-0.8773853493728243
45.282,1776414556.628000000,/odom.pose.pose.position.x,-0.872258378489108
45.286,1776414556.632000000,/odom.pose.pose.position.x,-0.8642981088334581
45.318,1776414556.664000000,/odom.pose.pose.position.x,-0.8562865367399003
45.325,1776414556.671000000,/odom.pose.pose.position.x,-0.8484478372531293
45.351,1776414556.697000000,/odom.pose.pose.position.x,-0.8406887590339653
45.379,1776414556.725000000,/odom.pose.pose.position.x,-0.8351942338598654
45.392,1776414556.738000000,/odom.pose.pose.position.x,-0.8276238822746861
45.413,1776414556.759000000,/odom.pose.pose.position.x,-0.8201432194103421
45.427,1776414556.773000000,/odom.pose.pose.position.x,-0.8126837081557704
45.457,1776414556.803000000,/odom.pose.pose.position.x,-0.8052565903388363
45.484,1776414556.830000000,/odom.pose.pose.position.x,-0.7991827281106826
45.49,1776414556.836000000,/odom.pose.pose.position.x,-0.7917337744428515
45.516,1776414556.862000000,/odom.pose.pose.position.x,-0.7843526327890248
45.525,1776414556.871000000,/odom.pose.pose.position.x,-0.7771613741170684
45.552,1776414556.898000000,/odom.pose.pose.position.x,-0.7734445943932786
45.582,1776414556.928000000,/odom.pose.pose.position.x,-0.7637481464651811
45.588,1776414556.934000000,/odom.pose.pose.position.x,-0.7566138557916393
45.614,1776414556.960000000,/odom.pose.pose.position.x,-0.7494701592677148
45.625,1776414556.971000000,/odom.pose.pose.position.x,-0.742301345950161
45.652,1776414556.998000000,/odom.pose.pose.position.x,-0.7347947543961532
45.664,1776414557.010000000,/odom.pose.pose.position.x,-0.7286987737308708
45.687,1776414557.033000000,/odom.pose.pose.position.x,-0.7214363754134101
45.717,1776414557.063000000,/odom.pose.pose.position.x,-0.7141501066770439
45.722,1776414557.068000000,/odom.pose.pose.position.x,-0.7069735626407517
45.756,1776414557.102000000,/odom.pose.pose.position.x,-0.6998112631128013
45.785,1776414557.131000000,/odom.pose.pose.position.x,-0.6933667424600708
45.789,1776414557.135000000,/odom.pose.pose.position.x,-0.686223802056513
45.815,1776414557.161000000,/odom.pose.pose.position.x,-0.6791859402007205
45.824,1776414557.170000000,/odom.pose.pose.position.x,-0.6721741516542642
45.85,1776414557.196000000,/odom.pose.pose.position.x,-0.6647513547865135
45.863,1776414557.209000000,/odom.pose.pose.position.x,-0.6589714099216328
45.891,1776414557.237000000,/odom.pose.pose.position.x,-0.6520482506346168
45.915,1776414557.261000000,/odom.pose.pose.position.x,-0.6451131784406416
45.925,1776414557.271000000,/odom.pose.pose.position.x,-0.638191072313625
45.947,1776414557.293000000,/odom.pose.pose.position.x,-0.6310578197862625
45.979,1776414557.325000000,/odom.pose.pose.position.x,-0.6252888455140956
45.991,1776414557.337000000,/odom.pose.pose.position.x,-0.6183675223583044
46.015,1776414557.361000000,/odom.pose.pose.position.x,-0.6114478424236757
46.025,1776414557.371000000,/odom.pose.pose.position.x,-0.6045191054390867
46.047,1776414557.393000000,/odom.pose.pose.position.x,-0.5975744287714232
46.062,1776414557.408000000,/odom.pose.pose.position.x,-0.5913660795779697
46.085,1776414557.431000000,/odom.pose.pose.position.x,-0.5844562370050777
46.124,1776414557.470000000,/odom.pose.pose.position.x,-0.577536879222109
46.124,1776414557.470000000,/odom.pose.pose.position.x,-0.5706354799015687
46.156,1776414557.502000000,/odom.pose.pose.position.x,-0.5634017689427853
46.162,1776414557.508000000,/odom.pose.pose.position.x,-0.5575231584465292
46.189,1776414557.535000000,/odom.pose.pose.position.x,-0.5506192684867245
46.223,1776414557.569000000,/odom.pose.pose.position.x,-0.5437063343595502
46.249,1776414557.595000000,/odom.pose.pose.position.x,-0.5370536247717859
46.255,1776414557.601000000,/odom.pose.pose.position.x,-0.5304926855669659
46.287,1776414557.633000000,/odom.pose.pose.position.x,-0.5246970441007319
46.288,1776414557.634000000,/odom.pose.pose.position.x,-0.5183113883067356
46.318,1776414557.664000000,/odom.pose.pose.position.x,-0.511762403817499
46.325,1776414557.671000000,/odom.pose.pose.position.x,-0.5051875399921779
46.355,1776414557.701000000,/odom.pose.pose.position.x,-0.5018204706617895
46.381,1776414557.727000000,/odom.pose.pose.position.x,-0.49305972018086947
46.384,1776414557.730000000,/odom.pose.pose.position.x,-0.4866486963756125
46.419,1776414557.765000000,/odom.pose.pose.position.x,-0.4802289861158184
46.422,1776414557.768000000,/odom.pose.pose.position.x,-0.47365576536728143
46.448,1776414557.794000000,/odom.pose.pose.position.x,-0.4671039987284731
46.482,1776414557.828000000,/odom.pose.pose.position.x,-0.46126686330251054
46.49,1776414557.836000000,/odom.pose.pose.position.x,-0.45469587053349175
46.516,1776414557.862000000,/odom.pose.pose.position.x,-0.44808769234337026
46.522,1776414557.868000000,/odom.pose.pose.position.x,-0.44118019951185505
46.551,1776414557.897000000,/odom.pose.pose.position.x,-0.43486636319641875
46.563,1776414557.909000000,/odom.pose.pose.position.x,-0.4289750349921594
46.589,1776414557.935000000,/odom.pose.pose.position.x,-0.4223465320843311
46.617,1776414557.963000000,/odom.pose.pose.position.x,-0.415738476554936
46.626,1776414557.972000000,/odom.pose.pose.position.x,-0.4085906353601878
46.65,1776414557.996000000,/odom.pose.pose.position.x,-0.40276577742522307
46.663,1776414558.009000000,/odom.pose.pose.position.x,-0.3970079207995757
46.692,1776414558.038000000,/odom.pose.pose.position.x,-0.3905287622554662
46.722,1776414558.068000000,/odom.pose.pose.position.x,-0.3840577028511014
46.724,1776414558.070000000,/odom.pose.pose.position.x,-0.3776643125585988
46.751,1776414558.097000000,/odom.pose.pose.position.x,-0.3712706371075999
46.787,1776414558.133000000,/odom.pose.pose.position.x,-0.36579283670197105
46.79,1776414558.136000000,/odom.pose.pose.position.x,-0.359634276836266
46.817,1776414558.163000000,/odom.pose.pose.position.x,-0.3535044163215615
46.825,1776414558.171000000,/odom.pose.pose.position.x,-0.3473576553208767
46.851,1776414558.197000000,/odom.pose.pose.position.x,-0.3412465361073703
46.861,1776414558.207000000,/odom.pose.pose.position.x,-0.33575293735844003
46.885,1776414558.231000000,/odom.pose.pose.position.x,-0.3295023138111313
46.914,1776414558.260000000,/odom.pose.pose.position.x,-0.32321957583089633
46.95,1776414558.296000000,/odom.pose.pose.position.x,-0.31686230836779566
46.951,1776414558.297000000,/odom.pose.pose.position.x,-0.31051254884643137
46.962,1776414558.308000000,/odom.pose.pose.position.x,-0.3047056552201203
46.983,1776414558.329000000,/odom.pose.pose.position.x,-0.29820836856087285
47.014,1776414558.360000000,/odom.pose.pose.position.x,-0.2916902658468671
47.027,1776414558.373000000,/odom.pose.pose.position.x,-0.28522881004101264
47.049,1776414558.395000000,/odom.pose.pose.position.x,-0.27886136875048584
47.063,1776414558.409000000,/odom.pose.pose.position.x,-0.27324279207729135
47.085,1776414558.431000000,/odom.pose.pose.position.x,-0.26690158937712
47.118,1776414558.464000000,/odom.pose.pose.position.x,-0.2605622517185217
47.129,1776414558.475000000,/odom.pose.pose.position.x,-0.2542069993323104
47.155,1776414558.501000000,/odom.pose.pose.position.x,-0.25086384048133753
47.184,1776414558.530000000,/odom.pose.pose.position.x,-0.24225122173217176
47.186,1776414558.532000000,/odom.pose.pose.position.x,-0.23593364247034
47.22,1776414558.566000000,/odom.pose.pose.position.x,-0.22930672752114542
47.255,1776414558.601000000,/odom.pose.pose.position.x,-0.223728444690483
47.255,1776414558.601000000,/odom.pose.pose.position.x,-0.21710687256037958
47.292,1776414558.638000000,/odom.pose.pose.position.x,-0.21224947760167884
47.293,1776414558.639000000,/odom.pose.pose.position.x,-0.20676891586117224
47.32,1776414558.666000000,/odom.pose.pose.position.x,-0.2013967290494018
47.328,1776414558.674000000,/odom.pose.pose.position.x,-0.19725888888026819
47.352,1776414558.698000000,/odom.pose.pose.position.x,-0.19362129698178918
47.362,1776414558.708000000,/odom.pose.pose.position.x,-0.19191449997996013
47.394,1776414558.740000000,/odom.pose.pose.position.x,-0.19000949108369536
47.417,1776414558.763000000,/odom.pose.pose.position.x,-0.18890933699979365
47.428,1776414558.774000000,/odom.pose.pose.position.x,-0.18822369383062257
47.455,1776414558.801000000,/odom.pose.pose.position.x,-0.1880089757670116
47.484,1776414558.830000000,/odom.pose.pose.position.x,-0.18826629021199895
47.487,1776414558.833000000,/odom.pose.pose.position.x,-0.19143034029761902
47.517,1776414558.863000000,/odom.pose.pose.position.x,-0.19155947137982812
47.526,1776414558.872000000,/odom.pose.pose.position.x,-0.19155778923447836
47.548,1776414558.894000000,/odom.pose.pose.position.x,-0.19155649282694157
47.579,1776414558.925000000,/odom.pose.pose.position.x,-0.19156455771757722
47.583,1776414558.929000000,/odom.pose.pose.position.x,-0.1915727153803911
47.616,1776414558.962000000,/odom.pose.pose.position.x,-0.19158272114083538
47.622,1776414558.968000000,/odom.pose.pose.position.x,-0.19159370895444566
47.652,1776414558.998000000,/odom.pose.pose.position.x,-0.19160422292272475
47.685,1776414559.031000000,/odom.pose.pose.position.x,-0.19161502177291134
47.686,1776414559.032000000,/odom.pose.pose.position.x,-0.19162511208361718
47.716,1776414559.062000000,/odom.pose.pose.position.x,-0.1916353855101246
47.725,1776414559.071000000,/odom.pose.pose.position.x,-0.19164512568919512
47.75,1776414559.096000000,/odom.pose.pose.position.x,-0.19165453867920973
47.781,1776414559.127000000,/odom.pose.pose.position.x,-0.19166329002016091
47.786,1776414559.132000000,/odom.pose.pose.position.x,-0.19167210440125382
47.814,1776414559.160000000,/odom.pose.pose.position.x,-0.19168095533632185
47.825,1776414559.171000000,/odom.pose.pose.position.x,-0.19168969019953022
47.863,1776414559.209000000,/odom.pose.pose.position.x,-0.1916979703088717
47.88,1776414559.226000000,/odom.pose.pose.position.x,-0.19170623701757492
47.888,1776414559.234000000,/odom.pose.pose.position.x,-0.19171409873284567
47.917,1776414559.263000000,/odom.pose.pose.position.x,-0.1917221029678723
47.925,1776414559.271000000,/odom.pose.pose.position.x,-0.19172978143385008
47.952,1776414559.298000000,/odom.pose.pose.position.x,-0.19173707777285776
47.962,1776414559.308000000,/odom.pose.pose.position.x,-0.19174414594211214
47.985,1776414559.331000000,/odom.pose.pose.position.x,-0.1917508995636176
48.014,1776414559.360000000,/odom.pose.pose.position.x,-0.19175790235909834
48.025,1776414559.371000000,/odom.pose.pose.position.x,-0.19176466770447625
48.058,1776414559.404000000,/odom.pose.pose.position.x,-0.19177088618774954
48.06,1776414559.406000000,/odom.pose.pose.position.x,-0.19177659109110604
48.09,1776414559.436000000,/odom.pose.pose.position.x,-0.19178284780762989
48.117,1776414559.463000000,/odom.pose.pose.position.x,-0.19178901339866072
48.13,1776414559.476000000,/odom.pose.pose.position.x,-0.19179508837387896
48.152,1776414559.498000000,/odom.pose.pose.position.x,-0.19180079659071672
48.162,1776414559.508000000,/odom.pose.pose.position.x,-0.191806790494494
48.185,1776414559.531000000,/odom.pose.pose.position.x,-0.19181225025070395
48.218,1776414559.564000000,/odom.pose.pose.position.x,-0.19181752010500702
48.224,1776414559.570000000,/odom.pose.pose.position.x,-0.19182273524651763
48.26,1776414559.606000000,/odom.pose.pose.position.x,-0.19182783727967764
48.263,1776414559.609000000,/odom.pose.pose.position.x,-0.19183256172715163
48.287,1776414559.633000000,/odom.pose.pose.position.x,-0.19183727420981733
48.32,1776414559.666000000,/odom.pose.pose.position.x,-0.19184201741079432
48.325,1776414559.671000000,/odom.pose.pose.position.x,-0.19184666289090088
48.361,1776414559.707000000,/odom.pose.pose.position.x,-0.19185107187301603
48.362,1776414559.708000000,/odom.pose.pose.position.x,-0.19185485478001738
48.385,1776414559.731000000,/odom.pose.pose.position.x,-0.19185910609337964
48.417,1776414559.763000000,/odom.pose.pose.position.x,-0.1918633017511118
48.428,1776414559.774000000,/odom.pose.pose.position.x,-0.19186741785207842
48.449,1776414559.795000000,/odom.pose.pose.position.x,-0.19187129628393387
48.464,1776414559.810000000,/odom.pose.pose.position.x,-0.1918751869290237
48.485,1776414559.831000000,/odom.pose.pose.position.x,-0.19187791971914078
48.515,1776414559.861000000,/odom.pose.pose.position.x,-0.1918819559890229
48.525,1776414559.871000000,/odom.pose.pose.position.x,-0.19188565063713323
48.551,1776414559.897000000,/odom.pose.pose.position.x,-0.19188916753722463
48.582,1776414559.928000000,/odom.pose.pose.position.x,-0.19189287783481151
48.59,1776414559.936000000,/odom.pose.pose.position.x,-0.19189605927352787
48.617,1776414559.963000000,/odom.pose.pose.position.x,-0.19189928312459395
48.627,1776414559.973000000,/odom.pose.pose.position.x,-0.19190251555457177
48.649,1776414559.995000000,/odom.pose.pose.position.x,-0.19190556682139343
48.685,1776414560.031000000,/odom.pose.pose.position.x,-0.19190797634928466
48.688,1776414560.034000000,/odom.pose.pose.position.x,-0.1919107676228531
48.726,1776414560.072000000,/odom.pose.pose.position.x,-0.19191367011154384
48.729,1776414560.075000000,/odom.pose.pose.position.x,-0.1919165443810554
48.759,1776414560.105000000,/odom.pose.pose.position.x,-0.19191876231748703
48.783,1776414560.129000000,/odom.pose.pose.position.x,-0.19192218654289575
48.785,1776414560.131000000,/odom.pose.pose.position.x,-0.19192473981988717
48.818,1776414560.164000000,/odom.pose.pose.position.x,-0.19192742625413906
48.825,1776414560.171000000,/odom.pose.pose.position.x,-0.1919298883981825
48.853,1776414560.199000000,/odom.pose.pose.position.x,-0.1919322850533735
48.884,1776414560.230000000,/odom.pose.pose.position.x,-0.19193397015369548
48.893,1776414560.239000000,/odom.pose.pose.position.x,-0.1919361909133365
48.916,1776414560.262000000,/odom.pose.pose.position.x,-0.1919384796809686
48.926,1776414560.272000000,/odom.pose.pose.position.x,-0.19194065309048858
48.95,1776414560.296000000,/odom.pose.pose.position.x,-0.19194273134037637
48.962,1776414560.308000000,/odom.pose.pose.position.x,-0.19194441101253598
48.986,1776414560.332000000,/odom.pose.pose.position.x,-0.1919462695290643
49.013,1776414560.359000000,/odom.pose.pose.position.x,-0.1919482789090786
49.025,1776414560.371000000,/odom.pose.pose.position.x,-0.19195025142690822
49.051,1776414560.397000000,/odom.pose.pose.position.x,-0.19195181416498405
49.082,1776414560.428000000,/odom.pose.pose.position.x,-0.19195381649542453
49.085,1776414560.431000000,/odom.pose.pose.position.x,-0.19195559564239525
49.116,1776414560.462000000,/odom.pose.pose.position.x,-0.1919572790794024
49.125,1776414560.471000000,/odom.pose.pose.position.x,-0.1919590383963646
49.15,1776414560.496000000,/odom.pose.pose.position.x,-0.19196048979150585
49.164,1776414560.510000000,/odom.pose.pose.position.x,-0.1919620847751104
49.187,1776414560.533000000,/odom.pose.pose.position.x,-0.1919651138695451
49.217,1776414560.563000000,/odom.pose.pose.position.x,-0.19196495450222262
49.225,1776414560.571000000,/odom.pose.pose.position.x,-0.1919665340444521
49.251,1776414560.597000000,/odom.pose.pose.position.x,-0.19196794258853833
49.286,1776414560.632000000,/odom.pose.pose.position.x,-0.19196972290783307
49.287,1776414560.633000000,/odom.pose.pose.position.x,-0.19197135798370332
49.319,1776414560.665000000,/odom.pose.pose.position.x,-0.19197233073179287
49.351,1776414560.697000000,/odom.pose.pose.position.x,-0.1919736262364264
49.351,1776414560.697000000,/odom.pose.pose.position.x,-0.19197471332061783
49.363,1776414560.709000000,/odom.pose.pose.position.x,-0.19197573897361686
49.39,1776414560.736000000,/odom.pose.pose.position.x,-0.19197689807848944
49.42,1776414560.766000000,/odom.pose.pose.position.x,-0.1919781495523642
49.43,1776414560.776000000,/odom.pose.pose.position.x,-0.191979346863322
49.448,1776414560.794000000,/odom.pose.pose.position.x,-0.1919804479619711
49.486,1776414560.832000000,/odom.pose.pose.position.x,-0.19198186550383403
49.492,1776414560.838000000,/odom.pose.pose.position.x,-0.19198350568701317
49.522,1776414560.868000000,/odom.pose.pose.position.x,-0.191983953288865
49.559,1776414560.905000000,/odom.pose.pose.position.x,-0.19198491920867933
49.562,1776414560.908000000,/odom.pose.pose.position.x,-0.1919855528356471
49.591,1776414560.937000000,/odom.pose.pose.position.x,-0.19198696199985574
49.62,1776414560.966000000,/odom.pose.pose.position.x,-0.19198928234127427
49.626,1776414560.972000000,/odom.pose.pose.position.x,-0.19198896368513346
49.626,1776414560.972000000,/odom.pose.pose.position.x,-0.19198993260040975
49.652,1776414560.998000000,/odom.pose.pose.position.x,-0.19199078861184102
49.686,1776414561.032000000,/odom.pose.pose.position.x,-0.19199148218855808
49.716,1776414561.062000000,/odom.pose.pose.position.x,-0.19199323887360087
49.717,1776414561.063000000,/odom.pose.pose.position.x,-0.1919930968832411
49.728,1776414561.074000000,/odom.pose.pose.position.x,-0.19199393184495922
49.76,1776414561.106000000,/odom.pose.pose.position.x,-0.19199424556949787
49.762,1776414561.108000000,/odom.pose.pose.position.x,-0.19199533454195464
49.793,1776414561.139000000,/odom.pose.pose.position.x,-0.19199606758291304
49.819,1776414561.165000000,/odom.pose.pose.position.x,-0.1919968851163169
49.83,1776414561.176000000,/odom.pose.pose.position.x,-0.19199757707527465
49.85,1776414561.196000000,/odom.pose.pose.position.x,-0.19199783992112057
49.863,1776414561.209000000,/odom.pose.pose.position.x,-0.19199894548603694
49.886,1776414561.232000000,/odom.pose.pose.position.x,-0.19199965196754187
49.914,1776414561.260000000,/odom.pose.pose.position.x,-0.1920003641318605
49.929,1776414561.275000000,/odom.pose.pose.position.x,-0.1920008150355672
49.952,1776414561.298000000,/odom.pose.pose.position.x,-0.19200117459993463
49.98,1776414561.326000000,/odom.pose.pose.position.x,-0.192001990564543
49.987,1776414561.333000000,/odom.pose.pose.position.x,-0.19200388336885385
50.017,1776414561.363000000,/odom.pose.pose.position.x,-0.19200326711147825
50.02,1776414561.366000000,/odom.pose.pose.position.x,-0.1920038436626044
50.051,1776414561.397000000,/odom.pose.pose.position.x,-0.1920051786374433
50.084,1776414561.430000000,/odom.pose.pose.position.x,-0.19200476033736658
50.085,1776414561.431000000,/odom.pose.pose.position.x,-0.1920060527713045
50.119,1776414561.465000000,/odom.pose.pose.position.x,-0.192005566579817
50.127,1776414561.473000000,/odom.pose.pose.position.x,-0.19201700210842243
50.148,1776414561.494000000,/odom.pose.pose.position.x,-0.19188083243855242
50.182,1776414561.528000000,/odom.pose.pose.position.x,-0.19160920393318823
50.185,1776414561.531000000,/odom.pose.pose.position.x,-0.19119700352223776
50.214,1776414561.560000000,/odom.pose.pose.position.x,-0.1909600725178815
50.225,1776414561.571000000,/odom.pose.pose.position.x,-0.19069284380670382
50.251,1776414561.597000000,/odom.pose.pose.position.x,-0.19027989830881165
50.292,1776414561.638000000,/odom.pose.pose.position.x,-0.18989644005841078
50.298,1776414561.644000000,/odom.pose.pose.position.x,-0.18943757726354124
50.361,1776414561.707000000,/odom.pose.pose.position.x,-0.18899545924496616
50.361,1776414561.707000000,/odom.pose.pose.position.x,-0.18883652936996392
50.361,1776414561.707000000,/odom.pose.pose.position.x,-0.1887015243225003
50.381,1776414561.727000000,/odom.pose.pose.position.x,-0.18890693977257567
50.419,1776414561.765000000,/odom.pose.pose.position.x,-0.18912632392981943
50.42,1776414561.766000000,/odom.pose.pose.position.x,-0.18919433648810763
50.429,1776414561.775000000,/odom.pose.pose.position.x,-0.1891726128210732
50.452,1776414561.798000000,/odom.pose.pose.position.x,-0.18916289549623952
50.464,1776414561.810000000,/odom.pose.pose.position.x,-0.18916132366280486
50.493,1776414561.839000000,/odom.pose.pose.position.x,-0.189160322614714
50.518,1776414561.864000000,/odom.pose.pose.position.x,-0.18916029855961275
50.528,1776414561.874000000,/odom.pose.pose.position.x,-0.189160607985979
50.552,1776414561.898000000,/odom.pose.pose.position.x,-0.18916100082403298
50.58,1776414561.926000000,/odom.pose.pose.position.x,-0.18916137854192056
50.586,1776414561.932000000,/odom.pose.pose.position.x,-0.18916175612927957
50.614,1776414561.960000000,/odom.pose.pose.position.x,-0.18916220610491208
50.625,1776414561.971000000,/odom.pose.pose.position.x,-0.18916266426529862
50.647,1776414561.993000000,/odom.pose.pose.position.x,-0.189163063504482
50.663,1776414562.009000000,/odom.pose.pose.position.x,-0.18916341452677732
50.685,1776414562.031000000,/odom.pose.pose.position.x,-0.1891637596670725
50.717,1776414562.063000000,/odom.pose.pose.position.x,-0.1891641896161623
50.727,1776414562.073000000,/odom.pose.pose.position.x,-0.18916457169653647
50.749,1776414562.095000000,/odom.pose.pose.position.x,-0.1891454569668625
50.763,1776414562.109000000,/odom.pose.pose.position.x,-0.18904410628607807
50.785,1776414562.131000000,/odom.pose.pose.position.x,-0.18885609055702055
50.818,1776414562.164000000,/odom.pose.pose.position.x,-0.18868669565843688
50.825,1776414562.171000000,/odom.pose.pose.position.x,-0.18850098280158664
50.846000000000004,1776414562.192000000,/odom.pose.pose.position.x,-0.18812630814507963
50.881,1776414562.227000000,/odom.pose.pose.position.x,-0.1877338493003068
50.892,1776414562.238000000,/odom.pose.pose.position.x,-0.1873333786307846
50.916,1776414562.262000000,/odom.pose.pose.position.x,-0.18704696698391338
50.923,1776414562.269000000,/odom.pose.pose.position.x,-0.18681827019570388
50.952,1776414562.298000000,/odom.pose.pose.position.x,-0.18677438573930083
50.96,1776414562.306000000,/odom.pose.pose.position.x,-0.18673316216468003
50.986,1776414562.332000000,/odom.pose.pose.position.x,-0.18670863913869012
51.017,1776414562.363000000,/odom.pose.pose.position.x,-0.18664025224969885
51.026,1776414562.372000000,/odom.pose.pose.position.x,-0.18687144278809165
51.047,1776414562.393000000,/odom.pose.pose.position.x,-0.18685948620166448
51.062,1776414562.408000000,/odom.pose.pose.position.x,-0.18685343075748564
51.085,1776414562.431000000,/odom.pose.pose.position.x,-0.18684984724838752
51.114,1776414562.460000000,/odom.pose.pose.position.x,-0.18684875711136972
51.125,1776414562.471000000,/odom.pose.pose.position.x,-0.18684828487198096
51.152,1776414562.498000000,/odom.pose.pose.position.x,-0.18684843845672947
51.162,1776414562.508000000,/odom.pose.pose.position.x,-0.18684872391115656
51.189,1776414562.535000000,/odom.pose.pose.position.x,-0.18684885395797657
51.214,1776414562.560000000,/odom.pose.pose.position.x,-0.18684966341094889
51.225,1776414562.571000000,/odom.pose.pose.position.x,-0.1868493264780453
51.249,1776414562.595000000,/odom.pose.pose.position.x,-0.18684955517250826
51.278,1776414562.624000000,/odom.pose.pose.position.x,-0.1868225106833674
51.286,1776414562.632000000,/odom.pose.pose.position.x,-0.1867536090980617
51.319,1776414562.665000000,/odom.pose.pose.position.x,-0.18673941024650514
51.328,1776414562.674000000,/odom.pose.pose.position.x,-0.18674482223005343
51.354,1776414562.700000000,/odom.pose.pose.position.x,-0.1868874031646797
51.38,1776414562.726000000,/odom.pose.pose.position.x,-0.18711435314733735
51.389,1776414562.735000000,/odom.pose.pose.position.x,-0.18715009075360595
51.42,1776414562.766000000,/odom.pose.pose.position.x,-0.18722020658875635
51.422,1776414562.768000000,/odom.pose.pose.position.x,-0.18739592711118955
51.45,1776414562.796000000,/odom.pose.pose.position.x,-0.18759511951641036
51.483,1776414562.829000000,/odom.pose.pose.position.x,-0.1878943511707652
51.486,1776414562.832000000,/odom.pose.pose.position.x,-0.18817945632745975
51.519,1776414562.865000000,/odom.pose.pose.position.x,-0.18844959063182337
51.546,1776414562.892000000,/odom.pose.pose.position.x,-0.18782919853416807
51.548,1776414562.894000000,/odom.pose.pose.position.x,-0.18777870069598887
51.578,1776414562.924000000,/odom.pose.pose.position.x,-0.18777105484401238
51.582,1776414562.928000000,/odom.pose.pose.position.x,-0.18776894669908648
51.62,1776414562.966000000,/odom.pose.pose.position.x,-0.18776848766512844
51.627,1776414562.973000000,/odom.pose.pose.position.x,-0.18776882630328418
51.65,1776414562.996000000,/odom.pose.pose.position.x,-0.18776844981930627
51.665,1776414563.011000000,/odom.pose.pose.position.x,-0.18776856097874775
51.683,1776414563.029000000,/odom.pose.pose.position.x,-0.1877686056506005
51.714,1776414563.060000000,/odom.pose.pose.position.x,-0.18776866589044852
51.725,1776414563.071000000,/odom.pose.pose.position.x,-0.1877689147047506
51.748,1776414563.094000000,/odom.pose.pose.position.x,-0.18776878311715162
51.763,1776414563.109000000,/odom.pose.pose.position.x,-0.18776885689839187
51.796,1776414563.142000000,/odom.pose.pose.position.x,-0.18776869358654474
51.817,1776414563.163000000,/odom.pose.pose.position.x,-0.18776890837567067
51.824,1776414563.170000000,/odom.pose.pose.position.x,-0.1877690162294215
51.852,1776414563.198000000,/odom.pose.pose.position.x,-0.18776909661765687
51.886,1776414563.232000000,/odom.pose.pose.position.x,-0.18776908311823443
51.887,1776414563.233000000,/odom.pose.pose.position.x,-0.18776912239039006
51.927,1776414563.273000000,/odom.pose.pose.position.x,-0.18776919445495344
51.929,1776414563.275000000,/odom.pose.pose.position.x,-0.18776951081692814
51.958,1776414563.304000000,/odom.pose.pose.position.x,-0.18776919229130157
51.988,1776414563.334000000,/odom.pose.pose.position.x,-0.18776929274872886
51.989,1776414563.335000000,/odom.pose.pose.position.x,-0.18776929726235714
52.022,1776414563.368000000,/odom.pose.pose.position.x,-0.18776933657308165
52.028,1776414563.374000000,/odom.pose.pose.position.x,-0.1877695545225885
52.06,1776414563.406000000,/odom.pose.pose.position.x,-0.1877693772706858
52.085,1776414563.431000000,/odom.pose.pose.position.x,-0.18776937219850104
52.088,1776414563.434000000,/odom.pose.pose.position.x,-0.1877694025962551
52.118,1776414563.464000000,/odom.pose.pose.position.x,-0.18776943449574143
52.128,1776414563.474000000,/odom.pose.pose.position.x,-0.1877696479667476
52.152,1776414563.498000000,/odom.pose.pose.position.x,-0.18776949435631046
52.164,1776414563.510000000,/odom.pose.pose.position.x,-0.18776954578095573
52.186,1776414563.532000000,/odom.pose.pose.position.x,-0.18776945205922793
52.214,1776414563.560000000,/odom.pose.pose.position.x,-0.18776956489757982
52.225,1776414563.571000000,/odom.pose.pose.position.x,-0.1877699307366508
52.252,1776414563.598000000,/odom.pose.pose.position.x,-0.1877696798627322
52.262,1776414563.608000000,/odom.pose.pose.position.x,-0.18776970075866892
52.285,1776414563.631000000,/odom.pose.pose.position.x,-0.18776960230758025
52.316,1776414563.662000000,/odom.pose.pose.position.x,-0.18776972522031551
52.327,1776414563.673000000,/odom.pose.pose.position.x,-0.1877701600257901
52.354,1776414563.700000000,/odom.pose.pose.position.x,-0.18776984447895517
52.362,1776414563.708000000,/odom.pose.pose.position.x,-0.1877699011442141
52.391,1776414563.737000000,/odom.pose.pose.position.x,-0.1877699086017447
52.417,1776414563.763000000,/odom.pose.pose.position.x,-0.18776994199928543
52.427,1776414563.773000000,/odom.pose.pose.position.x,-0.1877699668223641
52.452,1776414563.798000000,/odom.pose.pose.position.x,-0.1877699839639978
52.462,1776414563.808000000,/odom.pose.pose.position.x,-0.187770034918976
52.483,1776414563.829000000,/odom.pose.pose.position.x,-0.1877700332900079
52.518,1776414563.864000000,/odom.pose.pose.position.x,-0.18777004146026108
52.527,1776414563.873000000,/odom.pose.pose.position.x,-0.18777004628941815
52.548,1776414563.894000000,/odom.pose.pose.position.x,-0.18777005531862687
52.562,1776414563.908000000,/odom.pose.pose.position.x,-0.18777004843188402
52.587,1776414563.933000000,/odom.pose.pose.position.x,-0.18776983749290352
52.615,1776414563.961000000,/odom.pose.pose.position.x,-0.18776991655268588
52.625,1776414563.971000000,/odom.pose.pose.position.x,-0.1877699789530191
52.649,1776414563.995000000,/odom.pose.pose.position.x,-0.18777001483070563
52.684,1776414564.030000000,/odom.pose.pose.position.x,-0.18777004403996428
52.686,1776414564.032000000,/odom.pose.pose.position.x,-0.1877700519181252
52.724,1776414564.070000000,/odom.pose.pose.position.x,-0.18777006814978683
52.726,1776414564.072000000,/odom.pose.pose.position.x,-0.18777009404859166
52.753,1776414564.099000000,/odom.pose.pose.position.x,-0.18777009060343836
52.783,1776414564.129000000,/odom.pose.pose.position.x,-0.18777010380532327
52.785,1776414564.131000000,/odom.pose.pose.position.x,-0.18777010963945526
52.818,1776414564.164000000,/odom.pose.pose.position.x,-0.18777013058781222
52.825,1776414564.171000000,/odom.pose.pose.position.x,-0.18777012742586444
52.852,1776414564.198000000,/odom.pose.pose.position.x,-0.1877701385650337
52.88,1776414564.226000000,/odom.pose.pose.position.x,-0.1877702017616041
52.886,1776414564.232000000,/odom.pose.pose.position.x,-0.1877702099653451
52.917,1776414564.263000000,/odom.pose.pose.position.x,-0.18777021352198445
52.93,1776414564.276000000,/odom.pose.pose.position.x,-0.18777023004434062
52.949,1776414564.295000000,/odom.pose.pose.position.x,-0.18777023795613895
52.983,1776414564.329000000,/odom.pose.pose.position.x,-0.18777016924666864
52.992,1776414564.338000000,/odom.pose.pose.position.x,-0.18777017273912866
53.015,1776414564.361000000,/odom.pose.pose.position.x,-0.18777018135924559
53.026,1776414564.372000000,/odom.pose.pose.position.x,-0.18777019163109146
53.049,1776414564.395000000,/odom.pose.pose.position.x,-0.1877702030117944
53.081,1776414564.427000000,/odom.pose.pose.position.x,-0.18777022119784362
53.092,1776414564.438000000,/odom.pose.pose.position.x,-0.18777022378582428
53.115,1776414564.461000000,/odom.pose.pose.position.x,-0.1877702362181649
53.127,1776414564.473000000,/odom.pose.pose.position.x,-0.18777024332055461
53.149,1776414564.495000000,/odom.pose.pose.position.x,-0.18777026206109718
53.181,1776414564.527000000,/odom.pose.pose.position.x,-0.1877702708769406
53.187,1776414564.533000000,/odom.pose.pose.position.x,-0.18777027029089174
53.215,1776414564.561000000,/odom.pose.pose.position.x,-0.18777026639037783
53.221,1776414564.567000000,/odom.pose.pose.position.x,-0.18777027916487202
53.247,1776414564.593000000,/odom.pose.pose.position.x,-0.18777029048364735
53.281,1776414564.627000000,/odom.pose.pose.position.x,-0.18777023404319537
53.285,1776414564.631000000,/odom.pose.pose.position.x,-0.18777023688152325
53.327,1776414564.673000000,/odom.pose.pose.position.x,-0.18777024874310927
53.327,1776414564.673000000,/odom.pose.pose.position.x,-0.18777025811881237
53.358,1776414564.704000000,/odom.pose.pose.position.x,-0.1877702662824011
53.362,1776414564.708000000,/odom.pose.pose.position.x,-0.1877702744734788
53.399,1776414564.745000000,/odom.pose.pose.position.x,-0.18777027619630485
53.434,1776414564.780000000,/odom.pose.pose.position.x,-0.1877702819835212
53.434,1776414564.780000000,/odom.pose.pose.position.x,-0.1877702898020501
53.461,1776414564.807000000,/odom.pose.pose.position.x,-0.18777029915043772
53.49,1776414564.836000000,/odom.pose.pose.position.x,-0.18777026032619754
53.492,1776414564.838000000,/odom.pose.pose.position.x,-0.18777026117221096
53.522,1776414564.868000000,/odom.pose.pose.position.x,-0.1877702694809761
53.526,1776414564.872000000,/odom.pose.pose.position.x,-0.1877702731078465
53.558,1776414564.904000000,/odom.pose.pose.position.x,-0.1877702684749883
53.565,1776414564.911000000,/odom.pose.pose.position.x,-0.18777037686385428
53.594,1776414564.940000000,/odom.pose.pose.position.x,-0.1877703858080403
53.63,1776414564.976000000,/odom.pose.pose.position.x,-0.18777038340073982
53.63,1776414564.976000000,/odom.pose.pose.position.x,-0.18777039048881083
53.663,1776414565.009000000,/odom.pose.pose.position.x,-0.18777039830625447
53.702,1776414565.048000000,/odom.pose.pose.position.x,-0.18777035508397288
53.702,1776414565.048000000,/odom.pose.pose.position.x,-0.1877703532603
53.729,1776414565.075000000,/odom.pose.pose.position.x,-0.18777036110013207
53.73,1776414565.076000000,/odom.pose.pose.position.x,-0.1877703600173267
53.763,1776414565.109000000,/odom.pose.pose.position.x,-0.1877703613707898
53.795,1776414565.141000000,/odom.pose.pose.position.x,-0.1877704848567453
53.795,1776414565.141000000,/odom.pose.pose.position.x,-0.18777048564121013
53.834,1776414565.180000000,/odom.pose.pose.position.x,-0.18777048747501068
53.834,1776414565.180000000,/odom.pose.pose.position.x,-0.18777048933451077
53.899,1776414565.245000000,/odom.pose.pose.position.x,-0.1877704964890404
53.925,1776414565.271000000,/odom.pose.pose.position.x,-0.18777053381241696
53.925,1776414565.271000000,/odom.pose.pose.position.x,-0.1877705327652024
53.928,1776414565.274000000,/odom.pose.pose.position.x,-0.18777053391763765
53.928,1776414565.274000000,/odom.pose.pose.position.x,-0.18777053248665454
53.961,1776414565.307000000,/odom.pose.pose.position.x,-0.18777053935461502
53.966,1776414565.312000000,/odom.pose.pose.position.x,-0.18777059744412963
54.019,1776414565.365000000,/odom.pose.pose.position.x,-0.1877706041548782
54.019,1776414565.365000000,/odom.pose.pose.position.x,-0.18777061106457787
54.051,1776414565.397000000,/odom.pose.pose.position.x,-0.18777061334711803
54.053,1776414565.399000000,/odom.pose.pose.position.x,-0.187770611308324
54.084,1776414565.430000000,/odom.pose.pose.position.x,-0.18777057990086823
54.095,1776414565.441000000,/odom.pose.pose.position.x,-0.1877705876562299
54.1,1776414565.446000000,/odom.pose.pose.position.x,-0.1877705917542209
54.126,1776414565.472000000,/odom.pose.pose.position.x,-0.1877705937741812
54.158,1776414565.504000000,/odom.pose.pose.position.x,-0.18777059434093932
54.163,1776414565.509000000,/odom.pose.pose.position.x,-0.18777055785603833
54.201,1776414565.547000000,/odom.pose.pose.position.x,-0.1877705593882651
54.237,1776414565.583000000,/odom.pose.pose.position.x,-0.18777056504721712
54.237,1776414565.583000000,/odom.pose.pose.position.x,-0.18777055978617443
54.297,1776414565.643000000,/odom.pose.pose.position.x,-0.18777057045947876
54.297,1776414565.643000000,/odom.pose.pose.position.x,-0.18777051693669197
54.301,1776414565.647000000,/odom.pose.pose.position.x,-0.18777051502849576
54.332,1776414565.678000000,/odom.pose.pose.position.x,-0.18777052054947838
54.332,1776414565.678000000,/odom.pose.pose.position.x,-0.1877705214086112
54.377,1776414565.723000000,/odom.pose.pose.position.x,-0.18777052825839655
54.405,1776414565.751000000,/odom.pose.pose.position.x,-0.18777053905715876
54.446,1776414565.792000000,/odom.pose.pose.position.x,-0.18777053966323903
54.446,1776414565.792000000,/odom.pose.pose.position.x,-0.18777054366242804
54.48,1776414565.826000000,/odom.pose.pose.position.x,-0.18777054663469675
54.48,1776414565.826000000,/odom.pose.pose.position.x,-0.18777055070277396
54.513,1776414565.859000000,/odom.pose.pose.position.x,-0.1877705442966673
54.547,1776414565.893000000,/odom.pose.pose.position.x,-0.18777054834744653
54.547,1776414565.893000000,/odom.pose.pose.position.x,-0.1877705389788585
54.578,1776414565.924000000,/odom.pose.pose.position.x,-0.18777054149722877
54.578,1776414565.924000000,/odom.pose.pose.position.x,-0.1877705435400314
54.604,1776414565.950000000,/odom.pose.pose.position.x,-0.18777033813625496
54.618,1776414565.964000000,/odom.pose.pose.position.x,-0.18777034985727645
54.642,1776414565.988000000,/odom.pose.pose.position.x,-0.18777033646810884
54.671,1776414566.017000000,/odom.pose.pose.position.x,-0.1877703381581583
54.678,1776414566.024000000,/odom.pose.pose.position.x,-0.187770341974026
54.697,1776414566.043000000,/odom.pose.pose.position.x,-0.18777065705825696
54.7,1776414566.046000000,/odom.pose.pose.position.x,-0.18777069533375168
54.732,1776414566.078000000,/odom.pose.pose.position.x,-0.18777066332088854
54.758,1776414566.104000000,/odom.pose.pose.position.x,-0.1877706666819181
54.76,1776414566.106000000,/odom.pose.pose.position.x,-0.1877706552908134
54.786,1776414566.132000000,/odom.pose.pose.position.x,-0.18777065149148076
54.787,1776414566.133000000,/odom.pose.pose.position.x,-0.18777065667709966
54.821,1776414566.167000000,/odom.pose.pose.position.x,-0.18777065857744782
54.827,1776414566.173000000,/odom.pose.pose.position.x,-0.18777065949011618
54.852,1776414566.198000000,/odom.pose.pose.position.x,-0.18777064426006368
54.862,1776414566.208000000,/odom.pose.pose.position.x,-0.18777042155151139
54.884,1776414566.230000000,/odom.pose.pose.position.x,-0.18777042685554393
54.919,1776414566.265000000,/odom.pose.pose.position.x,-0.1877704312398583
54.927,1776414566.273000000,/odom.pose.pose.position.x,-0.18777043163758467
54.953,1776414566.299000000,/odom.pose.pose.position.x,-0.18777042009885286
55.02,1776414566.366000000,/odom.pose.pose.position.x,-0.1877707311210383
55.023,1776414566.369000000,/odom.pose.pose.position.x,-0.18777077596477307
55.023,1776414566.369000000,/odom.pose.pose.position.x,-0.1877707425251761
55.027,1776414566.373000000,/odom.pose.pose.position.x,-0.1877707454134321
55.05,1776414566.396000000,/odom.pose.pose.position.x,-0.18777072735639425
55.061,1776414566.407000000,/odom.pose.pose.position.x,-0.1877705795157747
55.086,1776414566.432000000,/odom.pose.pose.position.x,-0.18777058664466417
55.121,1776414566.467000000,/odom.pose.pose.position.x,-0.18777059067871993
55.123,1776414566.469000000,/odom.pose.pose.position.x,-0.18777059167770288
55.152,1776414566.498000000,/odom.pose.pose.position.x,-0.187770575757519
55.184,1776414566.530000000,/odom.pose.pose.position.x,-0.187770721353557
55.188,1776414566.534000000,/odom.pose.pose.position.x,-0.1877707753103643
55.22,1776414566.566000000,/odom.pose.pose.position.x,-0.18777073454099424
55.228,1776414566.574000000,/odom.pose.pose.position.x,-0.18777073809346526
55.26,1776414566.606000000,/odom.pose.pose.position.x,-0.1877707150655303
55.266,1776414566.612000000,/odom.pose.pose.position.x,-0.18777061614913276
55.296,1776414566.642000000,/odom.pose.pose.position.x,-0.1877706758691584
55.325,1776414566.671000000,/odom.pose.pose.position.x,-0.18777062262994668
55.326,1776414566.672000000,/odom.pose.pose.position.x,-0.18777062346841672
55.361,1776414566.707000000,/odom.pose.pose.position.x,-0.18777062182836368
55.366,1776414566.712000000,/odom.pose.pose.position.x,-0.18777059654137182
55.41,1776414566.756000000,/odom.pose.pose.position.x,-0.18777059793404674
55.41,1776414566.756000000,/odom.pose.pose.position.x,-0.18777059819100844
55.428,1776414566.774000000,/odom.pose.pose.position.x,-0.18777059524237422
55.448,1776414566.794000000,/odom.pose.pose.position.x,-0.1877705927521704
55.469,1776414566.815000000,/odom.pose.pose.position.x,-0.1877706913742245
55.496,1776414566.842000000,/odom.pose.pose.position.x,-0.1877706961456914
55.502,1776414566.848000000,/odom.pose.pose.position.x,-0.18777069616251266
55.542,1776414566.888000000,/odom.pose.pose.position.x,-0.1877706979393288
55.549,1776414566.895000000,/odom.pose.pose.position.x,-0.18777069283922546
55.565,1776414566.911000000,/odom.pose.pose.position.x,-0.18777071673042525
55.584,1776414566.930000000,/odom.pose.pose.position.x,-0.18777071781205001
55.614,1776414566.960000000,/odom.pose.pose.position.x,-0.18777071808329096
55.629,1776414566.975000000,/odom.pose.pose.position.x,-0.18777071800823233
55.645,1776414566.991000000,/odom.pose.pose.position.x,-0.18777071186424515
55.662,1776414567.008000000,/odom.pose.pose.position.x,-0.18777112114015748
55.682,1776414567.028000000,/odom.pose.pose.position.x,-0.1877711226246039
55.705,1776414567.051000000,/odom.pose.pose.position.x,-0.18777112367339233
55.738,1776414567.084000000,/odom.pose.pose.position.x,-0.18777112506495539
55.74,1776414567.086000000,/odom.pose.pose.position.x,-0.18777112647117614
55.765,1776414567.111000000,/odom.pose.pose.position.x,-0.18777084294062923
55.785,1776414567.131000000,/odom.pose.pose.position.x,-0.18777084106428932
55.803,1776414567.149000000,/odom.pose.pose.position.x,-0.18777083994557367
55.827,1776414567.173000000,/odom.pose.pose.position.x,-0.18777083913772946
55.845,1776414567.191000000,/odom.pose.pose.position.x,-0.18777084085237267
55.864,1776414567.210000000,/odom.pose.pose.position.x,-0.18777118133440826
55.882,1776414567.228000000,/odom.pose.pose.position.x,-0.18777118473698218
55.9,1776414567.246000000,/odom.pose.pose.position.x,-0.18777118672131485
55.922,1776414567.268000000,/odom.pose.pose.position.x,-0.18777118688907948
55.943,1776414567.289000000,/odom.pose.pose.position.x,-0.18777118827338174
55.96,1776414567.306000000,/odom.pose.pose.position.x,-0.18777093979558246
55.982,1776414567.328000000,/odom.pose.pose.position.x,-0.1877709387940325
56,1776414567.346000000,/odom.pose.pose.position.x,-0.18777093827341673
56.024,1776414567.370000000,/odom.pose.pose.position.x,-0.1877709361363977
56.042,1776414567.388000000,/odom.pose.pose.position.x,-0.187770937295226
56.061,1776414567.407000000,/odom.pose.pose.position.x,-0.1877712266900124
56.082,1776414567.428000000,/odom.pose.pose.position.x,-0.18777123013831468
56.1,1776414567.446000000,/odom.pose.pose.position.x,-0.18777123143639202
56.155,1776414567.501000000,/odom.pose.pose.position.x,-0.18777123131179718
56.156,1776414567.502000000,/odom.pose.pose.position.x,-0.18777123241237992
56.165,1776414567.511000000,/odom.pose.pose.position.x,-0.18777113236646695
56.186,1776414567.532000000,/odom.pose.pose.position.x,-0.1877711315941347
56.202,1776414567.548000000,/odom.pose.pose.position.x,-0.18777113009838442
56.225,1776414567.571000000,/odom.pose.pose.position.x,-0.18777112831816029
56.245,1776414567.591000000,/odom.pose.pose.position.x,-0.18777112647951985
56.267,1776414567.613000000,/odom.pose.pose.position.x,-0.18777083416642643
56.282,1776414567.628000000,/odom.pose.pose.position.x,-0.18777083040396025
56.303,1776414567.649000000,/odom.pose.pose.position.x,-0.18777082864562258
56.325,1776414567.671000000,/odom.pose.pose.position.x,-0.18777082921731003
56.351,1776414567.697000000,/odom.pose.pose.position.x,-0.1877708302679841
56.362,1776414567.708000000,/odom.pose.pose.position.x,-0.18777099318118265
56.383,1776414567.729000000,/odom.pose.pose.position.x,-0.18777099461699961
56.405,1776414567.751000000,/odom.pose.pose.position.x,-0.1877709961395091
56.427,1776414567.773000000,/odom.pose.pose.position.x,-0.1877709960927915
56.448,1776414567.794000000,/odom.pose.pose.position.x,-0.18777099393991772
56.461,1776414567.807000000,/odom.pose.pose.position.x,-0.18777100061403015
56.489,1776414567.835000000,/odom.pose.pose.position.x,-0.18777100067234082
56.504,1776414567.850000000,/odom.pose.pose.position.x,-0.18777099371090644
56.534,1776414567.880000000,/odom.pose.pose.position.x,-0.1877709827328875
56.551,1776414567.897000000,/odom.pose.pose.position.x,-0.18777098744149665
56.561,1776414567.907000000,/odom.pose.pose.position.x,-0.18777092033088302
56.582,1776414567.928000000,/odom.pose.pose.position.x,-0.18777092197606673
56.602,1776414567.948000000,/odom.pose.pose.position.x,-0.1877709211755174
56.623,1776414567.969000000,/odom.pose.pose.position.x,-0.18777092255452374
56.661,1776414568.007000000,/odom.pose.pose.position.x,-0.1877709228524432
56.663,1776414568.009000000,/odom.pose.pose.position.x,-0.1877710553172487
56.685,1776414568.031000000,/odom.pose.pose.position.x,-0.18777105352787976
56.702,1776414568.048000000,/odom.pose.pose.position.x,-0.1877710556351544
56.725,1776414568.071000000,/odom.pose.pose.position.x,-0.1877710568676135
56.745,1776414568.091000000,/odom.pose.pose.position.x,-0.18777105738118102
56.765,1776414568.111000000,/odom.pose.pose.position.x,-0.18777136337154537
56.788,1776414568.134000000,/odom.pose.pose.position.x,-0.1877713667671231
56.803,1776414568.149000000,/odom.pose.pose.position.x,-0.18777136924364532
56.827,1776414568.173000000,/odom.pose.pose.position.x,-0.1877713678615072
56.845,1776414568.191000000,/odom.pose.pose.position.x,-0.18777136772186656
56.867,1776414568.213000000,/odom.pose.pose.position.x,-0.18777143628471818
56.885,1776414568.231000000,/odom.pose.pose.position.x,-0.18777143752950196
56.902,1776414568.248000000,/odom.pose.pose.position.x,-0.18777143852737066
56.925,1776414568.271000000,/odom.pose.pose.position.x,-0.1877714390114142
56.945,1776414568.291000000,/odom.pose.pose.position.x,-0.18777143949747274
56.961,1776414568.307000000,/odom.pose.pose.position.x,-0.18777143956205947
56.984,1776414568.330000000,/odom.pose.pose.position.x,-0.18777143999474724
57.004,1776414568.350000000,/odom.pose.pose.position.x,-0.1877714403822509
57.023,1776414568.369000000,/odom.pose.pose.position.x,-0.18777143912162148
57.045,1776414568.391000000,/odom.pose.pose.position.x,-0.18777143844560062
57.075,1776414568.421000000,/odom.pose.pose.position.x,-0.18777118171222712
57.09,1776414568.436000000,/odom.pose.pose.position.x,-0.18777117970591284
57.101,1776414568.447000000,/odom.pose.pose.position.x,-0.18777117976602797
57.125,1776414568.471000000,/odom.pose.pose.position.x,-0.18777117980733624
57.146,1776414568.492000000,/odom.pose.pose.position.x,-0.1877711804143267
57.168,1776414568.514000000,/odom.pose.pose.position.x,-0.18777097719004882
57.188,1776414568.534000000,/odom.pose.pose.position.x,-0.18777097488519134
57.201,1776414568.547000000,/odom.pose.pose.position.x,-0.18777097501134404
57.224,1776414568.570000000,/odom.pose.pose.position.x,-0.18777097400893708
57.246,1776414568.592000000,/odom.pose.pose.position.x,-0.18777097373473392
57.271,1776414568.617000000,/odom.pose.pose.position.x,-0.18777094913599324
57.285,1776414568.631000000,/odom.pose.pose.position.x,-0.18777094930341606
57.301,1776414568.647000000,/odom.pose.pose.position.x,-0.18777094976211137
57.325,1776414568.671000000,/odom.pose.pose.position.x,-0.18777095010584716
57.344,1776414568.690000000,/odom.pose.pose.position.x,-0.18777095074569583
57.37,1776414568.716000000,/odom.pose.pose.position.x,-0.18777073082431542
57.385,1776414568.731000000,/odom.pose.pose.position.x,-0.18777072930881963
57.401,1776414568.747000000,/odom.pose.pose.position.x,-0.18777072908706383
57.425,1776414568.771000000,/odom.pose.pose.position.x,-0.1877707289191754
57.447,1776414568.793000000,/odom.pose.pose.position.x,-0.18777072838309972
57.475,1776414568.821000000,/odom.pose.pose.position.x,-0.1877708575369418
57.485,1776414568.831000000,/odom.pose.pose.position.x,-0.18777085356823028
57.5,1776414568.846000000,/odom.pose.pose.position.x,-0.18777085601480675
57.524,1776414568.870000000,/odom.pose.pose.position.x,-0.18777085676131888
57.55,1776414568.896000000,/odom.pose.pose.position.x,-0.18777085742247487
57.566,1776414568.912000000,/odom.pose.pose.position.x,-0.18777077089011848
57.586,1776414568.932000000,/odom.pose.pose.position.x,-0.1877707697552707
57.6,1776414568.946000000,/odom.pose.pose.position.x,-0.1877707682798258
57.624,1776414568.970000000,/odom.pose.pose.position.x,-0.18777076832621264
57.644,1776414568.990000000,/odom.pose.pose.position.x,-0.1877707691096157
57.662,1776414569.008000000,/odom.pose.pose.position.x,-0.18777044287488268
57.683,1776414569.029000000,/odom.pose.pose.position.x,-0.18777044024236395
57.702,1776414569.048000000,/odom.pose.pose.position.x,-0.18777043970483054
57.721000000000004,1776414569.067000000,/odom.pose.pose.position.x,-0.18777043955481493
57.742,1776414569.088000000,/odom.pose.pose.position.x,-0.18777043982469122
57.774,1776414569.120000000,/odom.pose.pose.position.x,-0.187770560686056
57.785,1776414569.131000000,/odom.pose.pose.position.x,-0.18777056164167724
57.802,1776414569.148000000,/odom.pose.pose.position.x,-0.18777056220873978
57.824,1776414569.170000000,/odom.pose.pose.position.x,-0.18777056231754852
57.845,1776414569.191000000,/odom.pose.pose.position.x,-0.18777056284062071
57.863,1776414569.209000000,/odom.pose.pose.position.x,-0.18777063242775197
57.885,1776414569.231000000,/odom.pose.pose.position.x,-0.18777063340473085
57.904,1776414569.250000000,/odom.pose.pose.position.x,-0.18777063381747672
57.922,1776414569.268000000,/odom.pose.pose.position.x,-0.1877706339622059
57.942,1776414569.288000000,/odom.pose.pose.position.x,-0.18777063413486048
57.963,1776414569.309000000,/odom.pose.pose.position.x,-0.1877707773929424
57.996,1776414569.342000000,/odom.pose.pose.position.x,-0.18777077885836077
58.008,1776414569.354000000,/odom.pose.pose.position.x,-0.18777077928208263
58.025,1776414569.371000000,/odom.pose.pose.position.x,-0.18777077949087914
58.045,1776414569.391000000,/odom.pose.pose.position.x,-0.18777077978236326
58.066,1776414569.412000000,/odom.pose.pose.position.x,-0.1877709911721147
58.087,1776414569.433000000,/odom.pose.pose.position.x,-0.18777099319521026
58.102,1776414569.448000000,/odom.pose.pose.position.x,-0.1877709940122026
58.126,1776414569.472000000,/odom.pose.pose.position.x,-0.18777099428182928
58.145,1776414569.491000000,/odom.pose.pose.position.x,-0.1877709946078798
58.163,1776414569.509000000,/odom.pose.pose.position.x,-0.18777089264399138
58.189,1776414569.535000000,/odom.pose.pose.position.x,-0.1877708917318383
58.204,1776414569.550000000,/odom.pose.pose.position.x,-0.18777089157897414
58.225,1776414569.571000000,/odom.pose.pose.position.x,-0.18777089160652083
58.245,1776414569.591000000,/odom.pose.pose.position.x,-0.1877708916140897
58.261,1776414569.607000000,/odom.pose.pose.position.x,-0.18777098003935674
58.292,1776414569.638000000,/odom.pose.pose.position.x,-0.1877709807258907
58.302,1776414569.648000000,/odom.pose.pose.position.x,-0.18777098115845925
58.325,1776414569.671000000,/odom.pose.pose.position.x,-0.18777098127409222
58.342,1776414569.688000000,/odom.pose.pose.position.x,-0.18777098153883126
58.36,1776414569.706000000,/odom.pose.pose.position.x,-0.18777143639988078
58.388,1776414569.734000000,/odom.pose.pose.position.x,-0.18777144007907293
58.603,1776414569.949000000,/odom.pose.pose.position.x,-0.1877714411662036
58.603,1776414569.949000000,/odom.pose.pose.position.x,-0.1877714420417001
58.604,1776414569.950000000,/odom.pose.pose.position.x,-0.1877714416403184
58.604,1776414569.950000000,/odom.pose.pose.position.x,-0.1877711450796087
58.604,1776414569.950000000,/odom.pose.pose.position.x,-0.18777114203136755
58.607,1776414569.953000000,/odom.pose.pose.position.x,-0.18777114150237456
58.607,1776414569.953000000,/odom.pose.pose.position.x,-0.18777114117880284
58.607,1776414569.953000000,/odom.pose.pose.position.x,-0.18777114130929748
58.607,1776414569.953000000,/odom.pose.pose.position.x,-0.18777132748684938
58.607,1776414569.953000000,/odom.pose.pose.position.x,-0.18777132901883603
58.607,1776414569.953000000,/odom.pose.pose.position.x,-0.18777132961099144
58.625,1776414569.971000000,/odom.pose.pose.position.x,-0.18777132965203103
58.644,1776414569.990000000,/odom.pose.pose.position.x,-0.18777132999009657
58.661,1776414570.007000000,/odom.pose.pose.position.x,-0.18777119868644293
58.684,1776414570.030000000,/odom.pose.pose.position.x,-0.18777119758502225
58.707,1776414570.053000000,/odom.pose.pose.position.x,-0.18777119736956663
58.724,1776414570.070000000,/odom.pose.pose.position.x,-0.18777119691645006
58.745,1776414570.091000000,/odom.pose.pose.position.x,-0.18777119686665553
58.764,1776414570.110000000,/odom.pose.pose.position.x,-0.18777077250648846
58.786,1776414570.132000000,/odom.pose.pose.position.x,-0.18777076882054858
58.827,1776414570.173000000,/odom.pose.pose.position.x,-0.1877707674185666
58.827,1776414570.173000000,/odom.pose.pose.position.x,-0.18777076663331005
58.844,1776414570.190000000,/odom.pose.pose.position.x,-0.18777076629030645
58.863,1776414570.209000000,/odom.pose.pose.position.x,-0.18777109949675516
58.885,1776414570.231000000,/odom.pose.pose.position.x,-0.18777110203624792
58.906,1776414570.252000000,/odom.pose.pose.position.x,-0.18777110301972144
58.936,1776414570.282000000,/odom.pose.pose.position.x,-0.1877711034369681
58.942,1776414570.288000000,/odom.pose.pose.position.x,-0.1877711036650351
58.965,1776414570.311000000,/odom.pose.pose.position.x,-0.18777126582433895
58.993,1776414570.339000000,/odom.pose.pose.position.x,-0.1877712673011441
59.009,1776414570.355000000,/odom.pose.pose.position.x,-0.18777126762094795
59.022,1776414570.368000000,/odom.pose.pose.position.x,-0.18777126776207717
59.042,1776414570.388000000,/odom.pose.pose.position.x,-0.18777126793816123
59.065,1776414570.411000000,/odom.pose.pose.position.x,-0.18777146956302948
59.085,1776414570.431000000,/odom.pose.pose.position.x,-0.18777147144750245
59.101,1776414570.447000000,/odom.pose.pose.position.x,-0.18777147213079795
59.125,1776414570.471000000,/odom.pose.pose.position.x,-0.1877714724085603
59.148,1776414570.494000000,/odom.pose.pose.position.x,-0.1877714725609599
59.18,1776414570.526000000,/odom.pose.pose.position.x,-0.18777123399178575
59.189,1776414570.535000000,/odom.pose.pose.position.x,-0.1877712320045975
59.203,1776414570.549000000,/odom.pose.pose.position.x,-0.18777123154506176
59.225,1776414570.571000000,/odom.pose.pose.position.x,-0.18777123109171726
59.245,1776414570.591000000,/odom.pose.pose.position.x,-0.187771231098755
59.263,1776414570.609000000,/odom.pose.pose.position.x,-0.18777137154962997
59.289,1776414570.635000000,/odom.pose.pose.position.x,-0.18777137270696492
59.306,1776414570.652000000,/odom.pose.pose.position.x,-0.1877713732218088
59.325,1776414570.671000000,/odom.pose.pose.position.x,-0.18777137337878258
59.345,1776414570.691000000,/odom.pose.pose.position.x,-0.1877713735596202
59.363,1776414570.709000000,/odom.pose.pose.position.x,-0.18777141277837067
59.382,1776414570.728000000,/odom.pose.pose.position.x,-0.18777141311916146
59.399,1776414570.745000000,/odom.pose.pose.position.x,-0.18777141322853932
59.425,1776414570.771000000,/odom.pose.pose.position.x,-0.1877714132812034
59.446,1776414570.792000000,/odom.pose.pose.position.x,-0.1877714133848162
59.462,1776414570.808000000,/odom.pose.pose.position.x,-0.18777102728745065
59.482,1776414570.828000000,/odom.pose.pose.position.x,-0.18777102392330833
59.501,1776414570.847000000,/odom.pose.pose.position.x,-0.1877710229091097
59.525,1776414570.871000000,/odom.pose.pose.position.x,-0.18777102244760724
59.545,1776414570.891000000,/odom.pose.pose.position.x,-0.1877710224046827
59.562,1776414570.908000000,/odom.pose.pose.position.x,-0.18777138103975466
59.581,1776414570.927000000,/odom.pose.pose.position.x,-0.1877713838412793
59.602,1776414570.948000000,/odom.pose.pose.position.x,-0.18777138478894406
59.625,1776414570.971000000,/odom.pose.pose.position.x,-0.18777138511579797
59.645,1776414570.991000000,/odom.pose.pose.position.x,-0.18777138535841245
59.661,1776414571.007000000,/odom.pose.pose.position.x,-0.18777148317034245
59.681,1776414571.027000000,/odom.pose.pose.position.x,-0.1877714840284913
59.7,1776414571.046000000,/odom.pose.pose.position.x,-0.18777148434921442
59.726,1776414571.072000000,/odom.pose.pose.position.x,-0.1877714843880429
59.746,1776414571.092000000,/odom.pose.pose.position.x,-0.18777148446709355
59.762,1776414571.108000000,/odom.pose.pose.position.x,-0.18777154050187508
59.782,1776414571.128000000,/odom.pose.pose.position.x,-0.18777154093586693
59.801,1776414571.147000000,/odom.pose.pose.position.x,-0.18777154112249855
59.828,1776414571.174000000,/odom.pose.pose.position.x,-0.187771541118815
59.845,1776414571.191000000,/odom.pose.pose.position.x,-0.18777154123804024
59.862,1776414571.208000000,/odom.pose.pose.position.x,-0.18777147164856806
59.882,1776414571.228000000,/odom.pose.pose.position.x,-0.1877714710859493
59.91,1776414571.256000000,/odom.pose.pose.position.x,-0.18777147092233942
59.941,1776414571.287000000,/odom.pose.pose.position.x,-0.18777147081925563
59.945,1776414571.291000000,/odom.pose.pose.position.x,-0.18777147086012594
59.966,1776414571.312000000,/odom.pose.pose.position.x,-0.1877717878798814
59.987,1776414571.333000000,/odom.pose.pose.position.x,-0.1877717904819656
60.001,1776414571.347000000,/odom.pose.pose.position.x,-0.18777179121276485
60.029,1776414571.375000000,/odom.pose.pose.position.x,-0.1877717914906669
60.045,1776414571.391000000,/odom.pose.pose.position.x,-0.18777179172506736
60.063,1776414571.409000000,/odom.pose.pose.position.x,-0.1877716101895008
60.084,1776414571.430000000,/odom.pose.pose.position.x,-0.1877716086742458
60.101,1776414571.447000000,/odom.pose.pose.position.x,-0.18777160825170722
60.125,1776414571.471000000,/odom.pose.pose.position.x,-0.1877716080527983
60.148,1776414571.494000000,/odom.pose.pose.position.x,-0.1877716080108046
60.163,1776414571.509000000,/odom.pose.pose.position.x,-0.1877716732397373
60.185,1776414571.531000000,/odom.pose.pose.position.x,-0.18777167374996284
60.201,1776414571.547000000,/odom.pose.pose.position.x,-0.18777167395985173
60.222,1776414571.568000000,/odom.pose.pose.position.x,-0.1877716739730636
60.242,1776414571.588000000,/odom.pose.pose.position.x,-0.18777167403700304
60.26,1776414571.606000000,/odom.pose.pose.position.x,-0.18777163266793168
60.283,1776414571.629000000,/odom.pose.pose.position.x,-0.18777163229894236
60.3,1776414571.646000000,/odom.pose.pose.position.x,-0.1877716322588755
60.322,1776414571.668000000,/odom.pose.pose.position.x,-0.18777163220858029
60.341,1776414571.687000000,/odom.pose.pose.position.x,-0.1877716322403144
60.361,1776414571.707000000,/odom.pose.pose.position.x,-0.18777153530374588
60.383,1776414571.729000000,/odom.pose.pose.position.x,-0.18777153451540754
60.403,1776414571.749000000,/odom.pose.pose.position.x,-0.18777153430714427
60.423,1776414571.769000000,/odom.pose.pose.position.x,-0.1877715341547701
60.447,1776414571.793000000,/odom.pose.pose.position.x,-0.18777153416668804
60.464,1776414571.810000000,/odom.pose.pose.position.x,-0.18777169992924098
60.482,1776414571.828000000,/odom.pose.pose.position.x,-0.18777170133810953
60.501,1776414571.847000000,/odom.pose.pose.position.x,-0.1877717017522623
60.528,1776414571.874000000,/odom.pose.pose.position.x,-0.1877717018903324
60.545,1776414571.891000000,/odom.pose.pose.position.x,-0.18777170200878435
60.566,1776414571.912000000,/odom.pose.pose.position.x,-0.18777150289633818
60.584,1776414571.930000000,/odom.pose.pose.position.x,-0.18777150131823162
60.6,1776414571.946000000,/odom.pose.pose.position.x,-0.1877715008214819
60.625,1776414571.971000000,/odom.pose.pose.position.x,-0.18777150056244732
